Year,Ticker,MedianDollarVolume
2011,SPY,21300259166.0
2011,IWM,4492851971.0
2011,AAPL,4391122778.0
2011,QQQ,2399985068.0
2011,EEM,2103171585.0
2011,GLD,1730173061.0
2011,BAC,1637481697.0
2011,XLE,1610894659.0
2011,C,1607456027.0
2011,XOM,1422031350.0
2011,JPM,1324091505.0
2011,BIDU,1245669239.0
2011,MSFT,1212575946.0
2011,XLF,1185875940.0
2011,GOOG,1185498371.0
2011,EFA,1148460378.0
2011,SINA,1098921756.0
2011,INTC,1046665447.0
2011,CSCO,1030401380.0
2011,WFC,999924024.0
2011,SLV,966763499.0
2011,GE,874307358.0
2011,FCX,864121908.0
2011,NFLX,852308671.0
2011,EWZ,844635474.0
2011,ORCL,809907803.0
2011,F,808350681.0
2011,CAT,800091518.0
2011,AMZN,770598674.0
2011,RIMM,768598294.0
2011,PFE,760281239.0
2011,TLT,757275763.0
2011,TNA,748456613.0
2011,GS,745483568.0
2011,CVX,733882787.0
2011,IBM,717137362.0
2011,VWO,708582128.0
2011,XLI,698963990.0
2011,OIH,685328946.0
2011,TZA,682596356.0
2011,QCOM,639751830.0
2011,JNJ,628382521.0
2011,VXX,623158104.0
2011,SLB,606115219.0
2011,WMT,600853333.0
2011,DIA,599145796.0
2011,SSO,596231012.0
2011,FXI,586714512.0
2011,XRT,579833951.0
2011,HPQ,568493542.0
2011,PG,555909984.0
2011,IYR,554299765.0
2011,FAZ,550660111.0
2011,T,548342893.0
2011,GDX,542248140.0
2011,HAL,539599617.0
2011,FAS,528464297.0
2011,XLB,527224393.0
2011,LVS,513254900.0
2011,MOS,508383299.0
2011,COP,505094957.0
2011,PCLN,468836766.0
2011,SDS,468612860.0
2011,KO,463849815.0
2011,EMC,460182977.0
2011,VZ,445127487.0
2011,PLD,434710469.0
2011,V,432513561.0
2011,MCD,423211656.0
2011,PM,413805876.0
2011,PBR,413678936.0
2011,IVV,398379029.0
2011,OXY,394893473.0
2011,VALE,392673085.0
2011,USO,389982180.0
2011,EBAY,389438862.0
2011,GM,387256311.0
2011,HD,387190463.0
2011,LOW,386316114.0
2011,DE,385090828.0
2011,POT,383922858.0
2011,MDY,375491287.0
2011,MRK,373747620.0
2011,CMCSA,371678707.0
2011,DIS,370040165.0
2011,MS,365667794.0
2011,MRO,358230709.0
2011,UNH,353950206.0
2011,UTX,352940882.0
2011,PEP,352873368.0
2011,XOP,348046650.0
2011,DELL,346562285.0
2011,DOW,329680645.0
2011,XLY,329141540.0
2011,AXP,329114241.0
2011,MU,326254825.0
2011,YHOO,323846283.0
2011,BRKB,321262580.0
2011,BHI,319504315.0
2011,AWAY,318951365.0
2011,JNPR,318499110.0
2011,CMI,316863344.0
2011,TBT,316446537.0
2011,CF,312502825.0
2011,ABX,311734620.0
2011,XME,309410632.0
2011,XLV,307508877.0
2011,APC,306431527.0
2011,ABT,306306879.0
2011,XLP,304654162.0
2011,ANR,302733732.0
2011,MO,302698423.0
2011,CLF,299505457.0
2011,X,298204619.0
2011,USB,294203544.0
2011,BA,293992250.0
2011,UPS,293804504.0
2011,QLD,292591943.0
2011,MCP,287742180.0
2011,NEM,286919947.0
2011,MET,286495133.0
2011,DD,285522983.0
2011,TGT,284577791.0
2011,AIG,284370885.0
2011,QID,283846680.0
2011,AA,279550258.0
2011,APA,279465526.0
2011,SMH,274386308.0
2011,SLW,273857508.0
2011,GG,273786128.0
2011,BMY,271637378.0
2011,CRM,270870706.0
2011,CVS,269385341.0
2011,BHP,267575787.0
2011,EMR,266814384.0
2011,TXN,266390501.0
2011,WAG,265589225.0
2011,SNDK,264722750.0
2011,NVDA,262301462.0
2011,AMGN,261690893.0
2011,NOV,259176966.0
2011,TWX,256350638.0
2011,UNP,254975634.0
2011,NLY,253817105.0
2011,NWSA,253555421.0
2011,HES,253428758.0
2011,RIG,250000000.0
2011,LO,249851158.0
2011,BP,248480288.0
2011,MMM,248136193.0
2011,EOG,246529474.0
2011,MA,246314637.0
2011,WOOF,246035942.0
2011,WYNN,244356305.0
2011,MGM,243288975.0
2011,KFT,242752351.0
2011,ERX,238174558.0
2011,PNC,238039320.0
2011,AGQ,234116647.0
2011,CL,233913158.0
2011,S,233660201.0
2011,ACN,232009167.0
2011,XLK,231205217.0
2011,LLY,230114661.0
2011,GILD,230011836.0
2011,EWJ,228243336.0
2011,NTAP,226712361.0
2011,NKE,225506330.0
2011,FFIV,224506800.0
2011,MDT,223687404.0
2011,BRCM,222819625.0
2011,MON,221442935.0
2011,AMX,220501710.0
2011,GLW,219832508.0
2011,WFT,219693181.0
2011,BBY,219412587.0
2011,SBUX,218339694.0
2011,NOK,218275098.0
2011,DVN,217961644.0
2011,DTV,215670908.0
2011,ITUB,214032902.0
2011,SU,212909678.0
2011,CHK,211869461.0
2011,CBS,210466040.0
2011,FDX,209977727.0
2011,FXE,209410411.0
2011,LULU,208039927.0
2011,M,207921149.0
2011,HON,206447857.0
2011,ESRX,205738508.0
2011,PRU,205221455.0
2011,DHR,204031567.0
2011,BIIB,203634379.0
2011,TWM,202760230.0
2011,VLO,202394809.0
2011,TSM,201892997.0
2011,COF,201825315.0
2011,VHS,201175487.0
2011,CSX,200562543.0
2011,CMG,200174534.0
2011,VIAB,198739065.0
2011,TRV,198737871.0
2011,CAM,198295030.0
2011,BK,197802421.0
2011,TOT,195450206.0
2011,KR,195344099.0
2011,CTSH,193586622.0
2011,AMAT,189642361.0
2011,KSS,188580435.0
2011,TEVA,188572559.0
2011,WLP,188548192.0
2011,XLU,187824002.0
2011,ADM,186675437.0
2011,EP,186259114.0
2011,SPG,184331604.0
2011,FSLR,183548620.0
2011,ZSL,183161801.0
2011,IP,182516990.0
2011,WLT,182409542.0
2011,ACI,182394724.0
2011,BAX,180912641.0
2011,RIO,180085116.0
2011,EWY,178400670.0
2011,WMB,178068073.0
2011,SPLS,178001982.0
2011,COST,176795490.0
2011,COH,176246957.0
2011,LYB,174604067.0
2011,EXC,173481265.0
2011,MHS,172773505.0
2011,HOT,171740066.0
2011,LMT,171440191.0
2011,MRVL,171393888.0
2011,SOHU,171217094.0
2011,TJX,170973494.0
2011,VMW,170699146.0
2011,AMB,170503054.0
2011,YUM,169035368.0
2011,ETN,168857020.0
2011,BBBY,166622242.0
2011,JCP,166373144.0
2011,EWT,163788093.0
2011,ALTR,163370941.0
2011,YOKU,163138263.0
2011,MCK,162907762.0
2011,A,161971440.0
2011,IWO,161963067.0
2011,VOD,159768055.0
2011,AFL,159182210.0
2011,SCHW,159074474.0
2011,SWN,159040038.0
2011,AET,158783502.0
2011,TYC,157741609.0
2011,TYC,157741609.0
2011,DFS,157526427.0
2011,ESV,157310652.0
2011,FRX,157198348.0
2011,ADBE,156394847.0
2011,NSC,156041323.0
2011,CCL,156005317.0
2011,PBRA,154736227.0
2011,NVS,153631353.0
2011,SUG,153160626.5
2011,GMCR,153066203.0
2011,SYMC,152554235.0
2011,CTL,151134450.0
2011,PH,150081735.0
2011,VALEP,148944378.0
2011,STT,148835699.0
2011,ANF,148439230.0
2011,GIS,148036024.0
2011,AKAM,147930785.0
2011,FITB,147519117.0
2011,TCK,147221024.0
2011,UNG,146438799.0
2011,LZ,146200611.0
2011,JOYG,145508952.0
2011,AGNC,143974892.0
2011,COV,143585338.0
2011,COCO,143423640.0
2011,TWC,143265335.0
2011,RATE,143124224.0
2011,ADP,142912338.0
2011,NUE,142714982.0
2011,CTXS,142489559.0
2011,STJ,142025781.0
2011,IR,142010822.0
2011,BBD,142009445.0
2011,ITW,141427736.0
2011,AMT,141419323.0
2011,WLL,140216058.0
2011,PX,140100726.0
2011,BBT,139846336.0
2011,SIRI,139410588.0
2011,AGN,139177058.0
2011,LTD,138292358.0
2011,NYX,137990039.0
2011,NBR,137378575.0
2011,NOC,136942306.0
2011,KMB,135785500.0
2011,IWN,135338796.0
2011,EWW,135280505.0
2011,CU,135232469.5
2011,CELG,134949342.0
2011,NFX,134758136.0
2011,XLNX,133544806.0
2011,RL,133244374.0
2011,AGU,133059835.0
2011,VSEA,131762368.0
2011,HYG,131735102.0
2011,AMD,131411461.0
2011,MSI,131392464.0
2011,TMO,131005250.0
2011,HBC,129308978.0
2011,STI,129008780.0
2011,STX,128604829.0
2011,CI,128417492.0
2011,EWA,127963331.0
2011,GRB,127716702.0
2011,ADSK,127428084.0
2011,GPS,127051872.0
2011,UAL,126593642.0
2011,MAR,126550530.0
2011,VTI,125668857.0
2011,DO,125264382.0
2011,JNK,125115998.0
2011,DUK,125088798.0
2011,IWF,125039344.0
2011,LIFE,124752916.0
2011,SKF,124727994.0
2011,RSX,124522178.0
2011,CEPH,124036472.0
2011,RVBD,123810818.0
2011,GD,123518425.0
2011,ICO,122986186.5
2011,TBL,122961026.5
2011,RDSA,122902375.0
2011,INTU,122676389.0
2011,SWK,122404908.0
2011,BLK,122404844.0
2011,CB,122239947.0
2011,MDMD,121534989.0
2011,SO,121088390.0
2011,CNQ,121079712.0
2011,SEP,121025763.0
2011,TIF,120917314.0
2011,PPL,120901397.0
2011,HK,120536407.0
2011,APKT,120076674.0
2011,EXPE,120044756.0
2011,SH,119298722.0
2011,CNX,118913391.0
2011,TROW,118653158.0
2011,TIN,118120742.0
2011,GR,118058170.0
2011,CME,117940762.0
2011,CIEN,117818648.0
2011,AVB,117521765.0
2011,WHR,117249766.0
2011,JWN,117193668.0
2011,RF,117090849.0
2011,SEMG,116570691.0
2011,HST,116393917.0
2011,D,116304542.0
2011,JDSU,116205486.0
2011,BXP,115989960.0
2011,APD,115980103.0
2011,HNZ,115712681.0
2011,MT,115106557.0
2011,KBE,115011511.0
2011,ATI,114583295.0
2011,PCAR,114531715.0
2011,EQR,114487905.0
2011,DAL,114089776.0
2011,ACE,113537069.0
2011,QUAD,113417658.0
2011,ALU,112663774.0
2011,CVC,112435984.0
2011,HOC,112400413.0
2011,PXD,112357850.0
2011,ECA,112331459.0
2011,CREE,112282219.0
2011,NE,111549168.0
2011,AGG,111501958.0
2011,BWA,111475524.0
2011,ELMG,111282282.0
2011,VRTX,111171019.0
2011,ALL,110605549.0
2011,BEN,108916916.0
2011,IWD,108837679.0
2011,PAY,108493249.0
2011,PCG,108420429.0
2011,SWKS,108394673.0
2011,AKS,108140561.0
2011,CMCSK,108103244.0
2011,KGC,107471968.0
2011,CHMT,107400444.5
2011,VELT,106691750.0
2011,BIV,106625054.0
2011,SBH,106496414.0
2011,BSX,106231973.0
2011,BEXP,106059143.0
2011,PHG,105577435.0
2011,AZO,105481038.0
2011,VNQ,105256615.0
2011,DGX,105196868.0
2011,PCP,105163248.0
2011,VRX,104928304.0
2011,IJR,104523418.0
2011,IWL,104466944.0
2011,UUP,104045642.0
2011,WY,103587495.0
2011,COG,103467499.0
2011,NBL,103406970.0
2011,WDC,103386242.0
2011,HBHC,103049217.5
2011,IEF,103010981.0
2011,MCO,102658460.0
2011,CAH,102559688.0
2011,RCL,102507480.0
2011,CNU,102383856.0
2011,UYG,102192538.0
2011,FLR,102077527.0
2011,VNO,102036704.0
2011,SWY,101955740.0
2011,RTN,101806189.0
2011,ADI,101713193.0
2011,ERTS,101656174.0
2011,FE,101217387.0
2011,XL,100853023.0
2011,KRA,100625563.5
2011,WM,100576822.0
2011,MUR,100422394.0
2011,CE,100413602.0
2011,CVG,99775055.0
2011,ILMN,98378686.0
2011,NSM,98362773.0
2011,SUN,98300012.0
2011,AMP,98291021.0
2011,K,97952917.0
2011,SD,97534795.0
2011,PCX,97385133.0
2011,HIG,97252575.0
2011,SPXU,96881977.0
2011,XRX,96853701.0
2011,AEM,96316934.0
2011,LNKD,96210303.0
2011,CA,95998928.0
2011,HCP,95969589.0
2011,PPG,95625838.0
2011,SHY,95291802.0
2011,HUM,95196403.0
2011,THS,94204597.5
2011,BBL,93915490.0
2011,PWT,93768916.0
2011,WU,93757465.0
2011,SCCO,93632752.0
2011,CNP,92901710.0
2011,AEP,92860682.0
2011,MPEL,92823741.0
2011,UCO,92706101.0
2011,WFM,92597043.0
2011,FCN,92440553.0
2011,OMC,92381829.0
2011,TSO,92126976.0
2011,AVAV,91942431.0
2011,UA,91804002.0
2011,MOO,91763089.0
2011,LUV,91629479.0
2011,KIM,91429248.0
2011,PAYX,91268474.0
2011,MDP,90990696.0
2011,MYL,90787062.0
2011,ECL,90746823.0
2011,VRA,90663833.0
2011,AON,90515002.0
2011,FTO,90479315.0
2011,UPRO,90369232.0
2011,PBY,90359035.0
2011,EMN,90303218.0
2011,KEY,90268381.0
2011,ATML,90212550.0
2011,BGZ,90172203.0
2011,TZOO,89861585.0
2011,VTR,89822083.0
2011,IVZ,89225896.0
2011,PPA,88936683.0
2011,DRI,88877929.0
2011,AMMD,88798972.0
2011,KMX,88766062.0
2011,VFC,88723374.0
2011,SLE,88651955.0
2011,EL,88599929.0
2011,MMC,88584506.0
2011,GMF,88554978.0
2011,TXT,88473052.0
2011,CCX,88146868.0
2011,TPX,88130043.0
2011,ETR,87998274.0
2011,VMED,87883642.0
2011,HCN,87773746.0
2011,DNDN,87645790.0
2011,EXPR,87509594.0
2011,IOSP,87413048.0
2011,EXEL,87293886.5
2011,SAP,87186055.0
2011,NEE,87168919.0
2011,ZMH,87129357.0
2011,LNC,87125167.0
2011,BGU,86957708.0
2011,EBIX,86633170.0
2011,SYK,86593606.0
2011,OPEN,86541355.0
2011,CAG,86507882.0
2011,ISRG,86468920.0
2011,EXPD,85835884.0
2011,RAI,85614618.0
2011,RRC,85177817.0
2011,TSN,85117657.0
2011,PSEC,85079061.0
2011,NAV,84980608.0
2011,EXH,84964716.0
2011,SCO,84880472.0
2011,NSTC,84707874.0
2011,XHB,84315945.0
2011,SNY,84072486.0
2011,ARUN,84011839.0
2011,UWM,84006725.0
2011,CBD,83913431.5
2011,EWG,83731979.5
2011,RKT,83517714.0
2011,EWC,83515362.0
2011,DSW,83366539.0
2011,URBN,83067995.0
2011,SI,82903618.0
2011,GSG,82518391.0
2011,GME,82400483.0
2011,CCE,82108347.0
2011,ABC,82070033.0
2011,CTRP,82050832.0
2011,FOSL,81876347.5
2011,LQD,81853127.0
2011,GDXJ,81619638.0
2011,ABVT,81554787.0
2011,PSA,81551391.0
2011,ROST,81505925.0
2011,HOG,81467867.0
2011,CCJ,81403520.0
2011,EIX,81255916.0
2011,CLD,81130660.0
2011,GT,80926131.0
2011,ATVI,80651260.0
2011,PEG,80104600.0
2011,FNSR,79858026.0
2011,TDC,79794678.0
2011,RHT,79656997.0
2011,AUY,79501264.0
2011,DEM,79497801.0
2011,SE,79493790.0
2011,HCA,79465224.0
2011,BBEP,79448379.0
2011,FLS,79173170.0
2011,ARMH,78758690.0
2011,GRM,78754299.0
2011,WTNY,78603411.0
2011,SHW,78461542.0
2011,LRCX,78364818.0
2011,EVR,78224752.0
2011,ED,78163076.0
2011,IJH,78121091.0
2011,BUCY,77999605.0
2011,DOV,77732691.0
2011,MAT,77676403.0
2011,BAP,77605864.0
2011,INFY,77602205.0
2011,CMA,77600523.0
2011,XEC,77590006.0
2011,AVGO,77435221.0
2011,CHKP,77416565.0
2011,AL,77192613.0
2011,LINTA,77147949.0
2011,CSC,77129211.0
2011,SYY,77050387.0
2011,HBAN,77043806.0
2011,USG,76615441.0
2011,HI,76589277.0
2011,SLG,76499252.0
2011,MCHP,76368115.0
2011,MMI,76357958.0
2011,VRSN,76132774.0
2011,CYB,76032833.0
2011,EDC,75984355.0
2011,DST,75906415.0
2011,ROK,75887958.0
2011,DLTR,75572901.0
2011,KEM,75537019.0
2011,CBG,75275193.0
2011,DB,75256822.0
2011,RENN,75196049.0
2011,ABB,75036345.0
2011,VRNT,74824694.0
2011,JOSB,74606236.5
2011,LVLT,74587083.0
2011,DNR,74270620.0
2011,FMCN,74133192.0
2011,RTH,74028284.0
2011,ILF,73997297.0
2011,PLCM,73975079.0
2011,NWL,73855861.0
2011,THC,73775031.0
2011,DECK,73449004.0
2011,MHP,73431555.0
2011,SFSF,73339560.0
2011,PTEN,73270414.0
2011,AAP,72925248.0
2011,EWH,72858885.0
2011,MTB,72684503.0
2011,STD,72462133.0
2011,BRCD,72304655.0
2011,BPL,72267965.0
2011,DBC,72205399.0
2011,FTR,72164712.0
2011,KLAC,72041630.0
2011,WPO,72001443.0
2011,GWW,71997350.0
2011,BEC,71935804.0
2011,BND,71767920.0
2011,CCI,71755692.0
2011,CNK,71430074.5
2011,APOL,71386484.0
2011,WTW,71161296.5
2011,ALV,70974986.0
2011,CXO,70933856.0
2011,PCS,70560815.0
2011,TIBX,70557563.0
2011,AVP,70475240.0
2011,RAX,70338409.0
2011,TITN,70172684.0
2011,CIM,70138084.0
2011,GORO,70070436.0
2011,FDO,69629999.0
2011,HP,69229860.0
2011,GGB,69228118.0
2011,GSK,69214422.0
2011,AES,69202170.0
2011,BIL,69070176.5
2011,IPG,68867742.0
2011,CX,68733656.0
2011,MSM,68619036.0
2011,BRKR,68604944.0
2011,KIOR,68499810.0
2011,AMTD,68432351.0
2011,TRH,68426576.5
2011,LLTC,68405368.0
2011,SM,68352165.5
2011,IYM,68279060.0
2011,DLR,68261248.0
2011,OYOG,68156995.0
2011,ASCA,68041261.0
2011,ORLY,68015480.0
2011,MJN,67902165.0
2011,PGR,67893524.0
2011,AREX,67763922.0
2011,CPRT,67566439.0
2011,BDX,67511789.0
2011,SFD,67393697.0
2011,MAS,67208903.0
2011,ATK,67182085.0
2011,TEL,66614700.0
2011,FTI,66585112.0
2011,WPI,66546238.0
2011,RDC,66344227.0
2011,IART,66322732.0
2011,SOLR,66219074.0
2011,BG,66201863.0
2011,AHT,65935196.0
2011,GGP,65628867.0
2011,HAYN,65503610.0
2011,TRW,65431088.0
2011,BAM,65313526.5
2011,UTHR,65259302.0
2011,NNN,65228292.0
2011,FBT,65145952.0
2011,VSI,65144215.0
2011,GTLS,65011516.0
2011,OEF,65004941.0
2011,SYA,64965260.0
2011,EWBC,64889451.0
2011,SDRL,64744120.0
2011,REGN,64614602.0
2011,MDC,64236807.0
2011,TIP,64142315.0
2011,FXC,63964732.0
2011,WSM,63845439.0
2011,DISCA,63840005.0
2011,YPF,63818170.0
2011,HSP,63676137.0
2011,PIR,63672365.0
2011,FNGN,63641725.0
2011,IJT,63562567.0
2011,DDM,63440788.0
2011,PBCT,63340847.0
2011,CIU,63310858.0
2011,GES,63307453.0
2011,UNM,63216212.0
2011,PFG,63140233.0
2011,DPS,63025169.0
2011,DISH,62979667.0
2011,HRBN,62978027.0
2011,BKD,62971999.0
2011,NVLS,62942908.0
2011,SODA,62922209.5
2011,TCB,62795759.0
2011,SLRC,62685571.0
2011,GPRO,62595926.0
2011,IMO,62594806.5
2011,OI,62556842.0
2011,BPI,62543605.0
2011,FL,62523741.0
2011,ERIC,62518025.0
2011,AU,62236391.0
2011,RSG,62214153.5
2011,DVA,62125386.0
2011,FCEA,62098303.0
2011,RMBS,62028671.0
2011,JBL,61964332.0
2011,NXY,61964094.0
2011,CLX,61805968.0
2011,ENB,61717553.5
2011,SPWRB,61697047.0
2011,ESI,61663937.0
2011,MELI,61637068.0
2011,VRGY,61503567.0
2011,ULTA,61486014.0
2011,DIG,61447201.0
2011,GRFS,61443721.0
2011,ITT,61423394.0
2011,FST,61422434.0
2011,CLR,61398105.0
2011,IPXL,61388975.5
2011,OIL,61333564.0
2011,SJM,61327827.0
2011,AGCO,61150761.0
2011,TTMI,61103872.0
2011,RWR,61071507.0
2011,TD,61046388.0
2011,SPRD,61023570.0
2011,BMC,60908577.0
2011,VAR,60858759.0
2011,ICE,60714403.0
2011,BXS,60601236.0
2011,GSIC,60525057.0
2011,ARG,60490350.0
2011,LWSN,60427083.5
2011,CECO,60408301.0
2011,SLM,60394384.0
2011,SRE,60392584.0
2011,GFI,60367276.0
2011,SLGN,60198641.0
2011,WOR,60178595.0
2011,BSBR,60165418.5
2011,IBN,60073039.0
2011,TFX,60034460.0
2011,FSC,59966806.0
2011,BSFT,59953744.5
2011,NTRS,59940933.0
2011,CIT,59705420.0
2011,IAU,59686164.0
2011,ASML,59623812.0
2011,BBBB,59595715.0
2011,EPU,59410654.0
2011,VEA,59376981.5
2011,PVH,59316581.0
2011,IWB,59204842.0
2011,LNN,59146851.0
2011,SWI,58970906.0
2011,AFFX,58907994.0
2011,BVN,58905589.0
2011,LEN,58877036.0
2011,BCR,58850907.0
2011,VIXY,58697857.0
2011,LBTYA,58600098.0
2011,DANG,58592949.5
2011,CFFN,58585723.5
2011,UN,58500082.0
2011,PPO,58463724.5
2011,IGT,58456736.0
2011,COL,58429628.0
2011,BYD,58387962.0
2011,ADS,58357324.0
2011,MBB,58313142.5
2011,ABH,58281951.0
2011,BJ,58281471.5
2011,HANS,58193051.0
2011,CEDC,58137309.0
2011,CYBX,58130665.0
2011,CNI,57974602.0
2011,CHL,57945417.0
2011,CERN,57930559.0
2011,UYM,57825431.0
2011,PXP,57782354.5
2011,EW,57545213.0
2011,MSTR,57481376.5
2011,TTM,57256038.0
2011,CXW,57118469.0
2011,CMD,57114751.0
2011,GNW,57065213.0
2011,EPI,56950997.0
2011,FWLT,56903381.0
2011,NUVA,56902785.5
2011,CPB,56885250.0
2011,WAT,56742130.0
2011,LH,56729428.0
2011,INFA,56648207.0
2011,DBA,56636523.0
2011,PSCH,56482053.0
2011,IBB,56422658.5
2011,IVN,56389091.0
2011,FLEX,56382463.0
2011,UPL,56294050.0
2011,ZUMZ,56181151.0
2011,TFM,56163382.0
2011,JVA,56156881.0
2011,XRAY,56118651.0
2011,AIRM,56055691.0
2011,ACOM,56049085.0
2011,NYB,56025957.0
2011,SID,56014768.0
2011,DG,55995191.0
2011,HSY,55994564.0
2011,IWS,55927304.0
2011,FTNT,55849325.0
2011,SPWRA,55807491.0
2011,ETFC,55754179.0
2011,SWC,55730322.0
2011,INCY,55668009.0
2011,CDE,55661692.0
2011,AZN,55636235.0
2011,OVTI,55608968.0
2011,CODE,55606817.0
2011,XCO,55559534.5
2011,VRUS,55549431.5
2011,LM,55531968.0
2011,VECO,55229964.0
2011,QIHU,55185353.5
2011,CHRW,55122120.0
2011,HUN,55110585.0
2011,BMO,54983631.0
2011,MLU,54938917.5
2011,SHPGY,54870829.5
2011,UBS,54822328.0
2011,FIO,54776047.0
2011,SPHB,54721957.0
2011,NRG,54664199.0
2011,KRE,54647453.5
2011,GRMN,54646384.0
2011,FO,54632142.5
2011,CHTR,54621777.0
2011,EQT,54583195.0
2011,APH,54561809.5
2011,WRC,54554176.0
2011,ERY,54492544.0
2011,PMCS,54406549.5
2011,SPR,54403672.5
2011,YNDX,54360483.0
2011,ONNN,54203478.0
2011,DKS,54201403.0
2011,CRR,54181015.5
2011,WNR,54131780.0
2011,ENDP,54097828.5
2011,STWD,54070195.0
2011,FCS,54015775.5
2011,ETE,53977998.0
2011,HLF,53896331.0
2011,WYN,53781964.0
2011,EZU,53718680.0
2011,FRC,53635343.0
2011,PKG,53612546.0
2011,FAST,53566412.0
2011,ONE,53549572.0
2011,DMND,53548129.5
2011,EWU,53531763.0
2011,ZQK,53527914.0
2011,CBST,53511640.0
2011,OIS,53493881.5
2011,G,53482764.0
2011,HII,53455441.5
2011,IHS,53443577.0
2011,DHI,53435808.0
2011,VC,53422191.0
2011,VVUS,53383726.0
2011,HL,53372678.0
2011,TLM,53328255.0
2011,DFT,53302901.0
2011,WINN,53297385.0
2011,ACHN,53285554.0
2011,CY,53283348.0
2011,IYT,53269070.0
2011,MITT,53250148.0
2011,EWQ,53239325.0
2011,HRB,53202436.5
2011,KMI,53119389.0
2011,ISIL,53067596.0
2011,KWK,53059397.5
2011,GNC,53037874.0
2011,SOA,52978910.0
2011,ADTN,52961132.5
2011,RSH,52932739.0
2011,CLB,52864099.0
2011,IMAX,52797926.0
2011,QCOR,52738182.0
2011,XIV,52704449.0
2011,ZRAN,52656223.0
2011,L,52652139.0
2011,BUD,52571447.0
2011,FSL,52539545.0
2011,PHK,52441930.0
2011,STLD,52366608.5
2011,JASO,52322565.5
2011,BCS,52306211.5
2011,IL,52265389.0
2011,ANN,52218962.0
2011,OKE,52179936.5
2011,WIN,52167804.0
2011,NI,52149399.0
2011,HMA,52010667.0
2011,KBH,51837171.5
2011,DJP,51835538.0
2011,STRA,51821389.0
2011,IJJ,51810273.0
2011,PHM,51718957.0
2011,O,51709149.0
2011,TWI,51666739.0
2011,ARO,51661134.0
2011,ONTY,51606831.0
2011,NRGY,51567848.0
2011,RBCN,51558705.0
2011,BIG,51489821.5
2011,SEE,51486489.5
2011,TMK,51484247.0
2011,DGIT,51469831.0
2011,HTZ,51407692.5
2011,ZION,51406999.0
2011,N,51391576.0
2011,ELN,51382784.5
2011,NU,51355796.0
2011,ALXN,51350172.0
2011,TSL,51337459.0
2011,ARIA,51328395.0
2011,CROX,51291219.0
2011,BRKA,51248550.0
2011,PRGS,51236231.5
2011,MI,51236212.0
2011,FNB,51190085.0
2011,TCO,51132857.0
2011,LNG,51022988.5
2011,AVT,51009653.5
2011,CHSI,50986632.0
2011,CBE,50969163.0
2011,CTB,50935323.0
2011,VTV,50932896.0
2011,PGN,50884014.0
2011,LEA,50871745.0
2011,NVE,50834821.0
2011,ANV,50772828.0
2011,MWV,50750382.0
2011,CEG,50715582.0
2011,OC,50614292.0
2011,FMC,50555764.0
2011,CALX,50473365.0
2011,VGK,50454908.0
2011,AAXJ,50447673.0
2011,TEX,50422251.0
2011,STR,50408025.0
2011,AGP,50399833.5
2011,IAG,50352611.0
2011,LCC,50349569.0
2011,MGA,50271799.5
2011,AOS,50251080.0
2011,ZAGG,50190595.0
2011,GOLD,50115148.0
2011,PFF,50105444.0
2011,TS,50099501.0
2011,TTWO,50003919.0
2011,CVI,49980023.0
2011,EDU,49978382.5
2011,ASH,49861918.0
2011,PODD,49695110.0
2011,SHAW,49650870.0
2011,COO,49580427.5
2011,IRM,49558285.5
2011,TWO,49534174.0
2011,EGO,49495940.5
2011,TOL,49486450.0
2011,VR,49484970.0
2011,LCAPA,49483720.5
2011,VMC,49429371.5
2011,CVE,49405636.0
2011,AMG,49354226.5
2011,DF,49352602.5
2011,GIII,49347013.0
2011,SVU,49337305.5
2011,MF,49314367.0
2011,NIHD,49313604.5
2011,UHS,49237870.0
2011,CFN,49200059.0
2011,UDR,49161829.5
2011,SUSQ,49126140.5
2011,GTI,49047993.0
2011,IWY,49012586.0
2011,ROC,48992545.5
2011,VO,48978915.0
2011,GCO,48962868.0
2011,NHP,48947434.0
2011,AMRN,48933961.0
2011,WBMD,48890488.0
2011,ROVI,48882360.0
2011,ATU,48849694.5
2011,DTO,48842386.0
2011,CS,48783573.0
2011,DRC,48563950.0
2011,TAP,48424216.5
2011,SIRO,48372022.0
2011,MMR,48345917.0
2011,MDR,48316741.0
2011,ACWI,48316437.5
2011,UFS,48288867.0
2011,LPLA,48226056.0
2011,BLL,48210865.0
2011,XBI,48133010.0
2011,EEP,48099769.0
2011,WPRT,48019344.0
2011,CPT,47975333.0
2011,ROP,47955274.0
2011,KSU,47945198.0
2011,MXIM,47935751.0
2011,GFA,47930065.5
2011,KLIC,47906326.0
2011,AVNR,47895694.0
2011,EBRB,47888622.0
2011,RNR,47805934.0
2011,ONXX,47765709.0
2011,OCZ,47764546.0
2011,CCK,47751828.5
2011,PMR,47692956.0
2011,EXXI,47638012.0
2011,FISV,47615698.0
2011,BX,47610320.5
2011,SBAC,47606147.0
2011,FBNK,47597563.0
2011,PMTC,47531209.0
2011,DDR,47523510.5
2011,AMR,47503063.0
2011,CYH,47476265.5
2011,ACGL,47460060.0
2011,WFR,47449887.0
2011,IOO,47436757.0
2011,BEAV,47403140.0
2011,MAN,47402883.5
2011,RSP,47397772.5
2011,RRD,47375116.0
2011,YGE,47370885.0
2011,MYGN,47363581.5
2011,IVR,47325801.0
2011,KEX,47308616.0
2011,BPZ,47265580.0
2011,MBT,47066879.5
2011,IT,46966804.0
2011,SKT,46889600.0
2011,HAS,46873023.5
2011,QEP,46831773.0
2011,HLX,46804411.0
2011,RLD,46795059.0
2011,TLVT,46773308.0
2011,CRL,46715962.0
2011,MSCI,46666293.0
2011,ABV,46655219.0
2011,PSQ,46632224.0
2011,LPS,46623999.5
2011,KMP,46603280.0
2011,CM,46552344.0
2011,QNST,46551071.0
2011,GXC,46500342.0
2011,ALB,46452086.5
2011,RBN,46371737.5
2011,URI,46349235.5
2011,THOR,46348817.0
2011,MTN,46342697.0
2011,MFA,46334300.0
2011,OII,46321681.0
2011,RWM,46300861.5
2011,KMT,46294329.0
2011,TSCO,46215192.0
2011,IYF,46204056.0
2011,SQNM,46181005.0
2011,TM,46179937.0
2011,CYS,46174115.0
2011,AVY,46164915.0
2011,TEF,46162923.0
2011,IOC,46094402.5
2011,GXP,46082748.5
2011,JEC,46075479.0
2011,ODP,46002981.5
2011,DV,45975327.0
2011,STSA,45957052.0
2011,RDSB,45921712.5
2011,SHV,45810577.5
2011,EQIX,45756929.5
2011,DEO,45673272.0
2011,CDNS,45614239.0
2011,RES,45584075.0
2011,CXS,45560519.0
2011,KOG,45558728.0
2011,HRS,45539405.0
2011,TLB,45531155.0
2011,OAS,45501440.0
2011,ICF,45438427.0
2011,RAH,45377780.0
2011,ESS,45370429.0
2011,VEU,45298263.5
2011,MTL,45292587.5
2011,NOG,45278827.5
2011,TQNT,45257870.0
2011,HGSI,45228577.0
2011,IJK,45208963.0
2011,RLJ,45207402.0
2011,CSTR,45159719.0
2011,GPC,45149134.5
2011,WEN,45148158.0
2011,VXZ,45115600.5
2011,PCL,45074245.0
2011,TMV,45047106.0
2011,DXD,44993445.5
2011,KBR,44992725.0
2011,GRA,44979148.5
2011,HS,44970624.0
2011,QGEN,44968291.0
2011,CPKI,44962336.0
2011,ATW,44958376.5
2011,CHU,44953038.0
2011,TSLA,44947874.0
2011,CFR,44916009.0
2011,BYI,44913293.5
2011,FRT,44904529.5
2011,DTE,44891011.0
2011,AYI,44880613.0
2011,DWA,44878693.0
2011,SAI,44873880.0
2011,TIVO,44873578.0
2011,NYT,44839441.0
2011,PWR,44822627.0
2011,MW,44818197.0
2011,HRC,44816404.0
2011,BRFS,44807645.5
2011,CHS,44803308.0
2011,CAR,44790169.0
2011,CBL,44788123.5
2011,SRX,44781570.0
2011,WTI,44732032.0
2011,VSH,44678316.0
2011,WBC,44666298.0
2011,AOL,44666232.0
2011,PKX,44587716.0
2011,DOX,44576693.0
2011,AN,44573047.0
2011,AMJ,44524476.0
2011,CAKE,44522531.0
2011,WDR,44512619.0
2011,PBI,44491891.0
2011,KIE,44476427.0
2011,ROSE,44468668.0
2011,ING,44447564.0
2011,MTW,44411684.5
2011,IEI,44388974.5
2011,MINT,44367005.0
2011,VCLT,44351534.0
2011,NVR,44349317.0
2011,HPT,44345100.0
2011,KMR,44312403.0
2011,CEO,44295651.0
2011,AEE,44269099.0
2011,LECO,44240557.0
2011,LNT,44231061.0
2011,DGP,44229522.0
2011,ASNA,44205384.0
2011,PGF,44178816.0
2011,CLP,44176685.0
2011,SIG,44174974.0
2011,NWS,44165567.0
2011,TVIX,44148406.0
2011,UL,44100194.0
2011,ARW,44096508.5
2011,TW,44094970.0
2011,GCI,44065230.0
2011,EUO,44062713.5
2011,NXPI,44055664.0
2011,PPH,44047864.0
2011,KKR,44024367.0
2011,RPXC,44006344.0
2011,TKR,43994080.0
2011,RFMD,43989931.5
2011,SMN,43943445.5
2011,NDAQ,43890816.0
2011,P,43880385.5
2011,SGEN,43861657.0
2011,EAT,43857460.0
2011,DLB,43854621.5
2011,SWFT,43837037.5
2011,SWFT,43837037.5
2011,DDS,43786987.0
2011,NWBI,43758945.0
2011,SCG,43752325.5
2011,SIX,43718640.0
2011,CPX,43700334.5
2011,IVW,43674911.5
2011,XIDE,43612033.0
2011,DVY,43590954.0
2011,CPLA,43575514.0
2011,CLWR,43558192.0
2011,BWX,43530080.0
2011,SNI,43525737.5
2011,SLXP,43516034.0
2011,DCIX,43515085.0
2011,PAAS,43502833.0
2011,AONE,43442650.0
2011,XEL,43412979.0
2011,AEO,43411095.0
2011,BR,43371713.5
2011,OSG,43325239.0
2011,HOLX,43305715.0
2011,CRZO,43268862.0
2011,IFF,43240508.5
2011,JOE,43233181.0
2011,STRI,43174111.0
2011,PTR,43114335.0
2011,VIV,43110073.5
2011,GHL,43100071.0
2011,CASY,43096497.0
2011,LDK,43001728.0
2011,WMS,42938411.0
2011,CMP,42916960.0
2011,LII,42884646.0
2011,CAVM,42864606.0
2011,SMOD,42863180.0
2011,EPD,42863120.0
2011,FXA,42856384.0
2011,LEG,42852754.0
2011,STBZ,42850766.0
2011,RKH,42850317.0
2011,VUG,42830633.5
2011,JNS,42807909.0
2011,LSTZA,42795741.0
2011,RGC,42794568.0
2011,UVV,42781572.0
2011,SPW,42721195.0
2011,STO,42682795.0
2011,AVEO,42681951.0
2011,LUFK,42669660.0
2011,WAB,42656179.0
2011,HIL,42636894.0
2011,AME,42629781.0
2011,LNCR,42574519.0
2011,PRGO,42502458.0
2011,ETP,42483779.0
2011,DUG,42482006.5
2011,VBK,42465519.0
2011,LEAP,42440848.0
2011,ACOR,42425891.0
2011,WLK,42417019.0
2011,FMX,42387939.5
2011,QLIK,42363022.0
2011,CETV,42304839.0
2011,STZ,42279942.5
2011,PII,42254049.0
2011,PNRA,42246406.0
2011,VVC,42226461.0
2011,DRE,42217013.0
2011,RGA,42209060.0
2011,FNFG,42207666.0
2011,SF,42200434.0
2011,PDM,42189111.0
2011,KEG,42178278.0
2011,MBI,42177346.5
2011,CBI,42164857.5
2011,JBHT,42053885.0
2011,MFC,42045785.5
2011,EWD,42028445.0
2011,FTK,41971706.0
2011,PLL,41961238.0
2011,PNY,41948699.0
2011,BABY,41947791.0
2011,WEC,41924821.5
2011,CYT,41922021.0
2011,IPGP,41886324.5
2011,BMR,41882074.0
2011,LOGM,41881417.0
2011,SNH,41867425.0
2011,EK,41847053.0
2011,SMG,41825225.0
2011,LXK,41807938.0
2011,FIS,41792694.0
2011,CIG,41780179.0
2011,EWL,41681850.0
2011,PDS,41676927.5
2011,CEF,41630724.0
2011,SKM,41625973.5
2011,BC,41600611.0
2011,MRX,41599345.5
2011,FHN,41559442.5
2011,TER,41549323.0
2011,ELS,41541074.0
2011,CRI,41531339.5
2011,KCI,41516138.0
2011,IWX,41484601.0
2011,HTS,41479124.0
2011,HRL,41466393.0
2011,MYY,41460518.0
2011,AZPN,41437255.0
2011,WR,41429512.0
2011,VIP,41407497.0
2011,QLGC,41397789.5
2011,VRSK,41395771.0
2011,RY,41386174.0
2011,IWR,41374311.5
2011,PANL,41357463.0
2011,HAR,41340549.0
2011,LSI,41308575.0
2011,SVVS,41268958.0
2011,RS,41163831.0
2011,FDS,41121127.5
2011,OCR,41115200.0
2011,DHX,41097852.0
2011,ISCA,41040911.0
2011,CVH,41040796.0
2011,ENH,41015605.0
2011,NTES,40998011.0
2011,MAC,40957317.0
2011,NLC,40924171.0
2011,EWM,40916273.0
2011,MDRX,40901564.0
2011,LNCE,40872139.0
2011,RJF,40856983.0
2011,EFX,40849157.0
2011,REE,40821127.0
2011,CMC,40815340.0
2011,WCRX,40812055.5
2011,CPO,40795746.0
2011,IWV,40790177.0
2011,WGL,40775736.0
2011,URE,40752916.0
2011,CHD,40748965.5
2011,RHI,40737154.0
2011,GDI,40609038.5
2011,BID,40555537.0
2011,TUP,40553909.0
2011,TIE,40483356.5
2011,REG,40475942.5
2011,DOG,40438611.0
2011,PWE,40430051.0
2011,HCBK,40429999.5
2011,CMS,40428606.0
2011,HMIN,40421526.0
2011,PETM,40409521.0
2011,BPO,40404338.0
2011,BKS,40391476.0
2011,CSJ,40365411.0
2011,E,40355190.0
2011,ERF,40341704.0
2011,SKS,40338046.0
2011,MAA,40323557.0
2011,OSK,40312617.0
2011,BRE,40309912.0
2011,FXF,40306866.0
2011,PPDI,40267918.0
2011,FLO,40256763.0
2011,HMC,40228085.5
2011,IEV,40219842.5
2011,MKC,40171753.0
2011,BGC,40168204.0
2011,HNT,40136076.0
2011,KOS,40099356.0
2011,IRWD,40095165.0
2011,HDB,40088947.0
2011,TNB,40082054.5
2011,GNTX,40062767.5
2011,SWSH,40044354.0
2011,SHLD,40039183.0
2011,RYN,40025437.0
2011,EMB,39990490.0
2011,DRN,39974202.5
2011,TE,39945386.0
2011,VIT,39937321.0
2011,LAZ,39919751.0
2011,ACAS,39917326.0
2011,DXJ,39916635.5
2011,HMY,39906814.0
2011,CLI,39887513.0
2011,EPP,39881353.5
2011,DRYS,39852524.0
2011,AWK,39843607.5
2011,TOBC,39780606.0
2011,DAR,39773740.0
2011,CINF,39682330.0
2011,EWS,39676748.0
2011,SQQQ,39662264.5
2011,AGO,39639594.0
2011,OFC,39635750.5
2011,HNR,39604450.5
2011,ERJ,39601850.0
2011,CATM,39571573.0
2011,WSH,39507452.0
2011,HIW,39501784.0
2011,MTG,39501679.5
2011,STEC,39400155.0
2011,FRO,39309939.5
2011,NETL,39299782.0
2011,POM,39280829.0
2011,PTIE,39279391.0
2011,SPPI,39273960.0
2011,NLSN,39240427.0
2011,FXY,39188302.0
2011,VIG,39176803.5
2011,ALK,39172507.0
2011,LAMR,39154711.5
2011,BKLN,39152294.0
2011,AIZ,39146943.5
2011,MWW,39128624.0
2011,JLL,39109185.0
2011,EXAM,39108582.0
2011,URS,39071792.0
2011,SQM,39044448.0
2011,BTI,39029678.0
2011,BMRN,39024770.0
2011,CP,38985060.0
2011,IWP,38963024.0
2011,SIAL,38957090.0
2011,EGN,38923097.0
2011,ARCO,38880771.0
2011,VDC,38827190.0
2011,SKX,38826392.0
2011,FEIC,38789618.0
2011,IDCC,38767520.0
2011,FLIR,38764118.0
2011,LFC,38745399.5
2011,DAN,38700361.0
2011,MLM,38673104.0
2011,SFLY,38646986.0
2011,HLS,38638588.0
2011,BMS,38595930.0
2011,EV,38565975.0
2011,SAFM,38565968.0
2011,ACM,38560404.0
2011,RTI,38538533.0
2011,WCC,38503165.0
2011,NUS,38471269.0
2011,SGOL,38452454.0
2011,PLCE,38419494.0
2011,SNE,38412048.0
2011,NUAN,38402051.5
2011,HCC,38279263.0
2011,CPN,38261754.0
2011,SNPS,38238532.0
2011,NGD,38236614.5
2011,TRMB,38221319.0
2011,SOL,38192493.0
2011,TX,38171143.0
2011,SCHN,38168790.0
2011,CVD,38165375.0
2011,HSIC,38138531.5
2011,JBLU,38122158.5
2011,OMX,38093634.0
2011,ATPG,38083540.5
2011,IACI,38067631.5
2011,IM,38060946.0
2011,TV,38002332.0
2011,TECD,37985589.0
2011,AIV,37974942.5
2011,ARCC,37971441.0
2011,CENX,37858262.0
2011,LRY,37843515.0
2011,SEIC,37811320.0
2011,TDW,37778826.0
2011,CEL,37741491.0
2011,AXE,37708475.5
2011,ARR,37675297.0
2011,BSV,37665881.0
2011,EDZ,37600026.0
2011,CRUS,37597708.0
2011,R,37570520.0
2011,SRCL,37565780.0
2011,NVO,37530242.0
2011,PNR,37512369.5
2011,DTG,37486027.0
2011,RGLD,37479835.0
2011,HIBB,37434179.0
2011,AXS,37419688.5
2011,TEN,37413046.0
2011,MTD,37409656.0
2011,DPL,37345406.0
2011,SVM,37343632.0
2011,NFG,37174940.0
2011,VPRT,37166857.0
2011,GEN,37105491.0
2011,CRS,37096002.0
2011,LINE,37061004.0
2011,DIOD,37023502.0
2011,SDY,37009432.0
2011,NG,36995107.0
2011,SLAB,36990291.0
2011,CBRL,36981095.0
2011,BRY,36963620.0
2011,ST,36880989.0
2011,MHK,36865548.5
2011,RBC,36845224.0
2011,WCG,36822267.0
2011,TQQQ,36795568.5
2011,CTAS,36764419.0
2011,PDCO,36749895.5
2011,MLHR,36731495.0
2011,IEZ,36723665.5
2011,EWP,36720887.5
2011,DRQ,36702197.0
2011,KRO,36648150.0
2011,JNY,36618016.0
2011,CNO,36614852.0
2011,UGI,36593896.0
2011,PNW,36589670.0
2011,BTE,36549840.0
2011,EPB,36499929.0
2011,IVE,36495650.0
2011,BCE,36492715.0
2011,PACW,36381797.0
2011,SIVB,36363698.0
2011,RE,36314769.0
2011,JOBS,36304814.0
2011,MASI,36287009.5
2011,PSS,36276629.0
2011,TLH,36264417.0
2011,RMD,36254209.0
2011,LOGI,36244495.0
2011,SSRI,36235111.0
2011,WDTI,36173404.0
2011,VBR,36149316.0
2011,ITMN,36129153.5
2011,SFY,36115459.0
2011,SGY,36099688.5
2011,IYZ,36084519.0
2011,LUK,36060556.5
2011,FINL,36041436.0
2011,ALR,35973198.0
2011,VB,35945815.0
2011,BBG,35921903.0
2011,SPN,35885837.0
2011,HBI,35881812.0
2011,KT,35856452.0
2011,GLBC,35800062.0
2011,RDN,35766283.0
2011,DEI,35704618.0
2011,TDG,35670910.5
2011,HOGS,35635237.0
2011,IPI,35628695.0
2011,LPL,35576985.0
2011,CSL,35521470.0
2011,GSM,35505186.0
2011,THD,35490412.0
2011,TBF,35475788.0
2011,SBS,35475583.0
2011,ATO,35461324.0
2011,LOPE,35459310.0
2011,JEF,35447965.0
2011,HME,35375339.0
2011,CIB,35263868.0
2011,WIFI,35227445.0
2011,GPN,35223604.0
2011,IGE,35199991.0
2011,DCT,35150070.0
2011,MAKO,35111556.0
2011,WRI,35090472.0
2011,VHC,35080932.0
2011,AG,34908207.5
2011,ID,34853341.0
2011,TLAB,34796391.0
2011,IDXX,34744665.0
2011,DNB,34740089.0
2011,CRK,34684589.0
2011,AUO,34654118.0
2011,ENS,34599183.0
2011,NTGR,34566010.5
2011,TRN,34474524.5
2011,FTE,34457266.0
2011,MOLX,34315172.0
2011,ARE,34306237.5
2011,ARBA,34290273.0
2011,PRE,34126466.5
2011,SRS,34113589.5
2011,EWX,34096406.0
2011,CVLT,34055225.0
2011,BZ,33919323.0
2011,BRO,33756066.0
2011,MTZ,33586105.0
2011,ECH,33449620.0
2011,VMI,33404210.0
2011,SAPE,33244256.0
2011,BFB,33113106.5
2011,TRI,33107958.0
2011,PDLI,33076420.0
2011,POR,33060418.0
2011,NDSN,32952178.0
2011,BBVA,32875818.0
2011,EZPW,32808828.5
2011,RRGB,32767896.0
2011,FBR,32614190.0
2011,IEO,32544086.0
2011,TGI,32502549.5
2011,ORI,32383502.0
2011,SYT,32139823.0
2011,KKD,32056058.0
2011,WTR,31967637.0
2011,AH,31918811.0
2011,NX,31870064.0
2011,PAA,31822851.0
2011,ICGN,31765528.0
2011,CACI,31408447.0
2011,YRCW,31019124.0
2011,LPX,30894066.0
2011,RAD,30232174.0
2011,SNP,29619423.0
2011,AMLN,29565816.0
2011,VAL,29526703.0
2011,DBE,29501064.0
2011,BWLD,29413664.0
2011,DISCK,28837192.0
2011,TXRH,28286344.0
2011,OPK,28283167.0
2012,SPY,19991285231.0
2012,AAPL,7125806735.0
2012,IWM,3518184828.0
2012,QQQ,2619154124.5
2012,EEM,1767077946.5
2012,XOM,1536488158.5
2012,GLD,1458664218.0
2012,JPM,1410324535.0
2012,MSFT,1277205193.0
2012,C,1170091174.0
2012,BAC,1160758377.5
2012,GOOG,1154902278.5
2012,TLT,1087861023.0
2012,JNJ,1041736000.5
2012,XLF,983102959.5
2012,XLE,960890738.0
2012,WFC,953347606.0
2012,VXX,924854042.5
2012,EWZ,920875207.0
2012,T,897312956.5
2012,GE,894347602.5
2012,EFA,878681734.0
2012,INTC,841950111.0
2012,VWO,818381729.5
2012,FB,783536209.5
2012,DIA,724130452.5
2012,QCOM,707684842.0
2012,ORCL,699846257.5
2012,CVX,687069438.0
2012,FAS,677423720.0
2012,WMT,654515507.0
2012,IBM,653819080.0
2012,AMZN,635669479.0
2012,TNA,618650753.5
2012,CSCO,611101334.0
2012,MCD,610048503.5
2012,PG,605931329.5
2012,GDX,604763128.5
2012,XLI,603071051.5
2012,HD,601599703.0
2012,CAT,579178151.0
2012,FXI,542786512.0
2012,VZ,531160212.5
2012,SLB,527449287.0
2012,PCLN,524239091.5
2012,PFE,519866671.0
2012,EBAY,499510170.5
2012,OXY,493614986.5
2012,FCX,490787939.5
2012,EMC,483194684.0
2012,COP,480575708.5
2012,CHK,468846664.0
2012,MRK,465362251.5
2012,IVV,459070702.0
2012,TZA,453419035.5
2012,IYR,440808596.5
2012,GS,440394663.5
2012,HAL,435405119.0
2012,KO,435191106.5
2012,IFGL,431673376.0
2012,FAZ,431563849.5
2012,BIDU,430240406.0
2012,CMCSA,426267395.5
2012,XRT,416793276.0
2012,DIS,414246620.5
2012,SBUX,404533987.5
2012,LOW,402642707.5
2012,SSO,396592157.0
2012,PM,393983382.0
2012,UNH,382322002.0
2012,MS,376490807.0
2012,F,373863825.0
2012,APC,361760926.0
2012,V,359056502.5
2012,LVS,357985608.5
2012,AIG,356951208.5
2012,PEP,350305223.0
2012,ABT,347357763.5
2012,ABX,340738373.0
2012,SDS,335656467.5
2012,XLY,334925580.5
2012,HPQ,331537189.5
2012,PBR,330958730.0
2012,NWSA,322648511.0
2012,USB,313586629.5
2012,MO,312963641.0
2012,BRKB,312080629.0
2012,VALE,311375036.0
2012,UTX,308655915.0
2012,ARNA,300181815.0
2012,TGT,299558213.5
2012,SLE,298881701.5
2012,AMGN,298713948.5
2012,MDY,296202191.0
2012,CRM,294807705.5
2012,BMY,294183643.5
2012,DUK,293138318.5
2012,MA,292990393.0
2012,KFT,292137344.0
2012,AXP,291612875.5
2012,XLB,287805022.5
2012,MET,283711417.0
2012,NOV,282906730.5
2012,NEM,280105874.5
2012,XOP,275334810.0
2012,NKE,275279702.5
2012,HYG,274759354.0
2012,SLV,274711656.5
2012,BA,272826918.5
2012,EOG,271864289.5
2012,CVS,269696579.5
2012,DOW,269357488.0
2012,NOW,268141033.0
2012,XLV,259918466.5
2012,APA,254146897.0
2012,TWX,254031867.0
2012,CMI,253564906.5
2012,USO,251743737.0
2012,DE,250489885.0
2012,WMB,249947507.0
2012,LNKD,249043697.0
2012,MMM,248220583.5
2012,UPS,246941863.0
2012,UNP,245482838.5
2012,CELG,245168254.0
2012,YUM,243567457.0
2012,DVN,243150084.0
2012,COH,242350017.5
2012,TJX,240633586.5
2012,NTAP,237134266.0
2012,SPXU,234325068.5
2012,DTV,233911594.5
2012,STX,232961371.0
2012,BRCM,228225187.0
2012,COF,227777767.0
2012,ESRX,227462403.0
2012,LQD,227137217.5
2012,ACN,226749868.5
2012,DELL,225009210.5
2012,PXD,221482744.0
2012,NVLS,219444807.0
2012,VOD,217994440.0
2012,CF,217812658.5
2012,BP,216032974.5
2012,TXN,215578934.5
2012,GILD,214634454.5
2012,WLP,214610509.0
2012,DG,213154214.0
2012,GG,212124753.0
2012,HON,209689192.5
2012,UVXY,209677841.5
2012,AET,208640124.5
2012,XLK,208503048.0
2012,BBBY,207546096.5
2012,KMI,205968580.5
2012,X,204793478.5
2012,WAG,204786822.0
2012,M,203132162.5
2012,NFLX,202912008.5
2012,XLU,202640650.5
2012,MON,202265780.5
2012,EQM,200749986.0
2012,CBS,198012529.5
2012,ETN,197871721.0
2012,DD,197482275.0
2012,POT,195696080.0
2012,YHOO,195618539.5
2012,WYNN,195286137.5
2012,AGNC,195140027.0
2012,LULU,194175438.5
2012,BHI,193802025.5
2012,UPRO,193500686.5
2012,LLY,193220594.0
2012,KMB,190600381.0
2012,LEN,190441719.5
2012,FDX,190134083.5
2012,SWN,188775283.5
2012,SPG,188459917.0
2012,CMG,187862965.5
2012,HES,187524127.0
2012,JNK,186888046.5
2012,EMR,186269438.5
2012,QID,186118904.5
2012,BHP,183317605.5
2012,MOS,183216956.5
2012,VLO,181749202.0
2012,SHW,179673605.0
2012,PNC,178024466.5
2012,COST,177915748.0
2012,SNDK,177893798.0
2012,PRU,176642113.0
2012,VIAB,175501655.5
2012,EXC,175495635.0
2012,AMX,174793316.0
2012,MRO,173831291.5
2012,NEU,173182480.0
2012,JCP,173032561.0
2012,CBE,172626309.0
2012,ITUB,172205601.5
2012,XLP,169894322.5
2012,STT,167735180.0
2012,ECA,167351321.5
2012,EXPE,167284033.0
2012,SO,166205328.0
2012,UNG,166080949.5
2012,BBY,165471490.5
2012,BIIB,165021378.5
2012,MU,164967090.0
2012,TSM,164827262.5
2012,ITW,164527630.5
2012,DFS,164197920.0
2012,CLF,164030584.0
2012,RIMM,164010322.5
2012,OIH,163668142.5
2012,QLD,163570588.0
2012,MDT,163488604.0
2012,CL,163207183.5
2012,WFM,162042184.0
2012,RDSA,161496732.0
2012,RRC,159670892.5
2012,CTL,157971835.5
2012,HDV,157462413.5
2012,AA,157390778.5
2012,VMW,157201919.0
2012,GPS,156746154.5
2012,FFIV,156416785.5
2012,PBRA,156319693.5
2012,EQIX,156276879.5
2012,S,155352706.5
2012,BLK,153510545.0
2012,TEVA,153132264.5
2012,KORS,153055740.5
2012,NVDA,152892292.5
2012,KSS,150916633.5
2012,FXE,150728321.0
2012,AZO,150693876.0
2012,BAX,149990968.0
2012,RIO,149884533.0
2012,CSX,149214184.5
2012,COG,149057015.5
2012,GIS,148982144.0
2012,CCL,148660611.5
2012,XHB,148158418.0
2012,BBD,147813654.0
2012,GM,146424659.0
2012,KR,146139130.0
2012,AMT,146090261.0
2012,DHR,144584719.0
2012,CTSH,144142223.5
2012,NSC,143272361.5
2012,PSX,142210803.5
2012,GWW,141295913.0
2012,FITB,140330461.0
2012,AMAT,140128863.5
2012,GLW,139949094.0
2012,VRTX,139018887.0
2012,RHT,138741677.5
2012,RL,138299325.5
2012,ISRG,138190401.5
2012,MPC,137976547.0
2012,DLN,137849655.0
2012,PRA,137748274.5
2012,ADM,137049695.5
2012,ALL,136990051.5
2012,EWW,136892610.0
2012,CAM,136798485.5
2012,ZNGA,135887212.5
2012,SLW,135405724.0
2012,MCK,135294815.5
2012,RIG,134470412.0
2012,PH,132928498.0
2012,TOT,132559641.5
2012,NLY,131979451.0
2012,BK,131892677.0
2012,XIV,131881605.0
2012,DAL,130886369.5
2012,ROST,130455897.5
2012,TWC,129849142.5
2012,TIF,129151034.0
2012,LRCX,128917423.5
2012,TRV,128880215.5
2012,GR,128736854.0
2012,SU,128612094.0
2012,AGN,128451117.5
2012,IRF,128422752.0
2012,IR,127948314.5
2012,JNPR,127715294.0
2012,COV,127063780.5
2012,VNQ,126685298.0
2012,BBT,126611406.0
2012,VALEP,126576392.5
2012,MJN,126283583.0
2012,IWF,126149433.0
2012,ALXN,126039288.0
2012,FDO,125275422.5
2012,HOT,123798811.5
2012,RF,123280105.5
2012,SH,122838797.5
2012,STJ,122805789.5
2012,TYC,122635728.5
2012,TYC,122635728.5
2012,LMT,121960796.5
2012,LYB,121334203.0
2012,CTXS,120659167.0
2012,SINA,120654410.0
2012,SPLS,119875848.0
2012,XME,119490432.5
2012,URI,119343202.0
2012,TVIX,119317291.5
2012,PGN,119241510.0
2012,ANR,119175149.5
2012,OREX,119078189.0
2012,UAL,118966629.5
2012,WES,118856963.0
2012,NCT,118645312.0
2012,CERN,118399601.0
2012,ABV,118219471.5
2012,STI,118158901.0
2012,ADBE,117778092.5
2012,ADP,117737316.5
2012,D,117590126.0
2012,EQR,117583277.5
2012,CME,117182294.5
2012,RAX,116417821.0
2012,HUM,116308695.5
2012,ARBA,116200210.5
2012,WFT,116103072.5
2012,DRI,116043759.5
2012,GMCR,115931516.0
2012,SHY,115483025.0
2012,MNST,115214812.0
2012,JOY,114888437.0
2012,NUE,114836077.0
2012,RSX,114731472.5
2012,ORLY,113753148.5
2012,LTD,113145340.5
2012,PPL,112992686.0
2012,AFL,112536691.5
2012,ONXX,112193096.0
2012,BEN,112016270.5
2012,VTI,111557536.0
2012,HCP,111540083.5
2012,PLD,111036925.0
2012,A,110913248.0
2012,ALTR,110884271.5
2012,BWA,110678540.5
2012,SCHW,110566033.0
2012,WLT,110396031.5
2012,PX,109890750.5
2012,ESV,109523676.5
2012,MSI,109434312.5
2012,MRVL,108973931.0
2012,HST,108284257.0
2012,UA,108096321.5
2012,VTR,107689847.0
2012,NE,107135005.5
2012,SYMC,106673867.0
2012,DXD,106345021.0
2012,CHKP,106274926.0
2012,WPI,106158723.0
2012,LCC,106097755.5
2012,DHI,105923654.0
2012,PHM,105670853.5
2012,CI,105642801.0
2012,RTN,105512957.5
2012,MAA,105063561.5
2012,IVZ,104165157.5
2012,TROW,103874520.0
2012,TIP,103529828.5
2012,EW,103436357.0
2012,SWK,103302248.0
2012,NEE,102837766.5
2012,EQT,102327766.0
2012,IP,102299659.0
2012,DLTR,102006688.5
2012,CB,101673301.5
2012,SDRL,101579906.0
2012,TSO,101123494.5
2012,PCP,101081432.5
2012,SYY,101062785.0
2012,CNX,100841906.5
2012,MMC,100610014.0
2012,NBL,100342691.5
2012,SUNH,100290380.0
2012,INTU,99994775.0
2012,MOH,99971126.0
2012,PCG,99811681.0
2012,IWO,99773874.0
2012,FTI,99697213.5
2012,HFC,99652575.5
2012,IWD,99429021.0
2012,CCI,99221168.5
2012,CXO,99005018.0
2012,SE,98602689.5
2012,CMCSK,98384554.5
2012,LO,98048416.5
2012,IWB,97913204.5
2012,SNY,97897779.0
2012,BND,97868885.5
2012,RAI,97712437.5
2012,SWKS,97549083.5
2012,HOG,97410634.5
2012,NAV,97245344.0
2012,TLH,97108338.0
2012,WDC,96910288.0
2012,CA,96316645.5
2012,EL,95776698.0
2012,XLNX,95563316.5
2012,EWY,95511990.0
2012,AAP,95489798.5
2012,ULTA,95456070.5
2012,JWN,95407511.0
2012,AEP,95345228.5
2012,AGG,95284121.5
2012,EMN,95273155.0
2012,ED,95175757.0
2012,MAR,94909241.0
2012,EWJ,94878159.0
2012,GD,94752527.5
2012,PPG,94495750.0
2012,BUD,94486657.0
2012,ECL,94386159.0
2012,VFC,94189909.0
2012,BXP,94108795.0
2012,APD,93491426.5
2012,AUY,92955145.5
2012,CLR,92763501.0
2012,TMO,92638217.5
2012,REGN,92434963.5
2012,FLR,92424305.5
2012,MFRM,92329076.0
2012,WM,92123053.0
2012,GSK,92010593.5
2012,MGM,91829410.5
2012,KEY,91566235.5
2012,GPRO,91435486.0
2012,TOL,91309128.5
2012,DNR,91250674.0
2012,NBR,91000192.5
2012,SWY,90932762.0
2012,LUV,90924074.0
2012,AEM,90816720.0
2012,TBT,90800045.0
2012,TDC,90693391.0
2012,PAY,90601802.5
2012,RLJ,90494718.5
2012,ACE,90108663.0
2012,TPX,90009637.0
2012,IWN,89982948.0
2012,SYK,89889153.0
2012,NOC,89879227.5
2012,AVB,89434526.0
2012,CMVT,89399211.0
2012,PGR,89220893.0
2012,WLL,89154704.0
2012,MAS,89058968.0
2012,KLAC,89016728.0
2012,IJR,88882099.5
2012,HNZ,88760969.0
2012,DOV,87923217.0
2012,EWG,87919895.0
2012,PEG,87587108.5
2012,NUAN,87522178.0
2012,HP,87483701.0
2012,IEI,87005546.5
2012,FE,86811257.5
2012,SQQQ,86457702.0
2012,HBC,86257326.0
2012,MDCO,86182566.0
2012,HSY,85673266.5
2012,IEF,85584571.0
2012,AGU,85410410.0
2012,FOSL,85230981.0
2012,CNQ,85151980.5
2012,ASML,84874500.5
2012,TSCO,84761699.5
2012,WHR,84734632.0
2012,AKAM,84603832.0
2012,WY,84563053.5
2012,XPH,84152447.5
2012,VNO,84095838.5
2012,PFF,83607933.0
2012,OC,83412889.5
2012,HCN,83385605.0
2012,PETM,83342669.0
2012,LNG,82779496.0
2012,XEL,82778637.5
2012,ADI,82678993.5
2012,ROK,82061027.5
2012,SHO,81690591.0
2012,EIX,81360658.0
2012,MT,81267418.5
2012,BODY,81159833.5
2012,LINTA,81119055.5
2012,WU,80973457.5
2012,CLB,80953514.5
2012,PCAR,80786675.0
2012,PVH,80758819.0
2012,PSA,80657904.5
2012,MUR,80574294.5
2012,NFX,80556590.0
2012,NVS,80308697.0
2012,TMH,80009385.0
2012,DLPH,79502057.0
2012,WIN,79303384.5
2012,JKHY,79233688.0
2012,SD,79114257.0
2012,INFY,78988143.0
2012,HIG,78954821.5
2012,NOK,78887978.0
2012,XRX,78826838.5
2012,TEX,78759695.0
2012,TQQQ,78704623.5
2012,DBD,78521632.0
2012,VRX,78388978.5
2012,WYN,78346891.0
2012,FSLR,78300811.5
2012,AMP,78238103.0
2012,RGLD,78017674.5
2012,IDIX,78004764.0
2012,QCOR,77516760.5
2012,BDX,77406224.0
2012,CAG,77383379.0
2012,CAH,77116875.5
2012,CVH,76399177.0
2012,FAST,76261060.0
2012,OMC,76038910.5
2012,AON,75891595.0
2012,HCA,75844674.0
2012,DVA,75345823.0
2012,GNC,75059124.0
2012,ATVI,75038811.5
2012,CCE,74939338.0
2012,VV,74722864.0
2012,DLR,74439876.0
2012,HUBB,74390742.0
2012,TCK,74238107.0
2012,MYL,74224715.0
2012,DO,74197449.5
2012,ERX,74134876.5
2012,NWS,74076693.0
2012,PXP,74042029.5
2012,DKS,73972336.0
2012,ANF,73932310.0
2012,PRI,73530550.0
2012,AEO,73360099.5
2012,WMS,73006781.0
2012,TFM,72486521.0
2012,GEN,72348256.0
2012,SCO,72195970.5
2012,DECK,71630069.0
2012,SXCI,71552522.5
2012,DPS,71400315.5
2012,LNC,71331967.5
2012,UPL,71278950.0
2012,VEA,71236941.0
2012,AVGO,71074651.5
2012,GRPN,70991018.0
2012,TAHO,70831819.5
2012,SWHC,70660960.0
2012,DISCA,70625860.0
2012,AMD,70622024.5
2012,LMNX,70592152.0
2012,DNDN,70300750.5
2012,AU,69903830.0
2012,MXIM,69777687.0
2012,ZMH,69656813.5
2012,TWM,69615444.0
2012,SAP,69588576.0
2012,LLTC,69373554.5
2012,UDR,69336805.5
2012,SRE,69308502.0
2012,WPRT,69252549.0
2012,KGC,69216858.0
2012,IWV,69062039.0
2012,CBT,69023045.0
2012,BIL,68733986.0
2012,FLS,68654860.0
2012,BGU,68643551.0
2012,COL,68601528.0
2012,QLGC,68373394.0
2012,CIEN,68327900.0
2012,SSS,68298087.0
2012,GGP,68258141.0
2012,TLAB,68235486.0
2012,VRSN,68193033.0
2012,ACI,67714683.0
2012,AEC,67687092.0
2012,K,67045982.0
2012,PHB,66763754.5
2012,MAC,66582611.5
2012,BMC,66260508.0
2012,YPF,66249480.0
2012,DB,66227405.0
2012,HBAN,65873324.5
2012,PCYC,65557206.0
2012,IBB,65382359.0
2012,CAJ,65256566.0
2012,PAYX,65175130.0
2012,KMX,65080136.0
2012,BSX,64946232.5
2012,IAU,64854438.5
2012,IRM,64815176.0
2012,ABC,64713296.0
2012,CLX,64622062.0
2012,WAT,64543295.5
2012,TRIP,64530193.0
2012,GT,64476645.5
2012,HUN,64454156.5
2012,PRGO,64365455.5
2012,APKT,64208752.5
2012,HLF,64037242.0
2012,APOL,63866270.0
2012,CMA,63763746.5
2012,IWP,63741215.0
2012,FL,63590506.5
2012,RATE,63505455.0
2012,MTOX,63448828.0
2012,ADS,63437934.5
2012,AMJ,63382921.0
2012,EMB,63352705.0
2012,MHP,63320881.5
2012,BRKA,63257460.0
2012,CJES,63223020.0
2012,PEB,63065748.0
2012,ICE,63029879.5
2012,EWS,62997562.0
2012,MAT,62904150.0
2012,LPNT,62821143.0
2012,URBN,62679569.0
2012,NU,62603383.0
2012,SUN,62538907.0
2012,TXT,62486846.5
2012,CPB,62364695.0
2012,RVBD,62285034.0
2012,CRUS,62232029.5
2012,EWT,62166724.5
2012,CE,62090865.0
2012,BMRN,62089270.5
2012,GOLD,62070954.0
2012,SBAC,62051685.0
2012,GDXJ,61933934.5
2012,TIBX,61862146.5
2012,PLL,61852134.0
2012,ALGN,61355709.0
2012,FRAN,61188595.0
2012,ELT,61149801.0
2012,HNR,61052847.0
2012,ADSK,60958884.5
2012,ATI,60897150.5
2012,LH,60818837.5
2012,LIFE,60706519.0
2012,VGK,60694581.5
2012,JBL,60231516.5
2012,KRE,60160152.0
2012,ISIL,60149478.0
2012,UN,60115569.5
2012,PMTC,59971529.0
2012,UNM,59908244.5
2012,SM,59698977.0
2012,CHRW,59657862.0
2012,H,59505287.0
2012,ASH,59479751.0
2012,RDC,59364558.0
2012,CPN,59313639.5
2012,PTEN,59300108.5
2012,VAR,59222566.0
2012,UCO,59203857.0
2012,SPN,59168381.5
2012,MLNX,59127217.5
2012,SIRI,59012883.0
2012,EA,58954481.0
2012,IWS,58909131.0
2012,KSU,58893839.5
2012,BBL,58834988.5
2012,CFX,58741173.0
2012,TDG,58592246.5
2012,AVP,58581481.5
2012,SOA,58526296.0
2012,VMED,58517735.0
2012,TRGP,58471287.0
2012,IPG,58435014.0
2012,NYX,58308451.5
2012,OEF,58229119.0
2012,AT,58189790.0
2012,DGIT,58143464.0
2012,ROL,58141779.0
2012,SJM,58133784.5
2012,DRQ,57929546.5
2012,AES,57860516.5
2012,NLSN,57827663.0
2012,CSTR,57736968.0
2012,GPC,57735527.0
2012,IDCC,57703909.0
2012,CNP,57693788.5
2012,PNRA,57550527.5
2012,MDVN,57538813.0
2012,SHFL,57517826.0
2012,GGB,57508062.5
2012,HTZ,57400149.0
2012,MCHP,57371739.5
2012,BGZ,57362562.0
2012,MPEL,57110745.0
2012,EGO,57090104.5
2012,GHL,57031678.0
2012,LSI,57008601.5
2012,ONNN,56875293.0
2012,SGOL,56392745.0
2012,FRX,56315965.5
2012,ETR,56210921.0
2012,GME,56166350.5
2012,CRH,56092264.0
2012,DNKN,56044599.0
2012,AGCO,56020923.5
2012,VVUS,55879905.0
2012,DBC,55836599.0
2012,OKE,55787301.5
2012,TRI,55712426.0
2012,NRG,55687635.5
2012,AGQ,55669937.0
2012,EEP,55602803.0
2012,CX,55452587.0
2012,KLIC,55401415.0
2012,DEO,55199870.5
2012,MUB,55120671.0
2012,TSN,55015352.0
2012,LUK,54994257.0
2012,ZUMZ,54849239.0
2012,SNI,54729228.0
2012,CNI,54622284.5
2012,TITN,54607923.5
2012,FXO,54575324.0
2012,ACM,54468893.5
2012,WCG,54427911.0
2012,KKR,54353420.5
2012,TSLA,54276576.5
2012,IJH,54229085.0
2012,FIO,54171883.0
2012,WBMD,54147552.0
2012,BG,54010759.5
2012,HMA,53824671.5
2012,GXC,53804907.0
2012,CMS,53795434.0
2012,RCL,53764153.0
2012,RSG,53681416.0
2012,PNY,53613910.0
2012,AMRN,53583802.0
2012,AONE,53572167.0
2012,HAR,53486152.5
2012,DVY,53363385.0
2012,HK,53356614.0
2012,ROSG,53194049.0
2012,KMP,53072363.5
2012,GLJ,53064945.5
2012,PFCB,53022676.5
2012,SLM,53012154.0
2012,LMCA,53003496.0
2012,IHS,52914002.0
2012,TTEK,52778738.0
2012,ACWI,52746957.0
2012,CTCT,52670112.5
2012,CCG,52549096.0
2012,IYT,52529152.0
2012,DF,52313404.0
2012,TKR,52177506.0
2012,CHU,52164790.0
2012,MCO,52150308.0
2012,VNTV,52036345.0
2012,WEC,51928050.5
2012,SHPGY,51926083.5
2012,DGX,51781054.0
2012,EZU,51729420.0
2012,VPRT,51726949.0
2012,KIM,51676675.5
2012,CREE,51635082.0
2012,NVE,51553235.0
2012,SFD,51519628.0
2012,XL,51467906.0
2012,CIM,51308784.0
2012,BCR,51300578.0
2012,VSI,51281415.0
2012,QEP,51272694.0
2012,ALV,51207463.0
2012,SMH,51189517.5
2012,CSOD,51027776.0
2012,CRBC,51021707.0
2012,POST,50996141.0
2012,SCCO,50991933.0
2012,NTRS,50899241.0
2012,ORI,50830708.0
2012,XBI,50816070.5
2012,DIG,50732407.0
2012,ES,50716074.0
2012,TEL,50408220.5
2012,PII,50402757.0
2012,SLG,50372743.5
2012,KBE,50312340.0
2012,NI,50280963.5
2012,KEG,50277914.0
2012,JBHT,50246913.5
2012,ATU,50004638.0
2012,ARIA,50003166.0
2012,RDSB,49788276.0
2012,GRMN,49716436.0
2012,CVLT,49676162.0
2012,ENDP,49671447.5
2012,AKS,49662039.0
2012,EFX,49615360.0
2012,ETP,49614092.5
2012,RPM,49604772.0
2012,WSM,49550561.0
2012,IBN,49481979.0
2012,WDR,49445316.0
2012,SHAW,49347153.0
2012,OIS,49343180.0
2012,WCC,49336891.0
2012,FHN,49250558.0
2012,CNC,49218700.0
2012,AMLN,49113840.0
2012,VVC,49056228.0
2012,EUO,49024906.0
2012,SCSS,49016683.0
2012,HAS,48953051.5
2012,EXPD,48936497.0
2012,FMC,48862675.5
2012,IO,48809676.0
2012,RWR,48768320.0
2012,FLOT,48731213.0
2012,VAC,48626405.0
2012,AEE,48581381.0
2012,GES,48563972.0
2012,IGT,48550955.0
2012,NVO,48545740.0
2012,MBB,48538001.5
2012,ELLI,48426934.0
2012,RSP,48401316.0
2012,RWM,48382749.0
2012,AZN,48365650.0
2012,AMG,48346480.0
2012,EPD,48346134.0
2012,HNT,48317494.5
2012,EPV,48312067.0
2012,CS,48245976.0
2012,AAXJ,48243045.0
2012,BAM,48187729.0
2012,VIG,48174702.0
2012,N,48137691.0
2012,PFG,48136572.0
2012,ARG,48132141.0
2012,KOG,48129526.5
2012,BIP,48117433.5
2012,SI,48091407.5
2012,CIE,48008880.5
2012,NWL,47983556.0
2012,CIT,47924193.0
2012,ZION,47916537.0
2012,SPW,47905728.0
2012,OII,47845781.0
2012,BSV,47837923.5
2012,USG,47805415.5
2012,CINF,47776317.0
2012,ZSL,47741956.0
2012,ABVT,47695139.5
2012,AFFX,47681232.0
2012,HOLX,47677732.5
2012,SODA,47651647.0
2012,LQDT,47575347.5
2012,MSM,47495699.0
2012,ITB,47423481.0
2012,CHSI,47403076.5
2012,RXN,47376570.0
2012,TV,47359286.0
2012,UYG,47355153.5
2012,FMX,47309189.0
2012,BKS,47253857.5
2012,DTE,47222980.5
2012,DDS,47178462.0
2012,KMR,47149246.0
2012,BKW,47113267.0
2012,IGM,47089737.0
2012,SPF,47073077.0
2012,P,47068692.0
2012,PBI,47056799.0
2012,QSFT,46875155.5
2012,INT,46776252.0
2012,NCR,46768846.0
2012,AUXL,46735406.5
2012,ACTG,46726649.0
2012,IAG,46666069.0
2012,CODI,46659361.0
2012,UFS,46595271.0
2012,FISV,46578479.5
2012,VIIX,46561740.0
2012,PWR,46538518.0
2012,EC,46466727.0
2012,ICF,46434980.0
2012,XEC,46354674.0
2012,RWX,46339586.0
2012,MAIN,46334245.0
2012,CTRP,46283495.0
2012,CLC,46222661.0
2012,QSII,46216091.0
2012,CP,46184721.0
2012,TD,45918797.0
2012,COO,45907429.0
2012,FDN,45827622.0
2012,ARMH,45818321.5
2012,CBL,45816900.0
2012,TAL,45815074.0
2012,EXPR,45807753.0
2012,GRT,45712834.0
2012,MCP,45641734.5
2012,OIL,45637455.0
2012,SWC,45385687.0
2012,EPI,45372534.0
2012,SNA,45353280.0
2012,KRC,45304863.0
2012,CHRS,45234794.0
2012,TS,45207408.0
2012,UTHR,45203653.0
2012,EAT,45169558.0
2012,WPZ,45109553.5
2012,NFG,45024309.0
2012,KBH,44958442.0
2012,MAKO,44863124.0
2012,SAH,44833431.5
2012,GRA,44776776.5
2012,EDC,44760572.0
2012,GFI,44721067.0
2012,AME,44660940.0
2012,BCS,44614055.0
2012,CHTR,44596622.0
2012,BEAM,44582619.5
2012,SAI,44538193.0
2012,HRB,44443452.5
2012,TLM,44439898.5
2012,MDRX,44426091.0
2012,STD,44412611.0
2012,VR,44395694.0
2012,FNFG,44387419.0
2012,EV,44370299.5
2012,KOL,44350420.0
2012,IJK,44341871.5
2012,WCRX,44298483.0
2012,OVTI,44207128.0
2012,NDAQ,44202394.0
2012,DISH,44127200.5
2012,AGP,44117291.0
2012,PIR,44073199.5
2012,STPZ,44071526.0
2012,SDY,44041743.0
2012,SBH,44009027.0
2012,LSCC,43972413.0
2012,CBG,43936953.5
2012,TRMB,43927415.5
2012,IXJ,43907976.0
2012,FTR,43899410.0
2012,AWI,43839573.0
2012,UUP,43833336.0
2012,SPPI,43798586.5
2012,TCB,43780851.0
2012,ESS,43756065.0
2012,ITT,43754299.0
2012,ALB,43733508.0
2012,VIV,43726427.0
2012,MMS,43713726.0
2012,ARCT,43704908.5
2012,ASNA,43668168.0
2012,FTNT,43647468.0
2012,GCI,43622815.0
2012,APL,43618244.0
2012,ILMN,43611165.0
2012,BKI,43595057.0
2012,THC,43570565.0
2012,EVEP,43546046.5
2012,OCR,43495101.0
2012,BOND,43461677.0
2012,ATPG,43451437.0
2012,CHD,43424696.0
2012,RE,43420267.5
2012,CASY,43411968.0
2012,PANL,43401896.0
2012,FMCN,43400679.0
2012,CNK,43283047.0
2012,AIV,43264411.5
2012,DRE,43223842.0
2012,TGI,43202131.0
2012,VXUS,43187541.5
2012,LM,43141161.0
2012,INVN,43119952.0
2012,EDU,43115002.0
2012,LNCR,43006438.0
2012,BWX,42987650.5
2012,SREV,42957377.0
2012,WXS,42946109.0
2012,RYL,42933195.0
2012,INFA,42921489.0
2012,VUG,42853500.0
2012,HGSI,42847361.0
2012,FIS,42828700.0
2012,HMSY,42804682.0
2012,FET,42780983.0
2012,ATHN,42767440.0
2012,SMG,42766090.0
2012,STLD,42712656.0
2012,CNQR,42661299.0
2012,SLXP,42647612.0
2012,SWI,42635416.0
2012,MGA,42569001.0
2012,BEAV,42519201.5
2012,ARUN,42481927.5
2012,L,42409668.0
2012,UL,42378660.5
2012,TMV,42374429.5
2012,MLM,42356964.0
2012,WNR,42306648.0
2012,BSBR,42245406.5
2012,EVR,42244117.0
2012,GIL,42238802.0
2012,CBI,42191852.0
2012,BIG,42154932.5
2012,IDXX,42096829.0
2012,MMP,42059020.0
2012,MTB,42041555.5
2012,KBR,41941916.0
2012,FDS,41919168.5
2012,XCO,41886523.0
2012,SKF,41879534.5
2012,APH,41855559.5
2012,FXD,41841110.0
2012,DDM,41811862.0
2012,NXY,41807643.0
2012,FXY,41771900.0
2012,JDSU,41759996.0
2012,CHH,41726901.0
2012,SGEN,41708705.5
2012,TEF,41704686.0
2012,CYMI,41662596.5
2012,WTW,41635477.0
2012,XRAY,41627535.0
2012,HTS,41575079.0
2012,SUPN,41572913.0
2012,LUFK,41571641.0
2012,MBT,41566466.5
2012,SKX,41544853.0
2012,MWE,41536434.0
2012,ROC,41505267.5
2012,PNR,41498204.5
2012,ATML,41488978.0
2012,RGR,41479884.0
2012,NVR,41467470.5
2012,TUMI,41440490.0
2012,IOC,41426337.0
2012,ELD,41385695.0
2012,BNNY,41381593.0
2012,ROSE,41357155.0
2012,EDZ,41313453.0
2012,ST,41281445.0
2012,VTV,41257802.5
2012,ALKS,41250699.5
2012,FLEX,41147664.5
2012,DPZ,41147011.0
2012,ETFC,41134873.0
2012,AYI,41129068.0
2012,R,41118112.5
2012,MELI,41081091.5
2012,AEGR,41045645.0
2012,INCY,41035775.0
2012,ROVI,41033952.0
2012,JAH,41033015.0
2012,ELN,40959600.5
2012,BRCD,40920405.0
2012,HOTT,40920218.0
2012,VSAT,40852847.0
2012,URTY,40821157.5
2012,DOX,40811354.0
2012,CHL,40778710.5
2012,DBA,40750769.0
2012,GGG,40750295.0
2012,SRCL,40740145.0
2012,RJF,40654261.0
2012,HAIN,40646339.0
2012,LKQ,40640512.5
2012,CYS,40604585.5
2012,VCLK,40601879.5
2012,DBEF,40599130.0
2012,EXXI,40594940.5
2012,HSIC,40578235.0
2012,ANSS,40525733.5
2012,HOS,40508891.5
2012,KMT,40479294.0
2012,CEF,40424992.0
2012,SHLD,40393646.0
2012,TRN,40377320.0
2012,UNT,40340383.0
2012,AMTD,40278534.0
2012,SCG,40193681.5
2012,DDD,40188893.0
2012,CLNE,40185066.0
2012,BVN,40131758.0
2012,WPX,40096462.0
2012,IVN,40088259.0
2012,PSS,40083455.0
2012,VMC,39974070.0
2012,VHC,39970237.0
2012,BBG,39970090.0
2012,HDB,39946013.5
2012,LPX,39895288.5
2012,KEX,39853437.0
2012,LFL,39832968.0
2012,CPT,39744371.5
2012,TREX,39739185.0
2012,CYBX,39732228.0
2012,CPHD,39714892.0
2012,ABB,39676055.0
2012,USLV,39672955.0
2012,PLCM,39635966.5
2012,BRFS,39612861.5
2012,EWP,39603433.0
2012,UBS,39594079.0
2012,MLI,39588468.0
2012,CXW,39571156.0
2012,ARCO,39568448.0
2012,YNDX,39552627.0
2012,NIHD,39512659.0
2012,MYGN,39448571.0
2012,MTD,39431077.5
2012,SHV,39430984.0
2012,RSE,39379931.0
2012,IPXL,39346232.5
2012,EWH,39306886.0
2012,MHK,39270543.0
2012,CCJ,39268954.0
2012,CFN,39265748.5
2012,BAP,39246801.5
2012,LEG,39231820.0
2012,CDE,39171872.0
2012,CVE,39158701.0
2012,BJRI,39156449.0
2012,ILF,39126945.0
2012,AINV,39096275.0
2012,WPO,39064903.0
2012,ROP,39063041.5
2012,SBRA,39058874.0
2012,SHOO,39057918.0
2012,VIXY,39022270.0
2012,WBC,39021559.0
2012,ANN,39010919.5
2012,NUGT,38991582.0
2012,SQM,38967359.0
2012,FRT,38938081.5
2012,TDW,38912994.5
2012,CCK,38882512.0
2012,BID,38877933.0
2012,FST,38866732.0
2012,PENN,38856458.0
2012,UNFI,38851436.0
2012,PBCT,38829949.5
2012,SCHN,38828405.0
2012,OAS,38827722.5
2012,GET,38822827.0
2012,SIAL,38821799.0
2012,WOR,38799278.5
2012,FXG,38783996.0
2012,AXS,38759229.5
2012,CVC,38731384.5
2012,PDP,38724269.0
2012,LINE,38696905.0
2012,VAL,38679085.0
2012,FIRE,38623352.5
2012,STZ,38622220.0
2012,VPU,38616867.0
2012,E,38591241.5
2012,BR,38587421.0
2012,KOF,38556352.0
2012,TWO,38552762.0
2012,MSCI,38550405.0
2012,PPO,38541353.0
2012,EXR,38528435.0
2012,EFZ,38502802.0
2012,GPN,38488797.0
2012,MKC,38458310.0
2012,RMD,38445693.0
2012,AIZ,38428244.0
2012,HIW,38426751.0
2012,FCN,38419745.5
2012,DEI,38403451.0
2012,WLK,38368809.0
2012,TM,38361112.5
2012,BMO,38356752.0
2012,HTWR,38333285.0
2012,TER,38302456.0
2012,FNSR,38302435.0
2012,GEOI,38301114.0
2012,MDC,38278296.0
2012,JEF,38262127.5
2012,PTR,38259860.0
2012,DDR,38246438.0
2012,RGA,38224015.0
2012,NUS,38221645.0
2012,SSYS,38213249.0
2012,NSM,38200844.0
2012,MR,38167123.5
2012,EXP,38162674.0
2012,TTM,38161086.0
2012,PNW,38141429.0
2012,OGE,38099855.0
2012,SAFM,38081989.0
2012,CYH,38077921.5
2012,JBLU,38074446.0
2012,CSC,38048835.0
2012,RY,38034161.5
2012,LVLT,37978161.5
2012,DAN,37938265.5
2012,IACI,37886259.0
2012,IVR,37883070.5
2012,ARE,37877479.0
2012,UHS,37865961.0
2012,WTSLA,37864151.0
2012,MDR,37834113.0
2012,AOL,37815520.0
2012,TROX,37808043.0
2012,BPOP,37794510.0
2012,LPS,37791485.0
2012,BIV,37782742.0
2012,AN,37776847.0
2012,ALK,37741956.5
2012,GNW,37736548.0
2012,SEE,37719449.0
2012,ELS,37712570.5
2012,IVW,37693949.0
2012,USMV,37693192.0
2012,MEOH,37689332.0
2012,Y,37688356.0
2012,FBHS,37687131.0
2012,DSW,37672645.5
2012,JEC,37661571.0
2012,SYT,37661280.0
2012,CSJ,37640519.0
2012,WRI,37638678.0
2012,CLGX,37595164.0
2012,FRI,37585217.0
2012,SVXY,37566072.0
2012,BFB,37543983.0
2012,CIU,37515258.0
2012,ALU,37511128.5
2012,MTW,37510312.5
2012,HME,37450891.5
2012,PCY,37441809.0
2012,KCG,37432461.0
2012,KCG,37432461.0
2012,NTES,37420353.0
2012,FLIR,37395822.0
2012,VRA,37389554.5
2012,DGP,37374534.5
2012,VEU,37363978.0
2012,DNB,37309784.0
2012,ULTI,37286001.0
2012,TE,37264228.0
2012,CLH,37263540.0
2012,RBN,37259627.0
2012,PAAS,37242620.0
2012,DTG,37241290.5
2012,FINL,37232276.5
2012,RNR,37223768.0
2012,PRGS,37210471.0
2012,TCO,37208735.5
2012,PSQ,37185919.5
2012,STRA,37177110.0
2012,KWK,37175496.0
2012,LORL,37174809.0
2012,POM,37156444.5
2012,LNN,37116098.0
2012,MTGE,37115364.0
2012,LII,37111969.5
2012,FCS,37092589.5
2012,CIG,37086574.0
2012,NUVA,37070021.5
2012,MCRS,37054512.0
2012,VRSK,37017912.0
2012,SNH,37016147.5
2012,SGY,36948364.0
2012,HRS,36917737.0
2012,LBTYA,36913405.0
2012,NYB,36911582.5
2012,NG,36906331.0
2012,LNT,36904491.0
2012,RS,36902835.0
2012,AG,36898447.0
2012,PCS,36892002.0
2012,LAMR,36877987.0
2012,GDI,36871920.0
2012,LAZ,36844956.0
2012,CHS,36837457.5
2012,PRE,36818114.5
2012,Z,36793208.5
2012,CLD,36791367.0
2012,CAKE,36752541.0
2012,CBST,36728778.5
2012,MOO,36726698.0
2012,JNS,36701231.5
2012,UWM,36693260.0
2012,LGF,36687152.0
2012,MD,36680209.0
2012,CRR,36635955.5
2012,IVE,36630872.0
2012,ANV,36620845.0
2012,IT,36575193.0
2012,AWAY,36545691.0
2012,ALSN,36526085.0
2012,TWTC,36517967.0
2012,DXJ,36515266.0
2012,BLL,36483372.5
2012,CAR,36454453.0
2012,GAS,36449006.0
2012,FTE,36429099.0
2012,SKT,36402908.0
2012,MSTR,36400626.0
2012,HCBK,36400126.5
2012,OI,36396924.5
2012,DRN,36381434.5
2012,EWA,36380450.0
2012,SID,36345558.0
2012,MAN,36343013.0
2012,ERY,36320114.5
2012,EWU,36319646.5
2012,BWLD,36311367.5
2012,BTI,36308287.5
2012,AOS,36291554.0
2012,TRW,36282948.0
2012,PCL,36274980.0
2012,JIVE,36263832.5
2012,TAP,36255901.0
2012,EWC,36234834.5
2012,XYL,36232714.0
2012,HSP,36218405.5
2012,GCO,36212802.0
2012,DEM,36210515.0
2012,WWW,36186069.5
2012,PPS,36170909.0
2012,REG,36169038.5
2012,CUBE,36158168.0
2012,PAG,36155600.5
2012,TMK,36154084.0
2012,QLIK,36153251.0
2012,ARO,36084739.0
2012,DFT,36073163.0
2012,PSEC,36023003.0
2012,DRC,36020885.0
2012,ITC,36011741.0
2012,LEA,36003626.0
2012,TTC,35955050.0
2012,CV,35935863.0
2012,TCBI,35934040.0
2012,VECO,35907424.0
2012,ACC,35889177.0
2012,LZB,35888953.0
2012,ETE,35871055.5
2012,CTAS,35811454.5
2012,IJS,35758163.0
2012,FXA,35729958.0
2012,MTL,35712452.0
2012,NNN,35711068.0
2012,SFLY,35706960.5
2012,AUQ,35700425.0
2012,CSL,35700206.0
2012,PAA,35686489.0
2012,CY,35662651.5
2012,OCN,35653049.0
2012,MW,35630642.0
2012,DOG,35618966.5
2012,ATO,35608079.0
2012,SPLV,35607187.0
2012,VYM,35602119.5
2012,AGO,35585063.0
2012,ING,35570737.5
2012,TEG,35563965.5
2012,FUN,35556770.0
2012,GWX,35550755.0
2012,SBNY,35505738.0
2012,CNW,35496888.0
2012,FXH,35488813.0
2012,VXF,35485819.0
2012,BPL,35480193.0
2012,CRI,35469899.5
2012,VPHM,35468170.5
2012,PEET,35464021.5
2012,UGL,35428880.0
2012,HL,35416216.0
2012,SIG,35344959.0
2012,EPP,35293448.0
2012,QIHU,35288112.0
2012,ACAS,35229129.0
2012,SVU,35222179.0
2012,LHO,35220795.0
2012,GNTX,35212051.5
2012,CRZO,35206701.0
2012,MFA,35201101.5
2012,ITRI,35199255.0
2012,SIX,35194261.0
2012,ERF,35129644.0
2012,SRTY,35093192.0
2012,SKS,35088981.0
2012,MMR,35074298.0
2012,AVT,35057708.0
2012,LXK,35046409.0
2012,PSB,34987440.0
2012,DV,34939851.0
2012,IPGP,34917134.0
2012,ARR,34904373.0
2012,WRB,34897851.0
2012,CPA,34839709.5
2012,GTLS,34835041.0
2012,TEN,34827564.5
2012,CAB,34804812.0
2012,TECD,34787112.0
2012,OFG,34741266.0
2012,CDNS,34685114.0
2012,RENN,34660042.0
2012,EGN,34654194.0
2012,NXPI,34643961.0
2012,STR,34636396.0
2012,MRX,34587806.5
2012,AJG,34576591.0
2012,EWBC,34558266.0
2012,FII,34542531.5
2012,RRD,34539440.5
2012,WRC,34529155.0
2012,PKI,34516803.0
2012,MINT,34503547.0
2012,IWR,34449470.0
2012,OHI,34439412.0
2012,MFC,34419561.0
2012,MLU,34417210.0
2012,CTR,34386760.0
2012,JAZZ,34384544.0
2012,BMR,34377682.5
2012,GLL,34366609.0
2012,SNE,34344223.0
2012,AMLP,34311199.0
2012,YOKU,34306734.0
2012,O,34290365.0
2012,BRE,34290206.0
2012,CEO,34288069.5
2012,RFMD,34242760.0
2012,THOR,34227835.0
2012,JLL,34143225.5
2012,AKRX,34133595.0
2012,RGC,34127255.5
2012,NGG,34103072.0
2012,SIVB,34076852.0
2012,CNO,34061286.0
2012,BPO,34036371.0
2012,BNS,34023822.0
2012,HMY,34010672.5
2012,BKE,34006109.5
2012,ARW,33969644.0
2012,IMAX,33969424.0
2012,RYN,33961680.0
2012,EWQ,33945196.5
2012,NGD,33910076.0
2012,CRK,33900028.0
2012,ESI,33872654.0
2012,WR,33864855.0
2012,SCHO,33841527.0
2012,BRO,33816192.0
2012,AWK,33814946.0
2012,ERJ,33809516.0
2012,END,33797722.0
2012,STO,33780433.0
2012,EXLS,33768943.0
2012,PQ,33719556.0
2012,BC,33715430.0
2012,OPEN,33699603.0
2012,ACOM,33681746.0
2012,ETH,33645376.0
2012,SAVE,33629427.0
2012,XG,33600365.0
2012,EZA,33590120.0
2012,TUP,33566265.0
2012,ENB,33537972.5
2012,NGLS,33514013.5
2012,PLT,33440756.0
2012,DMND,33437813.0
2012,PHH,33437252.0
2012,TIVO,33430839.0
2012,BX,33411605.0
2012,CACI,33411294.0
2012,LL,33308318.0
2012,DISCK,33293635.5
2012,IGV,33293204.0
2012,BMS,33273619.0
2012,AVY,33260359.0
2012,HPT,33209928.5
2012,GLNG,33205983.0
2012,BOH,33195623.0
2012,AIRM,33085910.0
2012,TSS,33058950.0
2012,RHI,33036366.0
2012,FRC,33030517.0
2012,CFR,33026527.0
2012,VSH,32967350.0
2012,CAVM,32948129.0
2012,EWL,32920248.0
2012,LECO,32897586.0
2012,VOO,32851323.0
2012,VB,32818105.0
2012,DCI,32807439.0
2012,GPOR,32797920.0
2012,IYF,32735679.0
2012,FWLT,32729385.5
2012,ATW,32675569.0
2012,BRY,32618164.0
2012,PSMT,32601659.0
2012,SBS,32594837.0
2012,VDE,32532178.0
2012,ACGL,32515762.0
2012,CVD,32479133.0
2012,CHG,32465519.0
2012,PDM,32457040.5
2012,VRNG,32432630.0
2012,RKT,32411151.5
2012,FLT,32366682.0
2012,GGC,32355725.5
2012,CNH,32338349.5
2012,VCSH,32291839.0
2012,HCSG,32192915.0
2012,FUL,32172010.0
2012,SOHU,32124650.0
2012,KNOL,32101132.5
2012,CSE,32086418.0
2012,TSU,32081759.0
2012,CMP,31831684.5
2012,TYH,31822750.0
2012,SDOW,31817818.0
2012,WAB,31808476.0
2012,LRY,31746626.0
2012,ERIC,31579147.0
2012,DUST,31567818.5
2012,CIB,31533168.5
2012,HBI,31453567.0
2012,CRS,31451420.0
2012,IFF,31363598.0
2012,DLB,31361475.5
2012,SPLK,31308663.0
2012,WTR,31196734.5
2012,SAM,31180355.0
2012,HRL,31177177.0
2012,AVAV,31166593.0
2012,IMO,31146478.0
2012,CROX,31135899.5
2012,GXP,31121173.0
2012,TTWO,31120201.0
2012,BYI,31114306.0
2012,WSO,31100119.0
2012,WSH,31060399.5
2012,BCE,31037742.0
2012,CYT,31036759.0
2012,BKD,30939813.0
2012,LSTR,30895740.0
2012,HXL,30728125.0
2012,GDP,30706289.0
2012,MNTA,30507602.0
2012,MTH,30456233.0
2012,NOIZ,30335760.0
2012,MBI,30321159.0
2012,MOLX,30298429.0
2012,SCHE,30136143.0
2012,SNTA,30134501.0
2012,CPWR,30123812.5
2012,TK,30092841.0
2012,PWE,30003405.0
2012,EWM,29998533.5
2012,MWV,29998162.0
2012,SCHH,29921640.0
2012,CLP,29890704.0
2012,WTI,29881067.5
2012,SEIC,29854568.0
2012,PLCE,29821343.5
2012,SLGN,29803146.0
2012,SFY,29756574.0
2012,CG,29755087.0
2012,INMD,29679594.0
2012,OTEX,29659100.0
2012,PDCO,29576104.0
2012,SIRO,29536139.0
2012,HSNI,29497412.0
2012,VXZ,29431565.0
2012,KBWB,29423488.0
2012,BSFT,29311042.0
2012,MNRO,29207664.0
2012,URS,29197475.0
2012,MTZ,29063779.0
2012,BDN,28654432.0
2012,EPB,28528800.0
2012,HDGE,28522816.0
2012,SCZ,28142706.0
2012,MKL,28077552.0
2012,TSL,27747087.0
2012,AFG,27656938.0
2012,GPI,27615667.0
2012,GEOY,27553232.0
2012,RYAAY,27246313.0
2012,PGX,27073031.0
2012,IM,26343527.0
2012,TQNT,25968759.0
2013,SPY,22636165279.0
2013,AAPL,4540992258.0
2013,IWM,3983800146.0
2013,EEM,3226157613.5
2013,PFE,2395778903.5
2013,QQQ,2319694140.0
2013,GOOG,1903845147.0
2013,C,1646952508.5
2013,MSFT,1537388558.5
2013,BAC,1501296035.5
2013,VXX,1280066532.5
2013,XLF,1181503672.5
2013,XOM,1178888634.0
2013,GLD,1132242118.5
2013,IYR,1087219525.0
2013,EFA,1072445010.5
2013,TLT,1050587435.0
2013,DIA,1033078658.5
2013,JPM,1017456929.5
2013,GE,956494447.5
2013,VWO,884813861.0
2013,TSLA,878792151.0
2013,INTC,870012351.5
2013,XLE,850276735.5
2013,QCOM,827574279.5
2013,FB,820275651.0
2013,EWZ,820226297.5
2013,IVV,800339416.5
2013,T,797523124.5
2013,MRK,790738426.0
2013,JNJ,786173679.0
2013,AMZN,775536758.0
2013,WFC,774061021.0
2013,CSCO,745696198.5
2013,AIG,717074558.5
2013,FXI,695390023.0
2013,HYG,692865292.5
2013,CVX,675925038.0
2013,EWJ,673120438.0
2013,IBM,667236466.5
2013,ORCL,643772441.0
2013,PG,640261588.0
2013,FAS,637965193.5
2013,HD,629248699.0
2013,SDS,597332805.5
2013,SSO,596674859.5
2013,TNA,587717971.0
2013,KO,582333915.0
2013,GS,568457831.5
2013,NFLX,566138181.5
2013,NWSA,560960128.0
2013,IFGL,555485021.5
2013,F,550755663.0
2013,V,546259224.5
2013,XLP,536198644.5
2013,EBAY,534561365.5
2013,TZA,532620754.0
2013,MU,531781524.0
2013,WMT,527538883.5
2013,GM,522753214.5
2013,XLI,514780240.0
2013,GILD,501770893.5
2013,EMC,499219313.5
2013,XLU,498601614.0
2013,VZ,497594207.0
2013,MS,492475447.0
2013,XIV,487202939.5
2013,CAT,481465255.5
2013,UST,480115296.0
2013,GDX,472270379.5
2013,CMCSA,471163693.5
2013,SLB,469460248.5
2013,S,464911662.0
2013,PCLN,459246699.0
2013,DXJ,452865886.5
2013,JNK,452572627.0
2013,MCD,450021800.5
2013,TBT,447916291.5
2013,PM,447192918.5
2013,BRK.B,444660136.0
2013,FCX,436204137.5
2013,DIS,432179666.5
2013,BMY,427000300.5
2013,AXP,425750946.5
2013,BA,425584679.0
2013,ZTS,417935203.0
2013,PEP,394818498.0
2013,XLV,390456186.5
2013,MET,376721256.5
2013,OXY,364212967.5
2013,HDS,361858321.0
2013,USB,361098401.0
2013,HPQ,360506047.0
2013,BIIB,359920345.5
2013,MA,358057871.0
2013,XLY,347890577.0
2013,MDY,344711828.5
2013,YHOO,343608741.5
2013,MMR,337859308.0
2013,HAL,330872462.5
2013,AMGN,328950380.0
2013,LVS,326841345.0
2013,LOW,326444913.0
2013,UTX,326130027.0
2013,BIDU,324403576.0
2013,LQD,323153709.5
2013,COP,322492782.0
2013,UNH,316268899.0
2013,HNZ,313119803.0
2013,TGT,311811860.0
2013,FSLR,311470759.0
2013,SBUX,306674085.0
2013,VNQ,305481183.0
2013,FAZ,305227681.0
2013,MON,303187263.5
2013,MO,302177036.0
2013,UVXY,290109515.5
2013,LNKD,285821420.0
2013,ABX,284882923.5
2013,CELG,283284137.5
2013,AMT,280890356.0
2013,APA,278858925.5
2013,MDT,278799350.5
2013,TWX,276829315.5
2013,EWW,273314479.5
2013,DD,270460637.0
2013,LYB,270047879.0
2013,UPS,269091653.5
2013,VALE,267954651.5
2013,CVS,266700507.0
2013,CRM,266492102.5
2013,MMM,263554589.5
2013,UNP,263525135.0
2013,LLY,262595492.5
2013,SPG,259240995.5
2013,VOD,258885069.0
2013,AGNC,257357040.5
2013,PBR,257284805.5
2013,XRT,257015062.0
2013,MDLZ,256843788.5
2013,BLK,256175840.5
2013,BBRY,255073468.5
2013,CBS,254485365.0
2013,UPRO,251982206.5
2013,WMB,249529018.5
2013,XLB,249331515.5
2013,TXN,246356384.5
2013,EQIX,243557910.0
2013,DE,243371274.0
2013,LEN,241151153.5
2013,VLO,240492270.0
2013,XLK,239399588.0
2013,SCHW,236391857.5
2013,XHB,235455885.5
2013,SIRI,234844852.0
2013,WAG,233813184.5
2013,GMCR,230187088.5
2013,NEM,230170004.0
2013,ESRX,229929074.0
2013,ABT,229330343.5
2013,NKE,228510159.0
2013,HON,225452223.0
2013,BRCM,223009746.0
2013,APC,222796325.0
2013,SPXU,221594774.5
2013,CHK,219887200.5
2013,LBTYA,219756765.5
2013,FDX,215398219.5
2013,TWC,214686436.0
2013,AMAT,214491561.0
2013,SLV,213412712.0
2013,DTV,213277454.0
2013,LULU,212161482.0
2013,VTI,211895387.0
2013,PRU,210301217.0
2013,WY,209684301.5
2013,MPC,209610479.5
2013,EXC,209477593.5
2013,NTAP,209365874.5
2013,DUK,209216402.5
2013,NOV,208992010.5
2013,SYMC,208581402.5
2013,AGN,208081299.0
2013,KMB,207464352.5
2013,PHM,207318129.5
2013,BEN,206150731.0
2013,CCI,206023741.5
2013,PSX,204253530.0
2013,SFD,202669351.0
2013,CL,202110208.5
2013,VMED,202023099.0
2013,COH,201994812.0
2013,TMO,201391197.0
2013,ABBV,201338148.0
2013,STT,201178321.0
2013,CME,200062973.5
2013,ACN,198744355.0
2013,YUM,197379064.0
2013,BAX,196417076.0
2013,XOP,194309299.5
2013,CMI,194101456.5
2013,DHR,193277394.5
2013,TIP,193252387.5
2013,D,192177646.0
2013,EOG,191863225.0
2013,CTSH,191741693.5
2013,SIR,191357006.0
2013,ETN,190363163.0
2013,DOW,189627517.0
2013,FOXAV,189532280.5
2013,ALL,189025479.0
2013,KORS,188712858.5
2013,SNDK,187390700.0
2013,REGN,186417421.5
2013,CSG,185376788.0
2013,SO,185221748.0
2013,COF,185035844.0
2013,UTIW,182297882.0
2013,MRO,182184405.5
2013,DHI,182171533.0
2013,HES,181608108.5
2013,PNC,181580977.5
2013,JKF,179305082.0
2013,DDD,179252636.0
2013,TRV,178396327.5
2013,COV,178331810.5
2013,PXD,178075259.5
2013,EMR,177072971.5
2013,AET,176332102.0
2013,HTZ,176318575.5
2013,GG,176082442.0
2013,CSX,174950584.0
2013,EBIX,174499805.5
2013,BP,172479666.5
2013,DG,171451419.5
2013,KRFT,171325201.0
2013,GIS,171175351.5
2013,LMT,170981342.0
2013,QLD,170938957.0
2013,TJX,170929975.0
2013,DAL,170870467.0
2013,VOO,170804998.5
2013,CX,170760209.0
2013,CLF,170738778.5
2013,DFS,170715517.5
2013,HIG,170280672.0
2013,STX,169852085.0
2013,APD,169664446.5
2013,ELN,169240372.0
2013,HCP,168626399.5
2013,NLY,168439948.5
2013,COST,167817877.5
2013,BK,167602168.0
2013,TSM,167163045.5
2013,CF,167114798.5
2013,RF,166585285.5
2013,VMW,166568068.0
2013,EMB,165824767.5
2013,PPL,165114102.0
2013,VIAB,165061204.0
2013,NEE,165048448.5
2013,NWSAV,164701031.5
2013,ITUB,163493248.0
2013,CTL,163368051.0
2013,GLW,161464324.5
2013,FITB,160677444.0
2013,TOL,160667567.5
2013,NWS,159853855.5
2013,POT,158907995.0
2013,NSC,158522553.5
2013,ADS,157666821.5
2013,PX,157588700.0
2013,CCL,156325802.0
2013,TSO,155348009.5
2013,AFL,154916903.0
2013,ABC,153225819.0
2013,WYNN,152871596.0
2013,USO,152702957.0
2013,M,152477859.0
2013,IP,152105915.0
2013,DVN,151062901.5
2013,CDW,149558069.0
2013,ITB,148911359.0
2013,HCN,148532530.0
2013,LTD,145152306.5
2013,OIH,145117099.5
2013,CMC,143963736.0
2013,GME,143941210.0
2013,IWD,143895765.5
2013,BLC,142948198.5
2013,LO,142862992.5
2013,ABV,142718689.0
2013,BSX,142355922.0
2013,KMI,142220063.5
2013,BLUE,142163538.0
2013,BHP,141859102.5
2013,BHI,141545741.5
2013,TYC,141277763.0
2013,TYC,141277763.0
2013,NVDA,141087011.0
2013,SH,140992301.0
2013,WDC,140561967.5
2013,ACT,140404963.0
2013,IBB,140284731.0
2013,VRX,140266026.0
2013,AEP,140043061.0
2013,SE,139973121.5
2013,SVXY,139902360.0
2013,WLP,139665797.5
2013,PLD,139620895.5
2013,RIO,139424730.0
2013,DOLE,139249823.0
2013,TCRD,138823898.0
2013,GD,138541939.5
2013,HCA,138250756.5
2013,RDS.A,137995283.0
2013,AMX,137836907.0
2013,SU,137777137.5
2013,PCP,137576106.5
2013,HFC,137145677.5
2013,IWF,137094466.0
2013,ARMH,136850279.0
2013,INTU,136702911.5
2013,ADBE,136442297.0
2013,ITW,136084297.0
2013,GOGO,135748592.0
2013,BBY,135038699.5
2013,NVE,134791012.0
2013,DELL,134414927.0
2013,A,134118861.0
2013,PFF,134096683.0
2013,EIX,134051230.5
2013,KR,133803285.0
2013,BMC,133696410.0
2013,BBBY,133605823.0
2013,ADT,133278927.5
2013,ACE,133011883.0
2013,URI,132850522.0
2013,BIL,132702454.0
2013,NUGT,132461643.5
2013,WLT,131459833.5
2013,BXP,130659231.0
2013,SHY,130179545.5
2013,RIG,130114984.0
2013,BUD,129833125.5
2013,EWY,129267486.0
2013,VTR,128299113.0
2013,ICE,127511995.0
2013,AGG,127281644.5
2013,MCK,126546656.5
2013,EXPE,126511643.5
2013,IVZ,126372943.0
2013,ALXN,126035899.5
2013,CAG,125555785.5
2013,HOT,125379813.5
2013,CI,124977149.0
2013,PBR.A,124960373.0
2013,VRTX,124590758.0
2013,XLNX,124192300.5
2013,VRA,124080830.0
2013,CFFN,123366934.0
2013,CHTR,123065336.5
2013,JCP,123006414.0
2013,STI,122720134.5
2013,LIFE,122232103.5
2013,EQR,121509767.0
2013,KMP,121103152.0
2013,LBTYK,120035808.5
2013,MYL,119651893.0
2013,CREE,119587972.0
2013,GPS,119561939.5
2013,MGM,118984943.0
2013,IR,118906964.0
2013,XEL,118796063.0
2013,HST,118773558.0
2013,AA,118512595.5
2013,SPLS,118488672.5
2013,TQQQ,117914833.5
2013,ED,117773107.0
2013,BBT,117678748.5
2013,TEVA,117601826.5
2013,MSI,117196125.0
2013,CMG,117001037.5
2013,WFM,116981420.0
2013,TMUS,116692573.5
2013,PTR,116443091.0
2013,COTY,116429294.0
2013,LYV,115449676.0
2013,IWO,115099608.0
2013,KSS,115052386.0
2013,ISRG,114997819.5
2013,JNPR,114788529.0
2013,CAM,114596482.5
2013,ADP,114463747.5
2013,SBAC,113980829.0
2013,ARB,113915308.0
2013,MOS,113850346.5
2013,CTXS,113657261.5
2013,AVB,113536325.0
2013,VEA,113494017.5
2013,SQQQ,113340538.0
2013,Z,112712636.0
2013,LNG,112603390.0
2013,RGP,112563561.0
2013,CAH,112557527.5
2013,OCN,111903149.0
2013,DLR,111842762.0
2013,AMP,111818532.0
2013,CA,111811590.5
2013,COG,111749054.0
2013,COLE,111698471.0
2013,SPXL,111667931.5
2013,BBD,111181481.5
2013,EZU,110735029.0
2013,GSK,110570572.0
2013,PH,110401795.0
2013,QID,110390249.0
2013,X,110377077.0
2013,NOC,110281864.5
2013,FBT,110263149.0
2013,TTEK,110057977.0
2013,KEY,109870253.0
2013,DISCA,109419083.0
2013,BND,108657067.0
2013,BFAM,108367810.0
2013,PSA,107605268.0
2013,ECL,107578624.5
2013,FFIV,106985419.0
2013,PCG,106827324.5
2013,FRI,106621454.0
2013,NBL,106391557.0
2013,RTN,106263552.5
2013,RHT,106222905.0
2013,K,105817016.0
2013,SHW,105733014.0
2013,CTB,105247585.0
2013,ADM,105107992.5
2013,MAS,104452188.0
2013,LNC,104334593.0
2013,GRPN,104284090.5
2013,LUV,103746186.5
2013,ACRE,103534491.0
2013,WHR,103430374.0
2013,FANG,102906847.0
2013,JOY,102876707.5
2013,RL,102730055.5
2013,CP,102037122.0
2013,ATVI,101949793.5
2013,TXTR,101894806.0
2013,HLF,101633354.0
2013,IPI,101489370.0
2013,AEC,101377247.0
2013,CKH,101117610.0
2013,KBH,100910306.5
2013,SCTY,100778370.5
2013,HMA,100618170.0
2013,SAP,100256928.5
2013,ALTR,100039928.0
2013,O,99878516.0
2013,NRG,99717232.5
2013,RRC,99590154.5
2013,SPHB,99165199.0
2013,BNDX,99138217.0
2013,VFC,98739391.5
2013,EL,98695741.5
2013,TDG,98592795.5
2013,SYY,98583171.0
2013,DLPH,98557087.0
2013,IEP,98334950.0
2013,FLR,98320329.0
2013,MMC,98275495.5
2013,SWN,98004981.5
2013,RSX,97716706.5
2013,AVGO,97715971.0
2013,HLSS,97661948.0
2013,AZN,97460872.0
2013,RWX,97447974.0
2013,CXO,97300223.5
2013,GNW,97228822.5
2013,KIM,96902162.5
2013,AMTD,96690355.0
2013,FE,96514156.5
2013,CB,96298314.0
2013,CSJ,96194835.5
2013,SGEN,96175842.5
2013,SDRL,95776288.5
2013,SLW,95739110.0
2013,SWY,95587061.5
2013,P,95479959.0
2013,CCE,95459397.0
2013,AZO,94991556.0
2013,WM,94741585.5
2013,PEG,94467420.5
2013,SRE,94315384.0
2013,IEF,93912680.0
2013,ALEX,93843867.0
2013,VGK,93608287.5
2013,ADSK,93593810.5
2013,WU,93393657.0
2013,FXY,93197787.0
2013,STEC,93188015.5
2013,IJH,92959078.0
2013,MATX,92871275.0
2013,EMN,92857800.5
2013,VALE.P,92828840.0
2013,ADI,92677385.0
2013,LMCA,92605234.5
2013,MXIM,92424624.5
2013,NVS,92351075.0
2013,PVH,92342032.5
2013,EWH,92231321.0
2013,STJ,91550870.0
2013,BKLN,91267434.5
2013,SODA,91097140.5
2013,MNST,91071685.0
2013,CTRX,90947721.0
2013,MCO,90853113.5
2013,NE,90597059.5
2013,LXFT,90473117.0
2013,TWO,90368700.0
2013,EQT,90287325.5
2013,VIG,90223106.0
2013,TRIP,89944028.0
2013,FXB,89882250.0
2013,SLM,89775199.0
2013,BX,89759866.5
2013,OSIS,89605496.0
2013,DISH,89559051.0
2013,RAI,89530522.5
2013,INFI,89481276.5
2013,RLGY,89369751.5
2013,RDN,89279517.5
2013,THOR,89154223.0
2013,HUM,89032888.0
2013,MUR,88632483.0
2013,VNO,88109997.0
2013,CFT,87974226.0
2013,AVP,87940872.5
2013,LRCX,87921100.0
2013,QIHU,87872497.0
2013,CBI,87812360.0
2013,WCRX,87798286.0
2013,MPEL,87741892.5
2013,UAL,87662643.0
2013,OMC,87516035.0
2013,SINA,86861748.0
2013,WFT,86816408.5
2013,HSY,86748246.5
2013,RH,86229825.0
2013,MTB,86198934.5
2013,PPG,86152236.0
2013,MAR,85871973.0
2013,EA,85670372.5
2013,VCLT,85441198.0
2013,FL,85280949.0
2013,STZ,84759114.0
2013,TROW,84671641.5
2013,KLAC,84622387.0
2013,CRR,84482777.0
2013,RCI,84393080.0
2013,TDC,84357950.5
2013,ESV,84338547.0
2013,IWN,84191208.0
2013,EWG,84041198.5
2013,EPD,83674294.5
2013,VRNT,83625561.0
2013,TIF,83439857.5
2013,RNA,83231205.0
2013,MHFI,83049511.5
2013,ULTA,82894894.0
2013,SLG,82492833.0
2013,DOV,82225377.5
2013,SNE,82116469.5
2013,NUE,82062975.5
2013,AON,81999778.0
2013,GPK,81924138.0
2013,VPHM,81832020.0
2013,BDX,81802092.5
2013,RDS.B,81701135.5
2013,CMCSK,81700979.0
2013,QLGC,81176015.0
2013,JBLU,81160027.0
2013,RYL,81083924.0
2013,SYK,81016435.0
2013,BRK.A,80764688.0
2013,XME,80562543.5
2013,BWA,80557276.0
2013,NTRS,80540619.5
2013,MAT,80359661.0
2013,TUR,80307344.0
2013,CPN,80210274.0
2013,FDO,80092137.0
2013,DVY,80052783.5
2013,MRVL,80019418.0
2013,IEI,79911384.0
2013,NRZ,79767537.0
2013,EWT,79722418.0
2013,PGR,79701441.5
2013,NUAN,79603047.0
2013,XRX,79552491.5
2013,ECA,79548719.0
2013,MJN,79485651.5
2013,ITRI,79430996.0
2013,VOX,79425863.0
2013,ILMN,79415390.5
2013,MHK,79373563.5
2013,OIS,79016639.0
2013,WYN,78728661.0
2013,BGC,78727639.0
2013,FTI,78652180.0
2013,FAST,78601823.5
2013,KNDI,78546773.0
2013,XTEX,78280130.0
2013,ET,78168600.0
2013,NWSVV,78118366.0
2013,ZMH,78030553.5
2013,ACWI,77796951.0
2013,QGEN,77739418.0
2013,TSN,77146771.0
2013,AMD,77135988.0
2013,CMA,77093166.5
2013,GXP,76917907.0
2013,DVA,76830121.0
2013,NOK,76744703.0
2013,KRE,76566896.0
2013,TWGP,76372123.0
2013,THC,76223149.0
2013,SWK,76008457.0
2013,HALO,75929521.0
2013,BCEI,75591996.0
2013,APL,75539757.0
2013,HOG,75395744.0
2013,SDY,75266951.5
2013,ETR,75237506.5
2013,PETM,75114324.0
2013,EW,75038128.0
2013,SWKS,75028478.0
2013,RAX,74958639.0
2013,CIE,74561646.5
2013,LVNTA,74548329.0
2013,AUY,74335290.0
2013,KERX,74269501.0
2013,PNR,74210545.5
2013,OC,74170088.5
2013,IWV,74133136.5
2013,SFL,73883531.0
2013,TEX,73869938.0
2013,ASML,73823904.0
2013,VRSN,73801689.5
2013,ONXX,73670813.5
2013,BWP,73601794.0
2013,SJM,73451132.0
2013,IJR,73360714.5
2013,LCC,73354443.5
2013,GVI,73206353.5
2013,DRI,73189697.5
2013,GGP,73175393.0
2013,TTS,73165732.5
2013,IGE,72924181.0
2013,ANF,72876041.5
2013,CFN,72849272.0
2013,SMH,72839894.0
2013,AKAM,72479016.0
2013,LINE,72454513.5
2013,VPU,72398282.5
2013,BOND,72363481.0
2013,PAY,72297744.5
2013,BCR,72235574.0
2013,IJK,72208739.0
2013,MACK,72162997.0
2013,UBNT,72122643.0
2013,AHT,72115692.0
2013,RHP,72093572.0
2013,SPWR,71600628.5
2013,GCI,71555980.5
2013,CNQ,71483611.0
2013,KEYN,71196769.0
2013,TWI,71089870.0
2013,CSIQ,70962377.0
2013,ROST,70830475.5
2013,CHRW,70807399.0
2013,BSV,70793690.5
2013,HBAN,70773555.0
2013,DDR,70696601.5
2013,UHAL,70688939.0
2013,TM,70424130.5
2013,CTRP,70388717.0
2013,FIS,70283711.0
2013,PII,70110336.5
2013,IEMG,70052854.0
2013,FOSL,70026880.5
2013,THO,70018574.0
2013,EWQ,69908858.0
2013,EWI,69830421.0
2013,TLLP,69810091.0
2013,IRM,69794599.5
2013,DLTR,69766648.0
2013,FLT,69499215.5
2013,PAYX,69307520.0
2013,TCK,69214139.0
2013,FLOT,69196814.0
2013,CIT,68914816.5
2013,DBC,68876355.5
2013,DEO,68815518.0
2013,CLR,68768068.0
2013,CBG,68716338.0
2013,LM,68551257.0
2013,JXI,68550269.0
2013,URBN,68538036.0
2013,HP,68453952.5
2013,PRGO,68321730.0
2013,HCBK,68279202.0
2013,LITB,68167789.5
2013,MDRX,68125764.5
2013,FXE,68008831.5
2013,GWW,67759785.5
2013,KAR,67451931.0
2013,HOLX,67446134.0
2013,TIVO,67380766.0
2013,IAU,67349566.0
2013,VO,67340811.5
2013,GIII,67336742.0
2013,DNR,67293537.0
2013,RCL,67291026.0
2013,HBC,67287043.0
2013,TEL,67208216.0
2013,ACMP,67184975.0
2013,CSC,67083219.0
2013,WSTC,66963957.0
2013,CIEN,66904437.0
2013,TWM,66881214.5
2013,GT,66742576.5
2013,PBCT,66707579.0
2013,NIHD,66684017.5
2013,FMX,66648683.5
2013,NOW,66553147.0
2013,EPI,66551451.0
2013,PNW,66535801.0
2013,TRMR,66468750.0
2013,ANV,66278513.0
2013,USMV,66273099.0
2013,ACAD,66261321.5
2013,KSU,66147683.5
2013,TXT,65950525.0
2013,UA,65921912.0
2013,OAS,65761578.0
2013,XCO,65501937.0
2013,RAD,65474024.0
2013,YCS,65294176.5
2013,ROK,65265926.0
2013,QCOR,65185645.0
2013,WPRT,65015813.5
2013,ZSL,64997747.5
2013,EPP,64914562.0
2013,CPHD,64900884.0
2013,SEIC,64873220.0
2013,SBS,64863694.0
2013,ANR,64647814.0
2013,PB,64640704.0
2013,PNRA,64624799.0
2013,UNG,64505726.5
2013,MT,64362798.5
2013,CVD,64303420.0
2013,MYGN,64242656.0
2013,SBB,64227802.0
2013,AES,64028477.5
2013,RMD,63908435.5
2013,REM,63906095.0
2013,LPX,63886153.0
2013,XL,63743521.5
2013,TSRO,63547855.0
2013,INFY,63425513.5
2013,SNY,63311310.0
2013,ETP,63307646.0
2013,MCHP,63171084.0
2013,ORLY,63049863.5
2013,YELP,63036228.0
2013,DB,63022542.0
2013,LAMR,62994362.0
2013,TDTT,62990720.0
2013,AMG,62959212.0
2013,CEF,62877548.0
2013,CNP,62787359.0
2013,MBB,62777793.0
2013,SCPB,62757231.0
2013,ZNGA,62593101.0
2013,CERN,62565746.5
2013,IRBT,62404209.0
2013,WSH,62366894.0
2013,WDAY,62353327.5
2013,VNDA,62289461.0
2013,DUST,62198661.0
2013,INVN,62175592.0
2013,CNX,62154629.0
2013,EWA,62131293.5
2013,WLL,62118093.0
2013,XEC,62039703.5
2013,BMRN,61887035.5
2013,RKT,61850026.0
2013,PMCS,61846345.0
2013,VXUS,61801139.0
2013,JWN,61788876.0
2013,MAC,61777974.0
2013,CHKP,61765346.0
2013,JNS,61746654.0
2013,MNKD,61718089.5
2013,DLN,61696856.5
2013,ISIS,61672881.0
2013,ASI,61664625.0
2013,FRX,61654933.0
2013,LLTC,61633801.0
2013,CNI,61615622.0
2013,KMX,61498478.0
2013,OKE,61362172.5
2013,BERY,61264201.0
2013,FITBP,61173043.5
2013,ROP,61046564.0
2013,IHS,61034355.5
2013,FNP,61015748.0
2013,HYS,60905421.0
2013,CPB,60882880.0
2013,PCAR,60806243.5
2013,CAR,60750099.5
2013,TAP,60726607.0
2013,CRI,60724656.0
2013,ETE,60705431.5
2013,NXPI,60604105.0
2013,STRZA,60534135.5
2013,SSYS,60499857.5
2013,TU,60489453.0
2013,TV,60477228.0
2013,DYN,60460714.5
2013,SPF,60210438.0
2013,AMLP,60142062.0
2013,APOL,60002982.5
2013,SPLK,59992353.0
2013,BEE,59955219.5
2013,DWRE,59922488.0
2013,NBHC,59753192.0
2013,KGC,59672071.0
2013,GDI,59666695.0
2013,SJNK,59654612.0
2013,PCYC,59645775.0
2013,EDC,59595402.0
2013,PWR,59570125.0
2013,SOHU,59535510.0
2013,SHV,59479213.0
2013,VHS,59465499.0
2013,CMS,59338850.0
2013,WOR,59269446.0
2013,WIN,59229728.0
2013,SRPT,59205407.0
2013,NU,59200091.5
2013,VXZ,59154286.0
2013,SEMG,59117494.0
2013,CLX,59109423.5
2013,HRB,58979255.0
2013,MLU,58933848.0
2013,PCY,58884459.0
2013,CLWR,58821647.5
2013,WBMD,58805260.0
2013,NVO,58787921.0
2013,GFI,58773797.0
2013,GRA,58400468.5
2013,VCSH,58395677.0
2013,MUB,58354872.0
2013,EUO,58249172.0
2013,WAGE,58244055.0
2013,TSCO,58205230.5
2013,DPS,58054313.5
2013,SEAS,58032409.0
2013,SMFG,58026709.0
2013,IPG,58022255.5
2013,BKS,57953788.5
2013,DGS,57953049.0
2013,TIBX,57734252.0
2013,LEMB,57729165.0
2013,EVTC,57714245.0
2013,FDS,57640581.0
2013,TRW,57634349.0
2013,ALU,57581742.0
2013,VIXY,57553655.5
2013,UN,57517908.5
2013,DTE,57502304.5
2013,ATML,57396758.5
2013,GMED,57316379.0
2013,NYX,57313733.0
2013,VVUS,57309583.5
2013,AGO,57307977.0
2013,TBF,57251931.0
2013,AGU,57240040.5
2013,SAN,57234934.0
2013,ZION,57193254.5
2013,DGLD,57180092.0
2013,ENDP,57153057.0
2013,EXP,57076950.0
2013,MLNX,57068140.0
2013,GNMK,57038571.0
2013,CHL,56994559.0
2013,FBHS,56906542.0
2013,CWB,56797737.0
2013,CLVS,56758485.5
2013,DNB,56753473.0
2013,PANW,56752423.5
2013,MINT,56749457.0
2013,BRO,56734982.0
2013,LL,56727923.0
2013,BPL,56675012.0
2013,ARG,56663227.0
2013,FEZ,56629004.0
2013,TUMI,56584008.0
2013,VNTV,56504690.5
2013,YY,56454390.0
2013,DGX,56441469.5
2013,UCO,56326816.0
2013,FHN,56311680.0
2013,DEM,56296081.0
2013,SRC,56288821.0
2013,RSG,56259391.0
2013,MTN,56251194.0
2013,AEGR,56128492.0
2013,PTCT,55982061.0
2013,AOS,55917313.0
2013,OMI,55910299.0
2013,OMI,55910299.0
2013,UGI,55787963.0
2013,EDZ,55695026.0
2013,CYH,55664495.0
2013,BAP,55602860.0
2013,NWL,55579250.0
2013,DMND,55574491.0
2013,MCHI,55557446.0
2013,AEE,55545739.0
2013,GLL,55533622.0
2013,SIRO,55523517.0
2013,TLM,55495069.0
2013,WES,55491404.0
2013,PFG,55439337.0
2013,CLB,55382897.0
2013,PPO,55379715.0
2013,ONNN,55350149.0
2013,WWAV,55306889.0
2013,ALV,55282663.5
2013,WLK,55226264.0
2013,NGG,55207669.0
2013,WBS,55156059.0
2013,CNQR,55075298.0
2013,MW,55056988.0
2013,NBR,55042689.5
2013,SNV,55013304.5
2013,VTV,54965669.5
2013,IYF,54878651.0
2013,FET,54823266.0
2013,FXA,54802965.5
2013,AXLL,54730678.0
2013,MLI,54712213.0
2013,FINL,54675466.0
2013,FNSR,54478875.5
2013,MKC,54462861.0
2013,FNGN,54397472.0
2013,AEM,54387302.0
2013,PENN,54377341.0
2013,RKUS,54377276.5
2013,MBT,54329797.0
2013,DDM,54276860.5
2013,FRC,54235274.5
2013,NFX,54201213.0
2013,WAT,54178775.0
2013,PDCO,54146364.0
2013,CLP,54101768.5
2013,MTG,54028629.0
2013,TW,53960491.5
2013,GIMO,53960445.0
2013,SSNC,53943004.0
2013,SLXP,53928841.0
2013,UDR,53927738.0
2013,GOLD,53901735.0
2013,CIU,53885589.5
2013,JDSU,53762829.0
2013,RPRX,53711884.0
2013,CXW,53643711.5
2013,ROC,53639840.0
2013,TXI,53617711.0
2013,KKR,53583389.0
2013,SPR,53579342.0
2013,EVR,53571006.0
2013,UYG,53547355.0
2013,FNFG,53545712.0
2013,MTW,53522334.5
2013,PAA,53475066.0
2013,IBN,53461323.0
2013,UNM,53448959.0
2013,LGF,53402526.0
2013,LOCK,53387096.0
2013,DO,53299662.5
2013,ARCP,53242910.0
2013,DOG,53234669.0
2013,SCCO,53233586.5
2013,SLCA,53205005.5
2013,ROVI,53194148.5
2013,JAZZ,53120341.0
2013,KMR,53039041.0
2013,KBE,53038524.0
2013,DPZ,53022834.0
2013,IWB,52891439.0
2013,G,52782765.0
2013,GTI,52768721.0
2013,UFPI,52730883.0
2013,TOT,52721138.5
2013,SPLV,52681790.0
2013,ICON,52579580.0
2013,BVN,52561313.0
2013,PCL,52537707.0
2013,ARUN,52499729.0
2013,PTEN,52470528.0
2013,CFX,52453854.5
2013,NLSN,52425617.5
2013,DCT,52405828.0
2013,GNRC,52396617.0
2013,ECPG,52395743.0
2013,EPB,52339538.0
2013,AVD,52335993.0
2013,OEF,52288851.0
2013,UNXL,52267746.0
2013,POR,52249316.0
2013,TLAB,52239805.0
2013,OCR,52194566.0
2013,RGLD,52190560.0
2013,CST,52184437.0
2013,MFRM,52160522.0
2013,FLS,52148038.0
2013,DRE,52127584.0
2013,JBL,52061808.0
2013,SUNE,52043105.0
2013,NI,52027031.5
2013,GSY,52011991.0
2013,GNC,51995627.0
2013,SIAL,51948487.0
2013,SCO,51941356.0
2013,TRN,51926701.5
2013,ASNA,51923743.5
2013,HTA,51923108.0
2013,HTA,51923108.0
2013,SPXS,51898096.0
2013,BPO,51896417.0
2013,SAI,51870904.0
2013,SBGI,51855154.0
2013,GPOR,51817857.0
2013,ASH,51731698.0
2013,ATW,51647965.0
2013,ILF,51628481.0
2013,WMGI,51585872.0
2013,EWU,51569054.0
2013,ORI,51531537.0
2013,CS,51519296.0
2013,BC,51382119.0
2013,SIVB,51381506.0
2013,TMV,51375245.0
2013,TPX,51362714.0
2013,UPL,51357226.0
2013,NNN,51356543.0
2013,EMLC,51352989.0
2013,BID,51319303.5
2013,WTR,51317572.0
2013,HUN,51239435.0
2013,ST,51231824.0
2013,YNDX,51205266.0
2013,EXPD,51179643.5
2013,HMC,51160915.0
2013,BCC,51121469.0
2013,TTWO,51099708.0
2013,WPZ,51080037.0
2013,POM,51047248.0
2013,NSM,51041745.0
2013,SYNA,51040455.0
2013,ARCC,51010718.0
2013,TSS,50994815.0
2013,UWM,50994769.0
2013,WSM,50925154.0
2013,IWS,50916767.5
2013,EWC,50845895.0
2013,MTCN,50806955.0
2013,EXXI,50715849.0
2013,SVU,50624001.5
2013,AMJ,50609937.0
2013,MELI,50609786.5
2013,PGX,50594719.0
2013,AWAY,50465025.0
2013,PBI,50423997.0
2013,SPN,50394735.5
2013,IWX,50338013.5
2013,AEO,50245562.0
2013,CPA,50233968.5
2013,IGT,50196597.0
2013,RBC,50167804.0
2013,BRCD,50062608.0
2013,PZA,50061724.0
2013,ENB,50050894.5
2013,UNS,50038601.0
2013,CE,50023975.5
2013,SNI,49961916.0
2013,OI,49961697.0
2013,SCHB,49921892.0
2013,LH,49867461.5
2013,SPRD,49825052.0
2013,FRAN,49820481.0
2013,IVE,49796114.0
2013,CCK,49748309.0
2013,MMP,49722184.0
2013,SMTC,49703120.0
2013,ARIA,49658520.0
2013,FRT,49653032.0
2013,AXS,49635767.0
2013,MSG,49619640.0
2013,ALB,49618458.5
2013,BG,49583804.0
2013,PHYS,49582513.0
2013,HBHC,49581771.0
2013,PWE,49577064.5
2013,HSH,49504099.0
2013,AME,49503900.5
2013,ACAS,49414106.0
2013,STWD,49412177.0
2013,HCI,49391616.0
2013,WBSN,49390955.0
2013,PRE,49389407.5
2013,OVTI,49350590.0
2013,FIVE,49349487.5
2013,GES,49266134.5
2013,UBS,49239826.0
2013,SNH,49195623.0
2013,BCS,49154574.0
2013,PLL,49149275.0
2013,USG,49045264.5
2013,AU,49035126.0
2013,LKQ,49024794.0
2013,IFF,49011817.0
2013,CUBE,48993073.0
2013,WEC,48970854.0
2013,HRL,48960887.0
2013,MDCO,48905408.0
2013,DKS,48893831.0
2013,CYS,48889348.0
2013,PALL,48809813.0
2013,ACI,48792846.0
2013,COL,48764715.0
2013,LPS,48714219.0
2013,CNW,48676321.0
2013,HAS,48620983.0
2013,EXR,48573745.0
2013,VCIT,48568841.5
2013,RS,48560252.5
2013,DOX,48543268.0
2013,INFA,48537847.0
2013,ERJ,48496312.5
2013,IYT,48472669.0
2013,ARNA,48336935.0
2013,MDVN,48318549.0
2013,MTH,48316761.0
2013,VV,48295818.0
2013,PRLB,48264766.0
2013,TREX,48259365.0
2013,THRX,48237698.0
2013,NGLS,48219363.0
2013,FIO,48195429.0
2013,GPC,48156652.0
2013,SIG,48151422.0
2013,BEAV,48123565.0
2013,ERIC,48115296.0
2013,CAKE,48072678.5
2013,RYN,48049408.0
2013,ATI,48028346.0
2013,NTI,48022033.0
2013,KIE,47989276.0
2013,MD,47980289.5
2013,LUFK,47941413.5
2013,CVC,47905195.0
2013,CBRL,47818629.0
2013,NBG,47814646.0
2013,LEG,47803432.0
2013,CAB,47797632.0
2013,SHPG,47753210.0
2013,EWD,47740241.0
2013,DISCK,47732895.0
2013,CG,47712361.0
2013,PKI,47698975.0
2013,DSW,47635403.5
2013,TKR,47632025.0
2013,PBF,47577321.0
2013,ABB,47496661.0
2013,HAIN,47459926.0
2013,TD,47431944.0
2013,CHS,47394391.0
2013,WNR,47342910.0
2013,HOV,47205668.0
2013,GWR,47187035.0
2013,FMC,47183750.0
2013,THD,47138607.0
2013,EAT,47056180.0
2013,ARR,47036495.0
2013,CVLT,47004539.0
2013,PIR,46998418.0
2013,KOG,46977733.0
2013,VHT,46915207.0
2013,EEMV,46863999.5
2013,AN,46834865.5
2013,MCP,46799117.5
2013,ICF,46770531.0
2013,WRI,46769216.5
2013,SAVE,46767551.0
2013,IWC,46766573.0
2013,AMBC,46717508.0
2013,SI,46703828.0
2013,CBD,46702523.0
2013,CPT,46702254.0
2013,BKD,46674533.0
2013,RNR,46673235.0
2013,RWM,46662916.5
2013,CVI,46638544.5
2013,CPWR,46628285.5
2013,NAV,46595413.0
2013,BEAM,46531004.0
2013,VUG,46523021.5
2013,CBL,46508314.0
2013,CDNS,46467835.0
2013,HHC,46466601.0
2013,TGI,46460564.0
2013,SHM,46443005.0
2013,IWR,46424397.0
2013,COO,46407772.0
2013,L,46399956.0
2013,WMS,46356477.0
2013,SM,46351183.0
2013,GDXJ,46332958.0
2013,INDA,46328910.0
2013,BCE,46292296.0
2013,BWLD,46261403.0
2013,MWE,46226021.5
2013,TRMB,46173049.5
2013,IOC,46169856.0
2013,E,46123054.5
2013,PSEC,46007856.0
2013,BMO,46006950.0
2013,HK,46004224.0
2013,POOL,45980688.0
2013,SEE,45967584.0
2013,SRCL,45948095.0
2013,HDB,45943452.5
2013,MTD,45917677.0
2013,IACI,45905165.0
2013,DNKN,45898663.5
2013,NYCB,45889865.5
2013,AAP,45882795.5
2013,CYT,45877645.5
2013,IVW,45857508.0
2013,HSIC,45809563.0
2013,AIV,45774658.0
2013,CNK,45771343.0
2013,VAR,45742659.0
2013,XONE,45723521.0
2013,PKG,45713775.0
2013,HBI,45698646.0
2013,ZQK,45664483.5
2013,MLM,45654277.5
2013,LUK,45641614.5
2013,SQM,45637321.0
2013,IDXX,45628259.0
2013,TRP,45621482.0
2013,AMCX,45610368.0
2013,IYH,45605631.0
2013,CBOE,45601612.0
2013,GTLS,45582912.0
2013,LINTA,45581154.0
2013,VCLK,45550149.0
2013,SDOW,45522889.0
2013,SBH,45500835.0
2013,CIM,45451514.0
2013,MAA,45444422.0
2013,EWM,45439932.5
2013,OHI,45438803.0
2013,LII,45404200.5
2013,TUP,45370654.0
2013,SKM,45354538.0
2013,TTM,45349873.0
2013,SOXX,45243809.0
2013,EWS,45223533.0
2013,BRY,45223357.0
2013,ALK,45204793.0
2013,CPRT,45162012.0
2013,MWV,45157738.5
2013,NGD,45134576.0
2013,ELD,45118751.5
2013,BLL,45110378.5
2013,HIW,45083943.0
2013,QEP,45082916.0
2013,HOS,44981375.0
2013,ACTG,44946302.0
2013,JAH,44930802.0
2013,HDV,44927527.0
2013,UHS,44864940.0
2013,TMH,44864063.0
2013,PSK,44847957.0
2013,HIMX,44840269.5
2013,TEG,44831992.0
2013,VYM,44830213.0
2013,KKD,44827775.0
2013,TVIX,44817922.0
2013,CWH,44816707.0
2013,IAG,44803744.0
2013,ROSE,44765199.0
2013,STPZ,44710864.0
2013,VEU,44620505.0
2013,NRF,44598831.0
2013,ETFC,44586521.5
2013,NXST,44566640.5
2013,EFV,44563515.5
2013,SWHC,44558579.0
2013,FWLT,44540901.5
2013,FISV,44503540.0
2013,EUM,44486809.5
2013,CSOD,44388004.0
2013,ESPR,44371421.0
2013,RVBD,44273094.5
2013,NUS,44270407.5
2013,LEA,44258191.0
2013,CBSH,44249805.0
2013,VSI,44220520.0
2013,DANG,44155409.0
2013,WEN,44153861.0
2013,NPSP,44141269.0
2013,BKW,44136687.0
2013,KBR,44134293.0
2013,ESS,44129908.0
2013,APH,44128369.5
2013,IEV,44102709.0
2013,MGA,44047505.0
2013,PRXL,44025641.5
2013,ARP,43944299.0
2013,JBHT,43943607.0
2013,SCG,43883001.0
2013,STO,43870408.0
2013,RYAAY,43868876.0
2013,CLH,43864430.0
2013,PSQ,43859652.5
2013,TER,43846938.0
2013,APO,43828463.0
2013,FEM,43796803.0
2013,CRUS,43794503.0
2013,PPC,43729001.0
2013,BBL,43723076.0
2013,HSP,43720039.0
2013,VAL,43707554.0
2013,TCO,43693553.0
2013,WDR,43680903.0
2013,RE,43661723.0
2013,NCT,43595982.0
2013,ANN,43585784.0
2013,FTR,43547443.0
2013,JEC,43529884.0
2013,BMR,43510480.5
2013,AMRN,43497006.0
2013,WPC,43479219.0
2013,DAN,43444471.0
2013,XLG,43413617.0
2013,RDC,43371647.0
2013,WOOF,43335219.0
2013,AAXJ,43331872.5
2013,FLEX,43324822.0
2013,AXL,43315127.0
2013,DXD,43312902.0
2013,DEI,43279666.5
2013,TE,43233609.0
2013,ACC,43192733.0
2013,CLNY,43140264.0
2013,FTNT,43085923.0
2013,FOXVV,43007931.5
2013,PHH,42914726.0
2013,CVE,42883148.0
2013,MR,42758720.0
2013,GEL,42705444.0
2013,SNTA,42699502.0
2013,WETF,42660824.0
2013,ACGL,42649762.5
2013,VIV,42645207.0
2013,HT,42629944.0
2013,RY,42615903.0
2013,BKU,42607326.0
2013,LXP,42600814.0
2013,MSCI,42566790.0
2013,RFMD,42558648.0
2013,REK,42548063.0
2013,EGO,42479360.0
2013,CY,42478511.0
2013,MFC,42475154.0
2013,WBC,42444708.5
2013,XBI,42429330.0
2013,VR,42409579.0
2013,SPW,42393547.5
2013,SD,42356555.5
2013,HXL,42280247.0
2013,R,42250987.0
2013,DRN,42244825.0
2013,TDW,42219359.0
2013,MBI,42199550.0
2013,VC,42195467.5
2013,NKY,42167637.5
2013,MCRS,42146461.0
2013,CBST,42137066.0
2013,FII,42081190.5
2013,LRY,42070614.5
2013,AGQ,42061162.5
2013,GPN,42024992.0
2013,RJF,41974085.0
2013,BNS,41913679.0
2013,SIX,41906315.0
2013,HPY,41905880.0
2013,LAZ,41892894.5
2013,IPGP,41840476.5
2013,TS,41839304.0
2013,HRS,41829499.0
2013,SCSS,41792567.0
2013,BSMX,41737924.0
2013,LNCO,41733837.0
2013,OAK,41721592.0
2013,EEV,41720007.0
2013,VMC,41698116.0
2013,BIG,41644123.0
2013,ODFL,41615986.0
2013,WAB,41597673.0
2013,NDAQ,41595850.0
2013,SHLD,41561809.0
2013,ERX,41525195.0
2013,KRC,41426420.0
2013,DF,41424582.0
2013,RWR,41403324.5
2013,RSP,41401436.5
2013,CLI,41399469.0
2013,WPX,41384983.0
2013,STR,41379868.0
2013,IVR,41315756.0
2013,Q,41303243.0
2013,WRB,41138478.5
2013,SCI,41091248.0
2013,ACM,41076710.0
2013,NMFC,41037180.0
2013,IN,41032198.0
2013,ING,41027776.5
2013,MTGE,41018612.0
2013,OGE,41004952.0
2013,UFS,40934166.0
2013,CSTR,40924804.0
2013,CYBX,40869074.5
2013,ENH,40844701.0
2013,TWTC,40839204.0
2013,GRMN,40817081.0
2013,VMBS,40816977.0
2013,HAR,40810423.5
2013,ALKS,40729278.0
2013,GGB,40693880.5
2013,FCFS,40647209.0
2013,VRSK,40567814.0
2013,ODP,40550186.0
2013,CINF,40542485.5
2013,ANGI,40521652.0
2013,ARE,40491401.0
2013,INCY,40462374.0
2013,CHMT,40449370.0
2013,BIV,40401617.5
2013,FLIR,40399676.0
2013,AOL,40384082.0
2013,BLOX,40381366.5
2013,HYD,40369061.0
2013,YOKU,40365188.5
2013,STM,40326565.0
2013,ANSS,40301299.0
2013,REG,40290077.0
2013,ATLS,40286116.0
2013,AVT,40259245.5
2013,SCHP,40055458.0
2013,GTAT,40010895.0
2013,EGN,39978207.0
2013,CIG,39913116.5
2013,MDC,39901025.0
2013,LVLT,39874577.5
2013,DBA,39781325.0
2013,QLIK,39775966.5
2013,TRI,39772093.5
2013,PPS,39769770.5
2013,UTHR,39768780.0
2013,FCE.A,39765680.0
2013,CLDX,39756090.5
2013,RPTP,39680205.0
2013,WCC,39673061.0
2013,VPL,39653295.0
2013,NCR,39587332.0
2013,JLL,39582075.5
2013,EDU,39566276.5
2013,BR,39547009.0
2013,SEP,39518794.0
2013,AWK,39508001.0
2013,STEI,39502763.0
2013,XRAY,39397598.0
2013,STLD,39394944.5
2013,URS,39391268.0
2013,INFN,39361953.0
2013,DK,39339198.0
2013,MSCC,39331134.0
2013,KEX,39261513.0
2013,Y,39258227.0
2013,LSI,39221965.0
2013,IYZ,39131665.0
2013,KS,39047722.0
2013,SCZ,39011417.0
2013,DDS,38996670.0
2013,TMHC,38973590.5
2013,NVR,38938162.0
2013,HME,38886649.0
2013,XVZ,38843282.0
2013,VOYA,38761659.0
2013,EEP,38740749.0
2013,GA,38731483.0
2013,AGCO,38727447.0
2013,AINV,38703368.0
2013,DRQ,38683733.5
2013,VMI,38663047.0
2013,UUP,38658357.0
2013,MRC,38641187.0
2013,NFP,38633174.0
2013,THI,38622052.0
2013,RGA,38597272.5
2013,EPU,38574565.0
2013,BRFS,38537243.0
2013,OKS,38523165.5
2013,MFA,38512140.0
2013,SFLY,38473368.0
2013,CFR,38458099.0
2013,PHG,38301124.0
2013,MTU,38286497.0
2013,CERE,38267311.0
2013,CONN,38199265.5
2013,DRC,38156839.5
2013,PGF,38154571.0
2013,BAM,38145943.0
2013,KMT,38107376.0
2013,BSBR,37977850.0
2013,CM,37917408.0
2013,ARO,37902925.5
2013,CBMX,37893930.0
2013,NTES,37807717.5
2013,EWL,37717101.0
2013,N,37647896.5
2013,WR,37642102.0
2013,BRE,37545731.5
2013,OII,37523192.0
2013,ELGX,37456272.0
2013,UL,37371673.0
2013,PAAS,37306196.5
2013,RBS,37180764.0
2013,CZZ,37027408.0
2013,LPLA,36976165.0
2013,FMER,36899189.0
2013,NATI,36869056.0
2013,EZA,36808612.0
2013,CRZO,36771669.0
2013,SID,36763667.0
2013,EXH,36756788.0
2013,BIP,36750792.0
2013,OSK,36729398.0
2013,PMT,36728957.0
2013,TMK,36722868.0
2013,YGE,36614548.0
2013,EFX,36609436.0
2013,BLMN,36584524.0
2013,CNC,36456266.0
2013,HL,36456146.0
2013,YRCW,36437079.0
2013,SWI,36429641.5
2013,DWA,36424090.0
2013,EXAS,36417645.5
2013,DVAX,36413836.0
2013,CHD,36363338.5
2013,IHI,36339351.0
2013,FLO,36323532.5
2013,CSL,36314284.0
2013,HTS,36125617.0
2013,RYT,36122104.0
2013,MDR,36093564.5
2013,HPT,36088431.5
2013,ALGN,36039205.0
2013,LPI,36020140.0
2013,XLS,35994671.0
2013,VGIT,35958459.0
2013,FAF,35910570.0
2013,LQDT,35853700.0
2013,ATO,35800398.0
2013,RHI,35730655.0
2013,SFY,35727585.0
2013,LXK,35721537.0
2013,CVA,35686400.0
2013,ATHN,35669606.5
2013,FIRE,35637048.5
2013,DLX,35593722.0
2013,ESI,35550374.0
2013,HTWR,35408044.0
2013,EV,35397693.0
2013,DGP,35358621.0
2013,DCUA,35265697.0
2013,AJG,34987453.5
2013,VB,34913194.0
2013,EXPR,34906084.5
2013,AMBA,34838545.0
2013,MSM,34719292.0
2013,TROX,34623810.0
2013,SNPS,34620158.0
2013,NTGR,34612340.0
2013,PIE,34606813.0
2013,CCJ,34504964.0
2013,HMSY,34362418.5
2013,GY,34287389.5
2013,FNV,34219030.0
2013,CAVM,34187277.0
2013,EIDO,34147179.0
2013,SRTY,34145947.0
2013,WWWW,34042511.0
2013,IEX,33833408.0
2013,BEAT,33810817.0
2013,PIZ,33777032.0
2013,VNM,33683539.0
2013,DGI,33633993.0
2013,UDOW,33529659.0
2013,ICPT,33483879.0
2013,EWBC,33438032.0
2013,DFT,33303157.0
2013,RWT,33211631.0
2013,TVL,33201451.0
2013,CLY,33109201.0
2013,SNTS,33015325.0
2013,INXN,32820468.0
2013,VIPS,32675779.0
2013,IWP,32566518.0
2013,DECK,32549637.0
2013,BAB,32529792.0
2013,MOO,32109787.0
2013,TAM,31653401.0
2013,EC,31638214.0
2013,DCI,31170908.0
2013,GEOS,31019067.0
2013,GWRE,31014597.0
2013,LPNT,30843470.5
2013,SAFM,30741614.0
2013,LG,30677128.0
2013,CASY,30218782.5
2013,TXRH,30143996.0
2013,SMG,29934078.0
2013,MNRO,29691893.0
2013,IJT,29642373.0
2013,CACI,29588772.0
2013,ICLR,29556932.0
2013,EME,29298040.0
2013,TSL,28861301.0
2013,PLCM,28852240.0
2013,SNA,28769159.0
2014,SPY,12546854910.0
2014,AAPL,4412999249.0
2014,IWM,3730259581.0
2014,FB,2323600238.0
2014,QQQ,2078681465.0
2014,GPRO,1432078260.0
2014,EEM,1345813348.0
2014,UST,1201784563.0
2014,TSLA,1138464625.0
2014,TWTR,973474888.0
2014,GOOGL,962325568.0
2014,NFLX,950301263.0
2014,XOM,938852578.0
2014,MSFT,922585733.0
2014,GOOG,908373928.0
2014,BAC,898733972.0
2014,AMZN,894135430.0
2014,INTC,843776078.0
2014,XLE,806644796.0
2014,CVX,799464551.0
2014,PCLN,777148425.0
2014,VXX,745531044.0
2014,C,734092775.0
2014,EFA,718081350.0
2014,MU,715815777.0
2014,GILD,700118021.0
2014,GE,681378628.0
2014,PFE,673978055.0
2014,JPM,661995288.0
2014,MVV,652279541.0
2014,TLT,648596692.0
2014,WFC,634861885.0
2014,T,627712629.0
2014,EWZ,624987372.0
2014,SLB,599357022.0
2014,IBM,592149254.0
2014,GLD,584488303.0
2014,TNA,574748470.0
2014,JNJ,573332673.0
2014,QCOM,567823259.0
2014,CSCO,543646394.0
2014,VZ,538950148.0
2014,XLF,537421937.0
2014,YHOO,529580286.0
2014,AAL,522173791.0
2014,TXI,522049291.0
2014,MDT,520885030.0
2014,PG,520095339.0
2014,IYR,519393230.0
2014,CMCSA,516293448.0
2014,EBAY,515730584.0
2014,GDX,498885149.0
2014,KO,497116120.0
2014,ORCL,483681045.0
2014,DIA,480252135.0
2014,VRX,455097176.0
2014,V,448187438.0
2014,MRK,441547385.0
2014,FXI,438174301.0
2014,BIDU,436621751.0
2014,DAL,434512734.0
2014,DIS,430160533.0
2014,GM,427959293.0
2014,AGN,418066037.0
2014,ACT,417730246.0
2014,IVV,412140141.0
2014,HD,410812614.0
2014,BMY,404403740.0
2014,XLU,401029051.0
2014,WMT,396916530.0
2014,COP,394356543.0
2014,VWO,388282321.0
2014,OXY,385130756.0
2014,ECR,383662896.0
2014,F,383078045.0
2014,CBS,381558879.0
2014,BA,378580014.0
2014,TWX,375199068.0
2014,PM,369042328.0
2014,AIG,367443891.0
2014,FOXA,364782974.0
2014,HAL,361344172.0
2014,VLO,360648760.0
2014,MCD,360532093.0
2014,COV,358037966.0
2014,XLI,354332549.0
2014,GS,337950393.0
2014,IDU,332027937.0
2014,CELG,323525271.0
2014,WAG,320426699.0
2014,PTC,319834492.5
2014,MDY,315183901.0
2014,LVS,314433369.0
2014,BRCM,314120512.0
2014,UTX,308110664.0
2014,SCTY,306848019.0
2014,EOG,306596376.0
2014,BRK.B,306363469.0
2014,ESRX,306255151.0
2014,MIK,305212834.0
2014,EMC,304721244.0
2014,SSO,303931132.0
2014,MET,303511812.0
2014,DOW,297753510.0
2014,CAT,297725357.0
2014,APC,287049803.0
2014,SNDK,286126183.0
2014,APA,283580388.0
2014,YELP,282775993.0
2014,UNP,281368015.0
2014,PEP,281156257.0
2014,WMB,279431659.0
2014,MA,277089530.0
2014,BIIB,276688007.0
2014,FELP,276084820.0
2014,AMGN,275363039.0
2014,LNKD,274114345.0
2014,XIV,273595392.0
2014,CVS,267703008.0
2014,NKE,267606076.0
2014,MPC,267074221.0
2014,ABBV,266610756.0
2014,IYJ,266111388.0
2014,FXG,265629184.0
2014,FXU,264620958.0
2014,TZA,263399665.0
2014,UNH,262769235.0
2014,WYNN,262509577.0
2014,CRM,260871005.0
2014,UAL,260864435.0
2014,AMAT,260485154.0
2014,MO,259724931.0
2014,PXD,258067019.0
2014,EWJ,256521138.0
2014,FCX,256392241.0
2014,XLV,255492159.0
2014,TGT,255395533.0
2014,COH,255060367.0
2014,LYB,254372605.0
2014,PBR,252361265.0
2014,MS,252207007.0
2014,GMCR,250642124.0
2014,DTV,249728296.0
2014,WFM,249304362.0
2014,SBUX,247558363.0
2014,AXP,245725608.0
2014,TCP,245373877.0
2014,HPQ,242249322.0
2014,DG,240708603.0
2014,NOV,240104519.0
2014,FDX,238725758.0
2014,IBB,236407368.0
2014,SUNE,236082693.0
2014,COF,234454210.0
2014,SERV,234191137.0
2014,MDLZ,233299631.0
2014,FXR,232073239.5
2014,MCRS,228030437.0
2014,USB,227251131.0
2014,SPG,225392323.0
2014,ILMN,225311227.0
2014,KITE,225303639.0
2014,TEVA,224516596.0
2014,TJX,223972185.0
2014,PSX,223006912.0
2014,DD,222841901.0
2014,MON,222148815.0
2014,MMM,221351052.0
2014,LOW,221282259.0
2014,HTZ,219576121.0
2014,MRO,218570117.0
2014,RAD,218506763.0
2014,UPS,217693695.0
2014,XLP,217502033.0
2014,HON,216531486.0
2014,KORS,216202283.0
2014,IYE,215862723.0
2014,XOP,215741698.0
2014,WY,215702480.0
2014,VNOM,213351873.0
2014,BCO,210345154.0
2014,NEP,210079993.5
2014,EXC,209419692.0
2014,TBT,207425446.0
2014,FRX,205433137.0
2014,BHI,204816843.0
2014,XLB,204336348.0
2014,DVN,204156647.0
2014,VIPS,202255566.0
2014,VALE,202083668.0
2014,XLY,200093575.0
2014,BRX,199988892.0
2014,ACN,199045798.0
2014,Z,196934306.0
2014,CMG,196841430.0
2014,NEE,196435037.0
2014,XLK,194996438.0
2014,MCK,193882983.0
2014,ABT,192705400.0
2014,PAG,192478160.0
2014,TSN,192123001.0
2014,ADBE,192053353.0
2014,PRU,191904368.0
2014,P,191746805.0
2014,DHR,190821302.0
2014,KMI,190141531.0
2014,HYG,188337516.0
2014,DDD,188262114.0
2014,IYH,187712952.5
2014,VNQ,187557715.0
2014,AZN,187306660.0
2014,PLCM,187039352.0
2014,CHK,186573874.0
2014,WAFD,185818943.0
2014,EDR,185484300.0
2014,UVXY,184668674.0
2014,ICE,184013713.0
2014,PCP,183822919.0
2014,VOD,182914072.0
2014,HES,182272311.0
2014,FEYE,181705804.0
2014,SO,181461210.0
2014,TMO,180375219.0
2014,HSC,180227128.0
2014,EMR,180071760.0
2014,FAS,179046553.0
2014,QIHU,178871180.0
2014,LLY,178755509.0
2014,AINV,178526024.0
2014,TRV,176722363.0
2014,TWC,176620168.0
2014,GHL,175400132.0
2014,D,174738568.0
2014,DE,174620094.0
2014,FSLR,174193362.0
2014,REGN,174075799.0
2014,CSX,173985542.0
2014,GD,173062705.0
2014,IYW,173036231.0
2014,DUK,171849337.0
2014,TXN,171570360.0
2014,RIG,170523426.0
2014,TRIP,170499398.0
2014,SWN,169648482.0
2014,BAX,169419972.0
2014,ETN,168795747.0
2014,MGM,168303601.0
2014,CL,167272197.0
2014,VGK,167020662.0
2014,COST,166768185.0
2014,GSG,165325856.0
2014,BBBY,164959754.0
2014,VTI,164360811.0
2014,FITB,163122999.0
2014,BP,162349941.0
2014,AA,161689313.0
2014,ALXN,160763442.0
2014,BLK,160499003.0
2014,LULU,160392360.0
2014,LMT,160376163.0
2014,SCHW,159328294.0
2014,CORN,159252351.0
2014,EZU,158811038.0
2014,GDXJ,158293186.0
2014,EQT,157328429.0
2014,LUV,156648405.0
2014,WLP,156605787.0
2014,TSM,156244221.0
2014,SPLK,156220878.0
2014,COG,155329342.0
2014,CTXS,154519702.0
2014,GES,154288915.0
2014,SDRL,154181120.0
2014,HCA,153920833.0
2014,BSX,153386974.0
2014,LBTYK,153327618.0
2014,AET,152193569.0
2014,HSH,150776198.0
2014,LBTYA,150272262.0
2014,NXPI,150157286.0
2014,CP,149392001.0
2014,SHPG,148940964.0
2014,EQIX,148188990.0
2014,FCS,147968041.0
2014,XHB,147959170.0
2014,VIAB,147335875.0
2014,ISRG,147254268.0
2014,CBI,146716638.0
2014,RF,146641304.0
2014,GLW,145931409.0
2014,YUM,145764906.0
2014,PRGO,145345724.0
2014,LNG,144542755.0
2014,TYC,144488113.0
2014,TYC,144488113.0
2014,KR,144050963.0
2014,SWKS,144050537.0
2014,BK,143596867.0
2014,IDCC,143317385.0
2014,ABX,141787471.0
2014,SDS,141776928.0
2014,SU,141135037.0
2014,CHTR,141011941.0
2014,MOBL,140540892.0
2014,DXJ,139986000.0
2014,FCNCA,139874498.0
2014,INSM,139770452.5
2014,CF,139528606.0
2014,CMI,139006507.0
2014,TWTC,138666274.0
2014,PPL,138226947.0
2014,IWO,137970727.0
2014,CTSH,137962595.0
2014,JD,137894162.0
2014,ADPT,137603143.0
2014,M,137333686.0
2014,ATVI,137100511.0
2014,TSO,136613894.0
2014,UA,136105581.0
2014,SHO,135961116.0
2014,FSC,135498083.0
2014,CHSP,135050008.0
2014,UNG,134917091.0
2014,GIS,133620522.0
2014,PVH,133572656.0
2014,TQQQ,133463946.0
2014,WFT,133017545.0
2014,ITUB,132504129.0
2014,CCL,132390515.0
2014,AMT,132352685.0
2014,KMPR,132352302.0
2014,TRN,132039235.0
2014,ZSPH,131620849.0
2014,JNPR,131437768.0
2014,PETM,131277902.0
2014,HTS,130832411.0
2014,POT,130747040.0
2014,SIRI,130698503.0
2014,HCN,130523498.0
2014,WDAY,130508916.0
2014,GTAT,130150059.0
2014,PNC,130115113.0
2014,ITW,129641457.0
2014,ADS,129557983.0
2014,ARCP,129510621.0
2014,MYL,129475633.0
2014,PENN,129327601.0
2014,SYMC,129203626.0
2014,VOO,129173046.0
2014,KRFT,129162344.0
2014,LO,129155918.0
2014,RTN,128986884.0
2014,URI,128550930.0
2014,ACHN,127865518.5
2014,ESV,127802394.0
2014,XEC,127658156.0
2014,ASPS,127576898.0
2014,PANW,127092090.0
2014,NSC,127005574.0
2014,KMB,126654598.0
2014,CTL,126625369.0
2014,IPG,125927372.0
2014,SQQQ,125695125.0
2014,CAH,125625735.0
2014,NUGT,125164735.0
2014,WHR,124657976.0
2014,RDS.A,124573612.0
2014,QID,124403708.0
2014,VTR,123560762.0
2014,BBT,123197173.0
2014,SPWR,122739627.0
2014,STT,122722225.0
2014,CCI,121418852.0
2014,ROIC,121288897.0
2014,ETR,120851384.0
2014,CONE,120811902.0
2014,MOS,120573184.0
2014,NEM,120160763.0
2014,WDC,119961131.0
2014,KND,119959964.0
2014,QCOR,119561229.0
2014,BEAV,119119388.0
2014,DISCA,118835248.0
2014,NBL,118683792.0
2014,APD,118599996.0
2014,MONT,118297399.0
2014,LYG,118282655.0
2014,X,118172566.0
2014,KRE,117745070.0
2014,IR,117433008.0
2014,AEP,117327159.0
2014,FOX,117127878.0
2014,NOK,117015669.0
2014,NOC,116901056.0
2014,DLPH,116547087.0
2014,CI,116039160.0
2014,FDO,116029329.0
2014,PBR.A,115716777.0
2014,ICPT,115624110.0
2014,GG,115203544.0
2014,EWW,114651011.0
2014,HOT,114617596.0
2014,SPXU,114284232.0
2014,DFS,114018971.0
2014,TAP,113741455.0
2014,JCP,113592244.0
2014,TCPC,113387359.0
2014,RAI,113282553.0
2014,AERI,113072856.0
2014,OIH,112822739.0
2014,CLI,112737354.0
2014,KPTI,112415019.0
2014,AVGO,112355236.0
2014,XRT,112269127.0
2014,VRTX,112246596.0
2014,CPWR,112185670.0
2014,TROX,112046822.0
2014,RH,111864288.0
2014,EXPE,111774178.0
2014,STI,111689877.0
2014,DNOW,111515683.5
2014,SLXP,111194026.0
2014,RSX,111188622.5
2014,NVDA,110715808.0
2014,CXP,110704828.0
2014,TSE,110336094.0
2014,HUM,110099986.0
2014,MAR,109999150.0
2014,CTRP,109900514.0
2014,SLAB,109853977.0
2014,GBDC,109656246.0
2014,BBY,109427069.0
2014,ADP,109385095.0
2014,CAG,109143425.0
2014,MPEL,108955346.0
2014,IP,108889163.0
2014,STX,108877346.0
2014,PCG,108659386.0
2014,CXO,108329635.0
2014,ENLK,108241420.0
2014,ZMH,108053762.0
2014,HST,107878467.0
2014,QLD,107787630.0
2014,EA,107256791.0
2014,RIO,107104103.0
2014,DISH,106810133.0
2014,IWD,106608055.0
2014,NTAP,106521835.0
2014,JNK,106429745.0
2014,BCR,106422071.0
2014,PEG,106359912.0
2014,CME,106283414.0
2014,XNET,106021413.0
2014,ALL,105739981.0
2014,SPLS,105738584.0
2014,EZPW,104908900.0
2014,SCZ,104888669.5
2014,MAS,104768793.0
2014,DHI,104591038.0
2014,RL,104216610.0
2014,BLUE,104181466.0
2014,LEN,103727120.0
2014,SLV,103652926.0
2014,SE,103255923.0
2014,CNX,102810042.0
2014,ACMP,102752879.0
2014,IWF,102702743.0
2014,OMC,102677694.0
2014,ADM,102640347.0
2014,EWG,102628884.0
2014,ETFC,102127123.0
2014,HP,102101662.0
2014,BX,101777705.0
2014,STZ,101684130.0
2014,AZO,101495066.0
2014,XOOM,101337543.0
2014,CX,101257839.0
2014,S,100961389.0
2014,TIME,100893024.0
2014,ACOR,100707617.5
2014,MJN,100550696.0
2014,BND,100517853.5
2014,IPI,100505198.0
2014,NRG,100186854.0
2014,MRKT,100003137.0
2014,INTU,99914835.0
2014,ZPIN,99813482.0
2014,ITA,99732518.0
2014,K,99511575.0
2014,IGT,99487038.5
2014,AON,99452921.0
2014,NFX,99227817.0
2014,IBKC,98810470.0
2014,PHM,98804691.0
2014,YY,98803999.5
2014,CCE,98578416.0
2014,MNST,98499610.0
2014,CNAT,98463707.0
2014,MRVL,98348283.0
2014,NXST,98102824.5
2014,HCP,98036503.0
2014,XLNX,97906227.0
2014,DCUA,97690721.0
2014,VMW,97405109.0
2014,EL,96949679.0
2014,VDC,96814455.0
2014,FXN,96813134.0
2014,OGS,96762186.0
2014,VEA,96725565.0
2014,EWY,96630843.5
2014,WYN,96626875.0
2014,SYK,96588969.0
2014,SLW,96468718.0
2014,JBLU,96424525.0
2014,FE,96363533.0
2014,IEF,96304749.0
2014,KEY,96283727.0
2014,FANG,96281216.0
2014,RRC,96163222.0
2014,WLL,96078037.0
2014,AKAM,96061582.5
2014,NOW,95971044.0
2014,HOG,95959940.0
2014,FJP,95845846.0
2014,LMCA,95648128.0
2014,MNKD,95255045.0
2014,ABC,95218699.0
2014,UPRO,95169586.0
2014,ED,95082243.0
2014,JAZZ,94705662.0
2014,BBRY,94661092.0
2014,MMC,94550705.0
2014,KSS,94549905.0
2014,SYY,94414157.0
2014,NBR,94392060.0
2014,PSA,94372604.0
2014,RPAI,94360008.0
2014,ZTS,94332668.5
2014,SRE,94298188.0
2014,MTOR,93635596.0
2014,ROST,93544045.0
2014,PX,93450146.0
2014,BXP,93280164.0
2014,TPH,93149416.0
2014,KAR,93124935.5
2014,AMP,92905148.0
2014,VRA,92818622.5
2014,AFL,92714711.0
2014,BKU,92538457.0
2014,SNN,92458063.5
2014,LRCX,92426443.0
2014,YNDX,92272766.0
2014,FFIV,92254981.0
2014,PH,92244682.0
2014,SYT,92096697.0
2014,MINT,91785481.0
2014,EV,91780088.0
2014,NE,91498153.0
2014,LQD,91040937.0
2014,MHK,90800387.0
2014,GWW,90355028.0
2014,BHP,90354395.0
2014,GIII,90345536.5
2014,EIX,90323822.0
2014,VT,89895093.0
2014,SINA,89747757.0
2014,NVS,89535601.0
2014,PPG,89519776.0
2014,CCS,89504638.0
2014,ASML,89413785.0
2014,HITT,89387165.0
2014,CLR,89274698.0
2014,CMCSK,89201418.0
2014,VIS,89172203.5
2014,CAM,89086616.0
2014,ALLY,89009100.5
2014,PCAR,88902972.0
2014,AVB,88889818.0
2014,HTGC,88885933.0
2014,TEG,88877258.0
2014,GPS,88826860.0
2014,SSYS,88740510.0
2014,STNG,88609599.5
2014,GNW,88414127.0
2014,FMC,88302656.0
2014,EWI,88203258.0
2014,EVTC,88183144.0
2014,FXO,87999923.0
2014,TRGP,87880330.5
2014,BUD,87755045.0
2014,IXJ,87723238.0
2014,STJ,87661091.0
2014,MNK,87534067.0
2014,AGNC,87169253.0
2014,DGX,86818513.5
2014,ENDP,86770607.0
2014,CLNY,86563853.0
2014,PFPT,86548481.0
2014,ADSK,86456794.0
2014,BBD,86294015.0
2014,AES,86238290.0
2014,BT,86050994.0
2014,AGG,85943511.0
2014,AMG,85930863.0
2014,SPXL,85901416.0
2014,ECL,85878762.0
2014,ACHC,85874795.0
2014,HFC,85823483.0
2014,IVZ,85570713.0
2014,WU,85430114.0
2014,IBN,85387045.5
2014,ADI,85056325.0
2014,TMUS,84930979.0
2014,CNP,84912250.0
2014,BKS,84600948.0
2014,EWT,84557309.0
2014,GSK,84541222.0
2014,FET,84445623.0
2014,TROW,84422003.0
2014,TBBK,84382741.0
2014,EWP,84294246.5
2014,EPI,84043249.0
2014,EMN,83982890.0
2014,HMHC,83939274.0
2014,RYAM,83930252.0
2014,CYH,83904236.0
2014,PCYC,83873642.0
2014,ACE,83841187.0
2014,CLVS,83777439.0
2014,MHFI,83758294.0
2014,EQR,83754180.0
2014,MTB,83730250.0
2014,NVAX,83660003.0
2014,NLSN,83453056.0
2014,BFAM,83408731.0
2014,IEI,83298045.0
2014,VNO,83284021.0
2014,KMX,83275753.0
2014,KMP,82788694.0
2014,JOE,82764140.5
2014,FXL,82660528.5
2014,ISIS,82592881.0
2014,MEI,82547949.0
2014,LH,82343929.0
2014,EWX,82328172.0
2014,AFSI,82258919.5
2014,TCRD,82240655.0
2014,INO,82065053.5
2014,VPU,82036748.0
2014,NLY,81877847.0
2014,TEL,81871704.0
2014,XRX,81835706.0
2014,MSI,81687139.0
2014,DATA,81586049.0
2014,MOO,81584308.0
2014,PGR,81518196.0
2014,FXH,81465704.5
2014,ECA,81451208.0
2014,BCC,81302482.0
2014,IDIX,81293860.0
2014,CLF,81292252.0
2014,HDV,81134824.0
2014,NRF,81044335.0
2014,AMED,80865728.0
2014,HSY,80859812.0
2014,KNOP,80816368.0
2014,FTI,80715084.0
2014,AEM,80702949.0
2014,CSWC,80585298.0
2014,ATHN,80538350.0
2014,GRPN,80371107.0
2014,RAX,80165056.0
2014,FXZ,80142598.0
2014,RESI,79992939.0
2014,CNQ,79942538.0
2014,AAP,79911335.0
2014,VV,79600514.0
2014,BDX,79540424.0
2014,SABR,79472376.5
2014,SBAC,79285266.0
2014,HRB,79219313.5
2014,TDG,79154768.0
2014,PLD,78450942.0
2014,DPS,78317657.0
2014,KWK,78174014.0
2014,LNC,78155567.0
2014,RCPT,78120338.0
2014,OPEN,78003549.0
2014,JOY,77839399.0
2014,CHRW,77838402.0
2014,PNR,77812183.0
2014,GT,77808396.0
2014,SPB,77799288.5
2014,JCOM,77771096.0
2014,Q,77635887.5
2014,SCS,77620712.0
2014,FIO,77483272.5
2014,GME,77453589.0
2014,DKS,77397741.0
2014,ODFL,77379063.0
2014,PBF,77360968.0
2014,MDCI,77277210.0
2014,EPHE,77106972.0
2014,BOBE,77085546.0
2014,AMD,77018016.0
2014,NAO,76946101.0
2014,SHV,76897970.0
2014,BEN,76583837.0
2014,NUE,76414974.0
2014,WMGI,76407094.0
2014,MWE,76386553.5
2014,HRG,76301618.0
2014,VFC,76263022.0
2014,LHO,76128577.0
2014,ALK,75982947.0
2014,IMPR,75807940.0
2014,A,75528200.0
2014,CFX,75525288.5
2014,APAM,75339852.5
2014,EMB,75310860.5
2014,NM,75291752.0
2014,FRAN,75276354.0
2014,VALE.P,75259141.0
2014,KS,75133684.0
2014,RFMD,75033595.0
2014,BPOP,75014314.0
2014,TCAP,74879446.0
2014,HIG,74871748.0
2014,SYRG,74770001.0
2014,USO,74731464.5
2014,AMTD,74368743.0
2014,IJH,74309262.0
2014,ULTA,74266116.0
2014,ESS,74205021.0
2014,SHW,74111556.0
2014,CJES,74087557.0
2014,NTI,74000006.0
2014,LINTA,73918378.5
2014,ITB,73887030.0
2014,DOOR,73654129.0
2014,PNNT,73252909.0
2014,DMND,73152816.0
2014,MRD,73136423.0
2014,ALTR,73069999.0
2014,CA,73053419.0
2014,MBB,72886286.0
2014,DLTR,72870551.0
2014,SLRC,72652955.0
2014,NUAN,72612304.0
2014,QUNR,72559831.0
2014,AGO,72502355.0
2014,CWB,72351073.0
2014,HLT,72306571.5
2014,CBSO,72293473.0
2014,CERN,72280101.0
2014,ITMN,72252252.5
2014,URBN,72133109.0
2014,MKL,72120028.5
2014,WWD,72083503.5
2014,FLR,72002272.0
2014,MAT,71995130.0
2014,MASI,71913741.0
2014,PRKR,71905263.0
2014,DK,71737099.0
2014,GGP,71730304.0
2014,LECO,71480653.0
2014,PNRA,71446935.5
2014,TRI,71318434.0
2014,PAYX,71144567.0
2014,O,70886340.0
2014,KKD,70836431.0
2014,MOVE,70789443.0
2014,SYNA,70658044.0
2014,JXI,70550440.0
2014,OZRK,70521937.0
2014,AMX,70517049.0
2014,BCRX,70479048.0
2014,ETE,70384497.0
2014,PTEN,70356544.0
2014,RALY,70271731.0
2014,AUXL,70244960.5
2014,VXUS,70227627.0
2014,CCJ,70099805.5
2014,KOG,70091164.0
2014,LAZ,70038846.0
2014,CB,70011976.0
2014,BWLD,69852701.0
2014,MTLS,69809955.0
2014,BAH,69730555.0
2014,WEX,69724895.0
2014,RHT,69722882.0
2014,DO,69715388.0
2014,SIG,69708119.0
2014,ALSN,69645175.0
2014,EW,69628857.0
2014,EPD,69546072.0
2014,TBPH,69496203.5
2014,MXIM,69490301.0
2014,CLX,69323323.0
2014,IACI,69300805.0
2014,CLB,69289988.0
2014,SEIC,69226920.0
2014,KLAC,69142143.0
2014,TCO,69110917.0
2014,WPZ,69074454.0
2014,WSTC,68937022.0
2014,TDC,68922119.0
2014,NYLD,68895886.0
2014,GRFS,68803786.0
2014,EWQ,68724940.0
2014,ANF,68610030.0
2014,FRI,68608290.0
2014,TRW,68536578.0
2014,CMS,68507428.0
2014,SEM,68351563.0
2014,MUR,68348353.0
2014,SNI,68245004.0
2014,TWM,68167263.0
2014,FNSR,68152454.0
2014,BWA,68120520.0
2014,PLXT,68102632.0
2014,SLCA,68042552.0
2014,GRT,67999728.0
2014,LQ,67948935.0
2014,PFF,67941535.5
2014,MW,67928520.0
2014,FINL,67865135.0
2014,UBS,67819396.0
2014,HAR,67792450.0
2014,CUZ,67752554.0
2014,BGCP,67734510.0
2014,CAR,67657116.0
2014,NFG,67564127.0
2014,SJM,67551540.5
2014,ATHM,67451934.0
2014,RCL,67406984.0
2014,NGLS,67401499.0
2014,MBI,67382921.0
2014,VDE,67322465.5
2014,TIF,67295855.0
2014,IM,67281379.0
2014,RYE,67262272.0
2014,SAIC,67247010.0
2014,SXL,67202727.0
2014,IJR,67167268.0
2014,MDU,67148754.0
2014,BXMT,67029879.0
2014,ROK,66871083.5
2014,ACGL,66826852.5
2014,VB,66679460.5
2014,FEZ,66541205.0
2014,FLTX,66518952.0
2014,CPE,66493793.0
2014,JWN,66485978.0
2014,HBI,66468063.0
2014,YOKU,66433970.5
2014,MTZ,66337446.0
2014,CQP,66192261.5
2014,JNUG,66177699.5
2014,IWP,66124600.0
2014,WTR,66075443.0
2014,OC,66049408.5
2014,IWN,65948447.0
2014,ADT,65920370.0
2014,XBI,65852238.0
2014,ZNGA,65784811.0
2014,DRI,65742465.5
2014,AMBA,65675833.0
2014,RYN,65621458.0
2014,VGT,65541100.0
2014,SMH,65484714.0
2014,SDLP,65456430.0
2014,CHTP,65354795.5
2014,ATHL,65282785.0
2014,EEP,65229714.0
2014,ZFGN,65198660.0
2014,ACWI,65183217.5
2014,AFG,65159533.0
2014,CLDX,65138773.0
2014,MTCN,65084476.0
2014,SFUN,65070734.0
2014,CIEN,64992301.0
2014,BRLI,64921455.0
2014,NCT,64771278.5
2014,HLF,64759972.0
2014,ANIK,64741210.0
2014,FLT,64714670.0
2014,CSIQ,64709866.0
2014,STEM,64626511.0
2014,GPOR,64581972.0
2014,GRMN,64560958.0
2014,AAMC,64388771.0
2014,MYCC,64368286.0
2014,PHH,64201634.0
2014,EFZ,64176926.0
2014,FDS,64167035.0
2014,RXN,64143001.0
2014,TRLA,64101755.5
2014,LB,64071531.0
2014,YGE,64017956.0
2014,EGO,63822722.0
2014,SWY,63815108.5
2014,CTRE,63803864.0
2014,WM,63706058.0
2014,WEC,63558580.0
2014,AER,63516969.0
2014,RYU,63471689.0
2014,DTE,63467530.5
2014,YPF,63413971.0
2014,BCS,63401946.0
2014,PPC,63317812.5
2014,MKTO,63255075.0
2014,NI,63177087.5
2014,CFN,63021396.0
2014,UNFI,62933149.0
2014,MCHP,62922283.0
2014,WPC,62756690.0
2014,VIV,62585712.0
2014,OIS,62576625.0
2014,NPSP,62524403.0
2014,EQM,62489498.0
2014,INFY,62434821.0
2014,HCBK,62417294.0
2014,CACI,62415338.0
2014,AGQ,62347376.0
2014,ATK,62189978.0
2014,IXN,62180583.0
2014,NKTR,62113510.0
2014,ACI,62109279.0
2014,KING,62100899.0
2014,GNRC,62098518.0
2014,FLEX,62061972.0
2014,ORLY,61959469.0
2014,LZB,61850560.0
2014,FOLD,61820474.0
2014,KSU,61806487.0
2014,EVHC,61759197.0
2014,BLMN,61735857.0
2014,BMRN,61676245.0
2014,RY,61663890.5
2014,MACK,61645752.0
2014,IEV,61632608.5
2014,HBAN,61591103.0
2014,THC,61462112.0
2014,GLNG,61351578.5
2014,EXL,61336091.0
2014,PSG,61313375.0
2014,JAH,61299944.0
2014,CSJ,61243733.0
2014,LVLT,61158083.5
2014,FNV,61149739.0
2014,CPN,61141906.0
2014,BPL,61137266.0
2014,EMES,61080638.5
2014,INCY,61013164.0
2014,SEAS,60947880.0
2014,DVA,60933580.0
2014,ENV,60913972.5
2014,ING,60891691.5
2014,CAJ,60765274.0
2014,LYV,60689375.0
2014,TIPZ,60685361.0
2014,AWAY,60670112.0
2014,HAS,60658934.0
2014,CBG,60655288.5
2014,STR,60618151.0
2014,SAN,60605860.0
2014,AEE,60564522.0
2014,CMRX,60479696.0
2014,KKR,60442825.0
2014,GLOG,60440744.0
2014,SDY,60340838.0
2014,XLS,60323066.0
2014,TM,60263827.0
2014,NBCB,60241656.0
2014,ASH,60213324.0
2014,OKS,60192966.0
2014,DB,60164525.5
2014,AMCX,60150255.0
2014,GEVA,60131570.0
2014,OCR,60035521.5
2014,MINI,60025837.0
2014,MDVN,60016355.0
2014,DUST,59989318.0
2014,ZION,59982911.0
2014,GEL,59980097.0
2014,CREE,59946651.0
2014,WPG,59942929.5
2014,ADVS,59909433.0
2014,BC,59850635.0
2014,ALLE,59802570.0
2014,CSGP,59791518.0
2014,JBHT,59790175.0
2014,FLS,59763371.0
2014,EBIX,59716035.0
2014,SWK,59650819.0
2014,HCT,59561539.5
2014,PII,59550542.0
2014,TOWR,59539711.0
2014,XEL,59514250.0
2014,CMA,59510631.0
2014,AGCO,59440749.0
2014,PLUG,59395710.0
2014,HSP,59371587.5
2014,GPK,59362639.5
2014,LVNTA,59339576.0
2014,JBL,59330090.0
2014,TSU,59168178.0
2014,UHS,59166534.0
2014,AUY,59131070.0
2014,PB,59070151.0
2014,GLUU,59003115.0
2014,SEMG,59002309.0
2014,DFRG,58969216.0
2014,SLG,58963674.0
2014,CYBX,58942301.0
2014,WPX,58920674.0
2014,ALGN,58888339.0
2014,IAG,58859963.0
2014,UPL,58828181.0
2014,ROP,58823027.0
2014,TSCO,58806182.0
2014,RDEN,58781937.5
2014,DEO,58713605.5
2014,CIT,58711445.5
2014,TV,58702934.0
2014,MEG,58654245.0
2014,SN,58649318.0
2014,NWSA,58629903.5
2014,TOL,58615419.0
2014,VO,58601285.5
2014,CRZO,58534342.5
2014,IWS,58501016.0
2014,TTWO,58409846.0
2014,BSBR,58378176.5
2014,ABB,58331522.5
2014,EXP,58320138.0
2014,PVA,58112144.0
2014,MLM,58065199.0
2014,OAS,58045080.5
2014,ONNN,57981317.0
2014,FL,57969353.0
2014,CSC,57949569.5
2014,HUN,57945224.0
2014,LL,57944656.0
2014,HSBC,57944050.0
2014,VNCE,57928705.0
2014,USG,57878097.0
2014,GXC,57871166.0
2014,DSW,57844731.5
2014,PBCT,57802685.0
2014,LEA,57761425.0
2014,BAS,57714800.0
2014,OHRP,57689775.0
2014,DOV,57688656.5
2014,BPY,57658913.5
2014,MWV,57632892.0
2014,LKQ,57601746.5
2014,DPM,57580565.5
2014,EHTH,57580027.0
2014,GRUB,57558884.0
2014,IEFA,57553057.5
2014,PSXP,57550131.5
2014,VYM,57505156.0
2014,SKT,57422071.0
2014,THRX,57304803.5
2014,MT,57278600.0
2014,AYI,57239397.0
2014,FBHS,57219227.5
2014,TIBX,57155260.0
2014,IHS,57110008.5
2014,WEN,57107909.0
2014,OCN,57038482.0
2014,ZBRA,56970618.5
2014,UBNT,56964150.0
2014,HALO,56932439.0
2014,PKW,56873103.5
2014,XLRN,56853611.0
2014,UTIW,56832571.0
2014,TFM,56780060.5
2014,CDNS,56679377.0
2014,SHY,56611563.0
2014,COMM,56610199.0
2014,COMM,56610199.0
2014,VOYA,56608623.0
2014,SAP,56565795.0
2014,HDS,56560912.0
2014,JKHY,56556810.0
2014,RLGY,56493937.5
2014,NU,56487356.0
2014,WBMD,56470419.0
2014,CBST,56446439.0
2014,RHP,56412447.5
2014,BIG,56367180.0
2014,OKE,56285958.0
2014,CPRT,56274599.0
2014,POM,56196402.0
2014,DCT,56193266.0
2014,NAVI,56144647.0
2014,TW,56143424.0
2014,LLTC,56099305.0
2014,GNC,56083186.5
2014,ABEV,56074672.0
2014,MEOH,56041630.5
2014,DDR,56022851.0
2014,BEE,55976567.0
2014,SNV,55964492.0
2014,AR,55963325.0
2014,COO,55961283.0
2014,CCK,55954823.0
2014,OREX,55949687.5
2014,HYS,55946721.0
2014,SNA,55872915.0
2014,KIM,55862267.5
2014,SBGI,55858591.5
2014,GTLS,55800497.0
2014,OSK,55784988.5
2014,TUP,55779472.5
2014,ZU,55737288.0
2014,BYI,55695657.0
2014,LIN,55673244.5
2014,KFX,55647598.0
2014,BRK.A,55633663.5
2014,WIN,55629883.0
2014,TEX,55624937.5
2014,BSV,55512965.0
2014,FAZ,55480780.0
2014,CRUS,55479126.5
2014,LCI,55461671.0
2014,PEGI,55449193.0
2014,MTN,55445934.0
2014,DBC,55418804.0
2014,EPAM,55416416.0
2014,NQ,55412595.0
2014,FXE,55393966.0
2014,DNKN,55316554.0
2014,INGR,55308940.0
2014,MTW,55256902.0
2014,ANGI,55116969.0
2014,TER,55116595.0
2014,IMS,55026618.0
2014,BECN,55025718.0
2014,BIL,54953384.0
2014,DPZ,54943757.0
2014,AXAS,54898651.0
2014,COUP,54896164.0
2014,XME,54850223.0
2014,BRCD,54830363.0
2014,UTHR,54829753.0
2014,FLOT,54776531.5
2014,BLL,54745981.0
2014,KALU,54708537.0
2014,UWM,54661687.0
2014,TLM,54633046.0
2014,ARRS,54627281.0
2014,LE,54554784.0
2014,GIGA,54547137.0
2014,STRZA,54457937.0
2014,FOSL,54442526.5
2014,NTRS,54441215.0
2014,FAST,54436146.0
2014,BG,54398700.0
2014,AWI,54358718.0
2014,FIVE,54339494.0
2014,PSEC,54293231.0
2014,RGA,54203929.5
2014,SM,54203206.0
2014,OEF,54197998.0
2014,ETP,54181343.0
2014,WNR,54151515.0
2014,IDTI,54125818.0
2014,NDSN,54093681.5
2014,TSL,54074085.5
2014,APOL,53981955.0
2014,RGP,53970631.0
2014,VIP,53965089.5
2014,NCLH,53954246.5
2014,RDN,53948790.5
2014,AKRX,53916259.0
2014,SGMS,53898436.0
2014,SCO,53898002.0
2014,PAY,53879043.0
2014,TIP,53846186.5
2014,DF,53837853.0
2014,JOSB,53785090.0
2014,EXPD,53740020.0
2014,TOT,53721707.5
2014,TREX,53625870.0
2014,RDC,53602437.0
2014,LXK,53596701.0
2014,WAT,53591491.0
2014,IDXX,53556811.0
2014,DNR,53485343.0
2014,TKR,53471931.0
2014,DECK,53471144.0
2014,WUBA,53458958.0
2014,ATML,53453151.0
2014,PRF,53415732.0
2014,SAVE,53388752.0
2014,DRC,53348508.0
2014,BURL,53283412.5
2014,SH,53271057.0
2014,PE,53167869.0
2014,WB,53165972.5
2014,SONC,53136496.0
2014,FIS,53131256.0
2014,WAB,53120961.0
2014,RVNC,53090052.0
2014,GPI,53067127.0
2014,VMI,53054873.0
2014,CNC,53003228.0
2014,JEC,52969137.5
2014,GWRE,52904941.0
2014,SEP,52904419.0
2014,UGI,52897134.0
2014,PSP,52877152.0
2014,DISCK,52851223.0
2014,MGNX,52848222.0
2014,DLN,52840703.0
2014,EFX,52823099.0
2014,IYF,52812478.0
2014,SBNY,52810040.0
2014,CNO,52801973.0
2014,NUS,52780482.5
2014,JLL,52761279.0
2014,SC,52735554.0
2014,ATI,52712904.5
2014,RSG,52654263.5
2014,DAN,52644108.0
2014,CSTM,52534862.0
2014,EGN,52531900.5
2014,DLR,52514343.5
2014,LPI,52510955.5
2014,SLM,52407178.5
2014,SNH,52388532.5
2014,AMLP,52387067.5
2014,HZNP,52373882.0
2014,GRA,52326433.0
2014,ISR,52291361.0
2014,AIZ,52290630.5
2014,SD,52286414.0
2014,GPC,52264042.0
2014,CONN,52214930.0
2014,RCAP,52142974.0
2014,GPRE,52126315.0
2014,ERIC,52113702.0
2014,AEGR,52096145.0
2014,ANET,52055023.0
2014,ROC,52053611.0
2014,IGV,52049580.0
2014,VIG,52045979.0
2014,CNI,52000757.0
2014,IWV,51949012.0
2014,CVEO,51905716.0
2014,SWAY,51900787.5
2014,SWI,51828447.5
2014,CIU,51741273.0
2014,MUSA,51735003.0
2014,FTR,51730976.0
2014,VNTV,51710079.0
2014,PRXL,51670202.0
2014,MCO,51665359.0
2014,HUB.B,51627452.0
2014,NGL,51595611.0
2014,QEP,51479226.0
2014,ISBC,51453064.0
2014,IWB,51416521.5
2014,STLD,51399153.5
2014,AEO,51364917.5
2014,GDP,51360152.0
2014,KBH,51260961.5
2014,IFF,51246929.0
2014,OUTR,51179532.5
2014,PHG,51167015.5
2014,VHT,51097897.5
2014,SWFT,51087596.0
2014,SWFT,51087596.0
2014,CWH,51084694.5
2014,PCRX,51079622.0
2014,ABY,51064386.0
2014,RRD,51057217.0
2014,SWC,51023451.0
2014,PIR,51004659.0
2014,ARG,50996961.0
2014,DOX,50941241.0
2014,CLC,50870851.0
2014,YONG,50864481.0
2014,GLPI,50862365.0
2014,BDC,50841883.0
2014,SEE,50830116.0
2014,IEMG,50820091.5
2014,WETF,50810591.5
2014,AGU,50800251.0
2014,NGG,50788209.0
2014,LTM,50732507.0
2014,BAP,50704161.0
2014,BBG,50675451.5
2014,AVP,50657970.0
2014,NSR,50552264.0
2014,ITC,50549447.0
2014,AU,50526188.0
2014,EXR,50499729.0
2014,LUK,50486137.5
2014,BKLN,50459542.5
2014,PBJ,50458629.0
2014,PLL,50437719.0
2014,VEEV,50414515.0
2014,NWL,50406616.0
2014,CAB,50384265.5
2014,MGA,50346958.0
2014,SIVB,50340633.0
2014,WSM,50328210.5
2014,RE,50288805.5
2014,ENB,50265121.0
2014,EWU,50227193.0
2014,ACAS,50193846.5
2014,AMSG,50125381.5
2014,EPP,50120970.0
2014,AN,50089714.0
2014,CZZ,50068475.0
2014,SIRO,50066372.0
2014,KATE,50005334.0
2014,CPT,49977625.0
2014,KMR,49973297.0
2014,XONE,49950082.0
2014,N,49916114.5
2014,NAV,49915724.0
2014,DVY,49826111.0
2014,LXP,49822455.5
2014,PDCO,49754898.0
2014,ROSE,49742827.0
2014,DYN,49708186.5
2014,VRNT,49645629.0
2014,TAN,49643193.0
2014,TAN,49643193.0
2014,GALE,49628658.0
2014,RKT,49583837.0
2014,WX,49575817.0
2014,SIAL,49553638.0
2014,ATLS,49522077.0
2014,ATU,49467031.0
2014,DLX,49405874.0
2014,ARWR,49400324.0
2014,CBOE,49397689.0
2014,EDC,49371881.0
2014,NDAQ,49362854.5
2014,ACAT,49326414.0
2014,CAVM,49310196.0
2014,SNY,49287943.0
2014,TCK,49266463.0
2014,SALE,49204915.5
2014,VRSK,49195348.0
2014,TRMB,49151687.0
2014,AKS,49147992.0
2014,CNQR,49128407.5
2014,PAH,49120692.0
2014,CBD,49119945.0
2014,XL,49113946.0
2014,WWWW,49113250.0
2014,SGY,49096424.0
2014,WRI,49022092.0
2014,DDS,49017272.0
2014,SAFM,48975981.5
2014,LAD,48943755.0
2014,HOLX,48928351.5
2014,TPX,48895237.0
2014,NMBL,48891604.0
2014,KBR,48890860.0
2014,NTES,48874171.0
2014,HK,48865909.0
2014,WCC,48863882.0
2014,CNL,48863631.0
2014,IVW,48835274.0
2014,TE,48827121.5
2014,PBI,48781039.0
2014,LGF,48730415.0
2014,BNNY,48725067.0
2014,MHR,48690784.0
2014,EXPR,48668148.5
2014,DRYS,48645769.0
2014,KEX,48638550.5
2014,CATM,48636205.0
2014,ARNA,48615945.0
2014,DANG,48591290.5
2014,RSP,48526627.5
2014,UN,48471506.0
2014,STWD,48441969.0
2014,TSS,48354280.0
2014,TTM,48347561.0
2014,HERO,48329170.5
2014,BLOX,48327703.0
2014,ANSS,48282784.0
2014,VCIT,48279797.0
2014,ALB,48243964.5
2014,SJNK,48243499.0
2014,NYCB,48181069.0
2014,SPR,48178097.0
2014,NS,48148553.0
2014,BLDP,48142002.5
2014,BITA,48111724.0
2014,CRK,48102040.0
2014,CNW,48083996.0
2014,POWR,48037180.0
2014,SFM,48014517.0
2014,UFS,47955830.0
2014,QIWI,47935667.0
2014,HEDJ,47926324.0
2014,IHY,47920083.0
2014,FURX,47877111.0
2014,WBC,47860878.0
2014,JKS,47858100.0
2014,WWAV,47837347.5
2014,ALNY,47837284.0
2014,JDSU,47817953.5
2014,FCG,47813242.0
2014,GCI,47811662.0
2014,LDOS,47747900.0
2014,CHL,47738222.0
2014,AL,47736452.0
2014,VEU,47710679.0
2014,BMO,47708470.0
2014,IAU,47574444.0
2014,CVE,47552043.0
2014,MBT,47521891.0
2014,CIE,47505418.5
2014,CDW,47451967.5
2014,NCR,47439243.0
2014,MSG,47424573.0
2014,ACWX,47423131.0
2014,LII,47411859.5
2014,LAMR,47385155.0
2014,MELI,47364251.0
2014,BRFS,47344811.0
2014,GOGO,47247490.0
2014,APH,47233770.0
2014,LG,47223740.0
2014,CHS,47123511.0
2014,AXS,47104769.0
2014,PWR,47085683.0
2014,IJK,47077406.0
2014,DST,47051856.0
2014,WCG,47022619.5
2014,EWC,47018842.0
2014,UMPQ,47017045.0
2014,ARE,46977444.5
2014,DWA,46969787.0
2014,BWC,46928255.0
2014,NWBO,46870769.0
2014,AJG,46865640.0
2014,DRE,46849535.5
2014,DGAZ,46811752.5
2014,TWO,46768855.5
2014,UGAZ,46759052.0
2014,NNN,46752455.0
2014,PKG,46750992.0
2014,SCI,46746049.0
2014,ALU,46742033.0
2014,VTV,46740934.0
2014,VR,46682580.0
2014,OII,46676320.0
2014,COL,46675508.0
2014,IRM,46660806.0
2014,SCG,46615760.5
2014,RDS.B,46595757.0
2014,PAGP,46515970.0
2014,MMP,46515929.5
2014,DNB,46506308.0
2014,FISV,46484143.0
2014,LNN,46417833.0
2014,OGE,46400035.0
2014,EXXI,46397525.0
2014,ESL,46364916.0
2014,VNDA,46286157.0
2014,SKM,46272472.0
2014,PAA,46272279.0
2014,IJJ,46263213.0
2014,ST,46260732.0
2014,WDR,46245549.5
2014,MRC,46245331.0
2014,MAC,46214021.5
2014,LPT,46210442.0
2014,CIB,46177000.0
2014,ARMH,46169760.0
2014,JMEI,46153693.0
2014,GGB,46153323.0
2014,CVC,46150968.0
2014,SUSS,46094337.0
2014,SCIF,46081043.0
2014,PACW,46070006.5
2014,RYL,46057871.0
2014,CHKP,46043191.0
2014,HSIC,46039206.0
2014,SVXY,46009434.0
2014,FUL,46005699.0
2014,HDB,45950113.5
2014,BID,45942619.0
2014,SODA,45937414.5
2014,KGC,45897739.0
2014,CVD,45869355.0
2014,ARIA,45864779.0
2014,L,45856784.0
2014,CRI,45846763.5
2014,VMC,45806027.0
2014,BMR,45794697.5
2014,DEM,45784781.0
2014,GPN,45676657.5
2014,FRT,45675860.0
2014,PUK,45674920.0
2014,SPN,45656364.0
2014,CTRX,45625688.0
2014,XYL,45585122.0
2014,LGND,45580751.0
2014,BERY,45575585.0
2014,OHI,45544283.0
2014,PF,45539957.0
2014,SCCO,45510175.5
2014,NYRT,45503162.0
2014,CPB,45421111.0
2014,OLN,45420131.0
2014,PPS,45393429.0
2014,AMJ,45360481.5
2014,SNE,45357969.5
2014,GNTX,45349662.0
2014,SWHC,45338056.5
2014,NORW,45314762.0
2014,GSAT,45289560.0
2014,EDZ,45256313.0
2014,LM,45240276.0
2014,SRCL,45223029.0
2014,HAIN,45193640.0
2014,HIMX,45102861.0
2014,BMS,45096456.0
2014,OFC,45065383.0
2014,TGI,45058386.5
2014,MIDD,45035963.0
2014,NGD,45028222.0
2014,JDST,45011557.0
2014,EWH,44986840.0
2014,DXCM,44970363.5
2014,DWRE,44959210.5
2014,ULTI,44949849.0
2014,IXC,44923450.0
2014,SVU,44797916.0
2014,BDSI,44794947.5
2014,MYGN,44793967.5
2014,IVE,44792607.0
2014,RNR,44739750.0
2014,SGEN,44727173.0
2014,PFG,44643131.0
2014,EZA,44641197.5
2014,FRC,44625094.0
2014,RHI,44588062.5
2014,NVR,44572826.0
2014,NVO,44565082.5
2014,TQNT,44561663.0
2014,GOLD,44553151.0
2014,MEAS,44535372.0
2014,APO,44531314.0
2014,ARMK,44455191.0
2014,FII,44431934.0
2014,CE,44429339.0
2014,OPHT,44401931.0
2014,CMCM,44376946.0
2014,RLJ,44353820.0
2014,MDSO,44342797.0
2014,UNM,44337163.0
2014,JNS,44322657.0
2014,GXP,44262963.0
2014,SPW,44259168.5
2014,AAXJ,44242243.0
2014,FLO,44239795.0
2014,UDOW,44202692.0
2014,PCL,44202517.0
2014,WLK,44188365.0
2014,AMCC,44184036.0
2014,PDCE,44146479.0
2014,JASO,44110257.0
2014,LPNT,44087558.0
2014,LINE,44025146.0
2014,ODP,44019086.0
2014,EAT,44007404.5
2014,VAR,43972918.0
2014,OVTI,43951776.0
2014,VCSH,43915777.0
2014,MAN,43896565.0
2014,SPXS,43893804.0
2014,ERX,43892041.0
2014,ALV,43861643.0
2014,ERJ,43831482.5
2014,THO,43825607.0
2014,BOFI,43762551.0
2014,EXH,43745134.0
2014,RJF,43739597.0
2014,POST,43727880.5
2014,PRLB,43727429.0
2014,BCEI,43720475.0
2014,CVA,43709409.5
2014,HNT,43666272.0
2014,CRR,43660052.0
2014,BDN,43658044.0
2014,AOS,43636550.0
2014,FTNT,43632816.0
2014,MKC,43597665.0
2014,MFA,43550595.0
2014,CIM,43475438.0
2014,DRQ,43468114.0
2014,MLPN,43455955.0
2014,FCN,43451808.0
2014,BF.B,43435762.0
2014,ATO,43435102.0
2014,PKI,43387428.0
2014,CSOD,43383639.5
2014,TK,43323510.0
2014,CODE,43267729.5
2014,GAS,43227375.5
2014,PAAS,43214115.0
2014,RGLD,43123118.0
2014,HIW,43111793.0
2014,RSPP,43096605.0
2014,TDS,43071574.0
2014,IYT,43062278.0
2014,HME,43028241.0
2014,APU,42911859.0
2014,TEN,42866236.5
2014,ICLR,42860188.0
2014,CFR,42750532.0
2014,AVY,42746820.0
2014,GMT,42715611.0
2014,MHLD,42710578.0
2014,QLIK,42709359.5
2014,GBX,42702336.0
2014,UL,42699996.0
2014,SHLD,42698082.0
2014,CHD,42682311.0
2014,H,42667761.0
2014,VRSN,42660991.0
2014,FSL,42655964.0
2014,PBYI,42655036.0
2014,VUG,42630195.0
2014,PPO,42598970.0
2014,VC,42569270.0
2014,VAL,42489182.0
2014,BVN,42425259.5
2014,R,42420249.0
2014,TMH,42415687.5
2014,LPLA,42379442.0
2014,MDR,42365042.0
2014,CPA,42356998.0
2014,WOOF,42331420.0
2014,STO,42315251.0
2014,EWM,42309095.0
2014,UUP,42289353.0
2014,ZQK,42278040.0
2014,RMD,42237199.0
2014,ITT,42164935.0
2014,NEWL,42117028.0
2014,SRC,42110987.0
2014,FCEL,42083811.0
2014,ANR,42053586.0
2014,TUR,42031401.0
2014,RPM,42013377.5
2014,HOS,41963982.0
2014,ARCC,41935804.0
2014,EWA,41929362.0
2014,LPX,41927306.0
2014,TXT,41917492.0
2014,PNW,41856549.0
2014,USLV,41822650.0
2014,IGE,41795457.0
2014,HRS,41731689.0
2014,WES,41640059.0
2014,TD,41634547.0
2014,AIV,41597164.0
2014,CAKE,41577591.0
2014,KNDI,41571882.0
2014,UNXL,41545880.0
2014,SKX,41501415.0
2014,LEG,41490844.0
2014,EXAS,41415468.0
2014,HYLD,41371473.0
2014,LNCO,41361519.0
2014,KBE,41327875.5
2014,MTG,41263076.5
2014,RVBD,41195185.0
2014,CVRR,41170563.0
2014,SIR,41126680.0
2014,HA,41125910.0
2014,IWL,41069152.0
2014,CS,41058823.0
2014,BNDX,41057553.0
2014,ACC,41021598.0
2014,AHL,40998948.5
2014,INVN,40982871.0
2014,THOR,40932509.0
2014,AOL,40929710.0
2014,ABG,40919202.0
2014,DAR,40917317.0
2014,URS,40891576.0
2014,HOV,40888383.0
2014,MTD,40840910.5
2014,VFH,40822275.0
2014,VSAT,40809658.0
2014,VPL,40765825.0
2014,ILF,40732682.0
2014,SOHU,40698043.0
2014,AVG,40644892.5
2014,HII,40622835.5
2014,GERN,40562224.5
2014,ASNA,40548983.0
2014,TCPI,40537217.0
2014,DFE,40477416.0
2014,KRC,40470182.0
2014,CHMT,40411030.0
2014,ALKS,40343685.5
2014,AME,40325591.5
2014,WRB,40321773.0
2014,FDN,40301540.0
2014,BKD,40283666.5
2014,SCPB,40249098.0
2014,ENS,40220423.0
2014,TVIX,40189854.0
2014,KERX,40139924.0
2014,WR,40096843.0
2014,MD,40058873.5
2014,DBA,40050516.0
2014,PRE,40034207.5
2014,VWOB,39999440.0
2014,MOH,39934507.5
2014,WSH,39931791.0
2014,BPT,39917415.0
2014,FMX,39875350.0
2014,UDR,39833158.0
2014,RICE,39832667.0
2014,PDS,39811717.0
2014,RWX,39804908.0
2014,CSL,39803023.0
2014,KMT,39746525.0
2014,IDV,39588547.0
2014,HRL,39523787.0
2014,EPB,39505365.0
2014,TS,39496067.0
2014,IEP,39468054.0
2014,MDRX,39457936.0
2014,GWR,39433825.0
2014,ARW,39362889.0
2014,CVLT,39322195.5
2014,AXLL,39292420.0
2014,CNK,39237759.0
2014,HCLP,39164366.0
2014,ERUS,39071927.0
2014,SNPS,39005735.0
2014,IHG,38992792.0
2014,SBH,38978950.0
2014,WBAI,38953109.0
2014,SSTK,38935366.0
2014,EEQ,38909961.0
2014,KN,38895623.0
2014,MAA,38816519.0
2014,MFC,38791484.0
2014,INDA,38683923.0
2014,ARUN,38638705.0
2014,ITOT,38547091.0
2014,BBVA,38545903.0
2014,CST,38433783.0
2014,PODD,38415624.0
2014,NJR,38347819.0
2014,HL,38344590.0
2014,WLT,38343283.0
2014,TDW,38341063.0
2014,RMBS,38335244.5
2014,FWLT,38314341.0
2014,MTDR,38258705.0
2014,ATW,38212124.0
2014,BIV,38206399.0
2014,XRAY,38143516.0
2014,IWR,38122256.0
2014,HMSY,38112585.0
2014,MSM,38099333.0
2014,VAW,38010371.0
2014,TMK,37897745.0
2014,RYAAY,37827610.0
2014,TUES,37815563.0
2014,EPE,37808819.0
2014,MMS,37771633.0
2014,TBF,37746545.0
2014,BIOF,37738962.0
2014,FEIC,37695407.0
2014,PBH,37602489.0
2014,IT,37565933.0
2014,SHOO,37530468.5
2014,NEU,37495731.0
2014,GTN,37493747.0
2014,ANN,37493380.0
2014,AMKR,37459331.0
2014,THRM,37294725.0
2014,EEMV,37264978.0
2014,DGI,37150251.0
2014,HSNI,37146502.0
2014,CIG,37071768.0
2014,AEIS,37054659.0
2014,TRAK,37033231.0
2014,TRP,37028192.0
2014,WAIR,37013109.0
2014,HXL,36946789.0
2014,CEO,36816259.0
2014,DLNG,36787223.0
2014,WRLD,36772744.0
2014,BYD,36713597.0
2014,NBG,36704649.5
2014,BBL,36692103.0
2014,LXU,36537189.0
2014,BR,36523616.5
2014,CHE,36454704.0
2014,SPF,36435495.0
2014,SIX,36426600.0
2014,TASR,36227060.0
2014,TRQ,36112107.0
2014,HMC,36036588.0
2014,AWK,35884432.0
2014,ASPN,35875749.0
2014,RWM,35709471.0
2014,OI,35601280.0
2014,END,35323694.0
2014,SRPT,34880678.0
2014,BWP,34811853.0
2014,AVT,34696508.0
2014,RGC,34671717.0
2014,BRO,34171849.0
2014,ONVO,34127786.0
2014,FMI,33931646.0
2014,CY,33931138.5
2014,RS,33716631.0
2014,NWS,33138883.0
2014,MMYT,32530344.0
2014,PLCE,32272417.0
2014,CSH,31914354.0
2015,SPY,19196549472.0
2015,AAPL,4509690331.0
2015,IWM,3014575147.0
2015,QQQ,2468570689.0
2015,EEM,1673413639.0
2015,FB,1632656089.0
2015,NFLX,1520833180.0
2015,MSFT,1242158636.0
2015,BAC,1155504653.0
2015,GILD,1075129192.0
2015,EFA,1067042746.0
2015,T,1029005623.0
2015,TLT,980993808.0
2015,AMZN,964902621.0
2015,INTC,957212018.0
2015,JPM,945584071.0
2015,C,885086657.0
2015,BABA,873637920.0
2015,WFC,853648298.0
2015,DIA,801272493.0
2015,GE,797021169.0
2015,GOOGL,788570693.0
2015,FXI,783413833.0
2015,XLF,780787157.0
2015,XOM,780372380.0
2015,XLE,769373207.0
2015,GOOG,749426674.0
2015,PFE,723769235.0
2015,JNJ,719091091.0
2015,VXX,707965744.0
2015,TSLA,705517779.0
2015,CVX,704210513.0
2015,VZ,684258850.0
2015,QCOM,670915679.0
2015,ORCL,665481315.0
2015,TWTR,663774803.0
2015,CMCSA,660818642.0
2015,IYR,653250145.0
2015,PCLN,636510054.0
2015,XIV,630254260.0
2015,CSCO,621583676.0
2015,IVV,606360120.0
2015,ABBV,597843459.0
2015,DIS,595778547.0
2015,PG,593053215.0
2015,MU,591895278.0
2015,IBB,571748013.0
2015,IBM,556324345.0
2015,HUM,547933045.0
2015,SLB,543110069.0
2015,AMBA,529072555.0
2015,WMT,516794032.0
2015,MRK,514399992.0
2015,HYG,503375343.0
2015,ACT,499401146.0
2015,UNP,496616620.0
2015,GS,493281751.0
2015,AIG,491923409.0
2015,BAX,485478353.0
2015,KO,484513154.0
2015,XLV,482523489.0
2015,GLD,479365462.0
2015,FIT,475613886.0
2015,XLU,474954277.0
2015,BIIB,472698260.0
2015,GDX,471422369.0
2015,UNH,468935905.0
2015,HD,464614452.0
2015,BIDU,464531833.0
2015,EBAY,460955422.0
2015,UNVR,457129591.0
2015,CI,454310921.0
2015,GM,454196098.0
2015,KMI,453328890.0
2015,WMB,449455810.0
2015,AXP,444857457.0
2015,CELG,443554553.0
2015,LLY,440735694.0
2015,MDT,435264281.0
2015,YHOO,432609892.0
2015,VWO,430088835.0
2015,MCD,428387906.0
2015,XLI,428338583.0
2015,AAL,424948739.0
2015,HAL,423297668.0
2015,FOXA,420670387.0
2015,AMGN,410563771.0
2015,UTX,408884137.0
2015,BA,405107807.0
2015,TWC,397821542.0
2015,TNA,394025577.0
2015,DAL,393114470.0
2015,ALXN,390896862.0
2015,AVGO,389642812.0
2015,BRCM,388517439.0
2015,CVS,388443386.0
2015,BRK.B,384260979.0
2015,BMY,379546481.0
2015,REGN,375630761.5
2015,TRU,375448303.0
2015,DOW,371726157.0
2015,V,363145927.0
2015,SWKS,358540842.0
2015,TGT,351439279.0
2015,MMM,350898057.0
2015,FEYE,350791208.0
2015,XLY,347845036.0
2015,XLK,346623746.0
2015,F,345248295.0
2015,EWZ,341194484.0
2015,ESRX,339733986.0
2015,MET,339124654.0
2015,EMC,339057141.0
2015,XLP,335170478.0
2015,UVXY,334779936.0
2015,WING,332709626.0
2015,OXY,332300872.0
2015,HPQ,328475717.0
2015,JNK,328061643.0
2015,HEDJ,324632068.0
2015,VRX,323385832.0
2015,MDY,321250948.0
2015,SBUX,318557554.0
2015,PEP,317844545.0
2015,MO,316981819.0
2015,PM,316512679.0
2015,COP,314721380.0
2015,VLO,313416739.0
2015,AET,307720921.0
2015,TQQQ,306200334.0
2015,FCX,304766965.0
2015,LOW,304392781.0
2015,FDX,303138333.0
2015,MA,302697825.0
2015,AMAT,302563527.0
2015,EOG,302134409.0
2015,LYB,300603178.0
2015,CAT,299468175.0
2015,VNQ,298945166.0
2015,XOP,298879346.0
2015,MS,298803645.0
2015,USB,297548751.0
2015,JD,296963670.0
2015,LQD,296262304.0
2015,MON,292632944.0
2015,TSM,291412062.0
2015,EWJ,290742202.0
2015,CAFD,289356255.0
2015,USO,289351501.0
2015,LUV,286526388.0
2015,TWX,285951435.0
2015,LO,285001905.5
2015,M,284113764.0
2015,DD,283310778.0
2015,FTSM,279993840.0
2015,MYL,277047710.0
2015,WSH,275443782.0
2015,UCO,275255796.0
2015,HLT,274515756.0
2015,DUK,274248695.0
2015,MDLZ,273981663.0
2015,MCRB,269039179.0
2015,UPS,266181738.0
2015,ALTR,263711106.0
2015,LNKD,263175480.0
2015,BK,261959574.0
2015,KLXI,260793430.0
2015,CHK,260467818.0
2015,NXPI,260351524.0
2015,COST,258744682.0
2015,CHTR,258510022.0
2015,GPRO,256886080.0
2015,SSO,256413619.0
2015,PXD,255795594.0
2015,TXN,255046762.0
2015,NKE,251249211.0
2015,ANTM,250965091.0
2015,APC,249449712.0
2015,XBI,248392200.0
2015,EZU,247609906.0
2015,RAI,246247195.0
2015,CSX,246045538.0
2015,DTV,245899788.0
2015,KRFT,244647654.0
2015,FXH,239498176.0
2015,VOO,238499449.0
2015,ADBE,237253829.0
2015,UAL,236129924.0
2015,GKOS,235681216.0
2015,DXJ,235639373.0
2015,TAHO,235607472.0
2015,VGK,235067052.0
2015,CMG,233616749.0
2015,SPG,233485892.0
2015,SUNE,231550377.0
2015,PANW,231510343.0
2015,ILMN,231311489.0
2015,VTI,229956774.0
2015,COF,229071998.0
2015,HCA,228933410.0
2015,PSX,225662109.0
2015,ABT,225141704.0
2015,DHR,222051307.0
2015,PNC,221937125.0
2015,PCP,221364077.0
2015,KRE,221120778.0
2015,PBR,220726617.0
2015,HEI,220091837.0
2015,KR,216066813.0
2015,LVS,215055824.0
2015,CRM,212543575.0
2015,CYBR,209563892.0
2015,CAH,209356244.0
2015,WYNN,205746141.0
2015,WBA,204970993.0
2015,PRU,204819630.0
2015,SCHW,203532991.0
2015,EVH,203097248.0
2015,KORS,202541367.0
2015,LMT,202462546.0
2015,HON,200571993.0
2015,QIHU,200256843.0
2015,CTRP,197748955.0
2015,D,196636385.0
2015,DE,196203288.0
2015,DG,195393026.0
2015,MPC,194439864.0
2015,UWTI,192887136.0
2015,SHLX,191576229.0
2015,EXC,191453719.0
2015,VIAB,191336876.0
2015,CBS,190763218.0
2015,MBLY,190245822.0
2015,BLK,189766270.0
2015,QRVO,189749479.0
2015,MCK,189313629.0
2015,AMT,188606072.0
2015,GD,186483054.0
2015,YUM,186233045.0
2015,NOV,186197219.0
2015,RPM,185282646.0
2015,PRGO,185096072.0
2015,AA,184649162.0
2015,ACN,184505525.0
2015,VWR,184345334.0
2015,BIL,183346375.0
2015,SO,181500028.0
2015,TEVA,181448254.0
2015,RAD,181215948.0
2015,CL,181012886.0
2015,GLW,180871489.0
2015,EMR,180741169.0
2015,VEA,180559091.0
2015,TRCO,178536690.0
2015,ANTX,177812711.5
2015,OCR,177254655.0
2015,HOT,176658304.0
2015,HSC,175783080.0
2015,CMI,175217168.0
2015,VALE,174906285.0
2015,TBT,174634843.0
2015,ABC,174439503.0
2015,TMO,174350517.0
2015,APA,174186564.0
2015,XRT,173408961.0
2015,PTXP,173083462.0
2015,CFG,172789881.0
2015,WSO,171643209.5
2015,TVIX,171449899.5
2015,LNG,171406364.0
2015,SMTC,171105074.0
2015,TRV,170057687.0
2015,GMCR,169753534.0
2015,SNCR,168763997.0
2015,URI,168523696.0
2015,NEE,168475867.0
2015,CTSH,167649348.0
2015,AGG,166201283.0
2015,SNDK,166165719.0
2015,VIPS,164582796.0
2015,STX,164485933.0
2015,BP,162658245.0
2015,MCRN,162519521.0
2015,WDC,162342236.0
2015,RDS.A,161502878.0
2015,NSC,161420020.0
2015,RTN,161215513.0
2015,BBT,161028192.0
2015,AMP,160914495.0
2015,NVDA,160587372.0
2015,CF,160366689.0
2015,ENDP,160205063.0
2015,DFS,160110825.0
2015,ALL,159950524.0
2015,OIH,159893269.0
2015,BLUE,157918843.0
2015,STT,157848375.0
2015,NBL,157836655.0
2015,UMPQ,157805060.0
2015,JBLU,157305405.0
2015,USDU,156656420.0
2015,MJN,156104050.0
2015,ATVI,155682066.0
2015,EQIX,155396924.0
2015,SWN,155123561.0
2015,SGYP,153853314.0
2015,DVN,153853161.0
2015,BX,153527094.0
2015,EWG,153357687.0
2015,CCI,153294384.0
2015,CMCSK,153122905.0
2015,ALRM,153113162.0
2015,WFM,153066910.0
2015,MGM,152818216.0
2015,NEM,152452599.0
2015,SCPB,152088678.0
2015,FITB,151572383.0
2015,SDS,151194984.0
2015,COG,150930662.0
2015,CAG,150193638.0
2015,CRS,150119127.0
2015,AER,149772161.0
2015,HCN,149719301.0
2015,NOC,149323942.0
2015,TJX,149225616.0
2015,RF,149146390.0
2015,GDXJ,148883756.0
2015,DLPH,148835676.0
2015,RIG,148358564.0
2015,APLE,148305431.0
2015,CTXS,148271467.0
2015,PX,147823725.0
2015,MNST,147700328.0
2015,PPL,147493737.0
2015,RRC,147387289.0
2015,SIAL,146538029.0
2015,VRTX,146457823.0
2015,XLB,146422895.0
2015,ACE,146253389.0
2015,GDOT,145632682.5
2015,TEG,145508268.5
2015,WLL,145328937.0
2015,STOR,145086155.0
2015,QTS,145035926.0
2015,CXO,144533118.0
2015,AZO,144521531.0
2015,BSX,144376018.0
2015,GSK,144310724.0
2015,ITW,143947843.0
2015,HYH,143381852.0
2015,NUGT,142963516.0
2015,CP,142865370.0
2015,CAPL,142489289.0
2015,CCL,142487039.0
2015,BUD,141751244.0
2015,SYY,141278989.0
2015,RCPT,140975682.0
2015,ADM,140697924.0
2015,WOOF,140579244.0
2015,MOS,140094270.0
2015,INTU,140082030.0
2015,GLOP,139332399.0
2015,X,139279693.0
2015,ASHR,138931039.0
2015,VSH,138826946.0
2015,BDX,138799077.0
2015,HES,138047910.0
2015,SPXU,138026399.0
2015,OFC,137978094.0
2015,TZA,137755209.0
2015,AOL,137514050.0
2015,TSN,137433261.0
2015,HST,137273676.0
2015,ICE,137101497.0
2015,SMH,136993632.0
2015,UPRO,136622379.0
2015,VOD,136562515.0
2015,XLNX,136546738.0
2015,IP,136127442.0
2015,ED,136080469.0
2015,MDXG,135863879.0
2015,KN,135617674.0
2015,NTAP,134981322.0
2015,PEG,134900532.0
2015,KSS,134804270.0
2015,EXPE,134544202.0
2015,DLTR,134516250.0
2015,PPG,134513004.0
2015,BMRN,134237600.0
2015,HEI.A,134203723.0
2015,RCL,134087891.0
2015,ITUB,133969737.0
2015,EA,133503051.0
2015,CME,133502363.0
2015,EQR,133101362.0
2015,VTR,132822820.0
2015,WHR,132503059.0
2015,ETN,132235106.0
2015,BHI,132199578.0
2015,HCC,132197165.0
2015,PCG,131726227.0
2015,ETP,131621055.0
2015,CTRX,131461162.0
2015,FOGO,130955627.0
2015,ISIS,130506537.0
2015,FTR,130462495.0
2015,LBTYK,130389127.0
2015,ADP,130142572.0
2015,EW,130133445.0
2015,MRC,129499530.0
2015,GLPI,129226509.0
2015,NTES,128866725.0
2015,LULU,128679286.0
2015,KMB,128468416.0
2015,Z,127645058.0
2015,KEY,127130387.0
2015,MORE,126890250.0
2015,TRAK,126587598.5
2015,LRCX,126473947.0
2015,KKD,126311625.0
2015,RSX,126240343.0
2015,LB,125823909.0
2015,TSO,125624902.0
2015,GPS,125290907.0
2015,SSNC,124297239.5
2015,BIV,124254825.0
2015,APD,123848266.0
2015,BBBY,122943536.0
2015,UA,122241046.0
2015,PVA,122213262.5
2015,PH,122203433.0
2015,GIS,122102972.0
2015,ADI,121955934.0
2015,IEF,121898726.0
2015,CTL,121838674.0
2015,STI,121371594.0
2015,BND,121326656.0
2015,TROW,121197054.0
2015,SINA,120893171.0
2015,EMN,120735701.0
2015,UE,120420899.0
2015,MBI,120159901.0
2015,KSU,120149798.0
2015,SPLK,120026328.0
2015,MRO,119960993.0
2015,IJH,119751004.0
2015,ADS,119726652.0
2015,ETE,119686912.0
2015,MAR,118387904.0
2015,MB,118351915.0
2015,SHW,118143800.0
2015,ADSK,118125332.0
2015,MDVN,117748948.0
2015,GWW,117596773.0
2015,IR,117159239.0
2015,ABX,116992760.0
2015,CONE,116942149.0
2015,AXON,116937591.0
2015,MNK,116850181.0
2015,GOVT,116018199.0
2015,QLD,115994755.0
2015,HCP,115873607.0
2015,WPZ,115858071.0
2015,PLL,115752235.0
2015,NRF,115484196.0
2015,SE,115357299.0
2015,STZ,115076814.0
2015,LEN,114898474.0
2015,CERN,114725123.0
2015,SEMI,114591971.0
2015,ZMH,114550265.0
2015,ISRG,114350816.0
2015,BBY,113937379.0
2015,IVZ,113898144.0
2015,EL,113670537.0
2015,ESRT,113493169.0
2015,UNT,113339251.0
2015,AEP,113293938.0
2015,SQQQ,113063557.0
2015,EWY,112212120.0
2015,PSA,111951528.0
2015,WFT,111897118.0
2015,SFUN,111889343.0
2015,AVB,111478491.0
2015,DRH,111445700.0
2015,DWTI,111374546.0
2015,AERI,111170219.0
2015,EIX,110975983.0
2015,QID,110920825.0
2015,LH,110816115.0
2015,JUNO,110506658.0
2015,DISH,110228103.0
2015,APOL,110074015.0
2015,GEVA,110004159.0
2015,CSAL,109729460.0
2015,DBD,109710878.0
2015,TDW,109489499.0
2015,HTZ,109374123.0
2015,FULT,108854167.0
2015,YY,108790650.0
2015,MYGN,108727160.0
2015,VFC,108705031.0
2015,IBN,108609038.0
2015,KRG,108543047.0
2015,BRLI,108517834.5
2015,XEC,108472935.0
2015,RHT,108268291.0
2015,CBLI,108117846.0
2015,FXE,108082232.5
2015,MBB,108029884.0
2015,EWW,107888274.5
2015,HWAY,107708247.0
2015,SDRL,107594655.0
2015,RDUS,107491720.0
2015,AMCN,107365204.0
2015,MMC,107237498.0
2015,NVRO,107041490.0
2015,JNPR,106314414.0
2015,PLD,106227940.0
2015,NE,106136716.0
2015,HOG,106094011.0
2015,ZTS,106030202.0
2015,TRIP,106014001.0
2015,RTH,105929288.0
2015,CMS,105844587.0
2015,AAP,105720909.0
2015,IWO,105703255.0
2015,TMUS,105304570.0
2015,WGP,105223360.0
2015,AFL,104890910.0
2015,IXG,104867512.0
2015,SPW,104819060.0
2015,CRED,104806868.5
2015,CRED,104806868.5
2015,EPI,104751525.0
2015,SRE,104579732.0
2015,ECL,104427282.0
2015,CB,104400291.0
2015,FLTB,104275921.0
2015,HRG,104254784.0
2015,BAB,104205321.0
2015,CAM,104190340.0
2015,LTRPA,104144708.0
2015,ZUMZ,104027880.0
2015,FGEN,103755289.0
2015,GPP,103727310.0
2015,WSTC,103423910.0
2015,IYG,102982347.0
2015,GCI,102980729.0
2015,ESV,102282011.0
2015,DHI,102048999.0
2015,YELP,101949408.0
2015,PVH,101822935.0
2015,FCAN,101821598.0
2015,CLR,101793251.0
2015,SBRA,101332614.0
2015,HSY,100982495.0
2015,BEE,100938146.5
2015,AKAM,100859664.0
2015,IWD,100494254.0
2015,SFBS,100398291.0
2015,TLO,100112120.0
2015,NVS,99726508.0
2015,FOX,99709422.0
2015,LNC,99518614.0
2015,TAP,99467134.0
2015,HME,99395897.0
2015,UNG,99245749.0
2015,NI,99136575.0
2015,MLM,98998483.0
2015,CNI,98946069.0
2015,POT,98897593.0
2015,SU,98856090.0
2015,IWF,98724721.0
2015,HBAN,98554953.0
2015,KMX,98360358.0
2015,SYMC,98114400.0
2015,PGR,98030508.0
2015,SCTY,97208881.0
2015,BXP,97175734.0
2015,HP,97137897.0
2015,EPZM,96747259.0
2015,FEZ,96649092.0
2015,ICPT,96374398.0
2015,WY,96263621.0
2015,CACC,96225881.0
2015,MRVL,96168852.0
2015,K,96161077.0
2015,AON,96115560.0
2015,CHKP,95998739.0
2015,ORLY,95840559.0
2015,RL,95765364.0
2015,GG,95621350.0
2015,DATA,95419399.0
2015,SVXY,95385631.0
2015,XHB,95206741.0
2015,HIG,94917038.0
2015,CHS,94794142.0
2015,ZAYO,94653174.0
2015,DEO,94460401.5
2015,EQT,94460227.0
2015,XL,94407015.0
2015,SPXL,94357404.0
2015,BEN,94299935.0
2015,A,94049976.0
2015,YOKU,94017960.0
2015,COH,94004724.0
2015,MAC,93686309.0
2015,BNCL,93677379.0
2015,KING,93576299.0
2015,BDN,93560373.0
2015,GGP,93056859.0
2015,CNX,92986969.0
2015,ROST,92819023.0
2015,GT,92700484.0
2015,CX,92688660.0
2015,BF.A,92579903.0
2015,NYRT,92566971.0
2015,TEL,92361728.0
2015,FAS,92329518.0
2015,UTHR,92319469.0
2015,NKTR,92274706.0
2015,OXM,92212090.0
2015,SJM,92068725.0
2015,INCY,92063692.0
2015,BNS,92035975.0
2015,VMW,91789446.0
2015,FSLR,90879311.0
2015,ZION,90790050.0
2015,CHRW,90726418.0
2015,IEMG,90692863.0
2015,ENLK,90649702.0
2015,SWK,90612308.0
2015,SMFG,90600283.0
2015,MHFI,90504071.0
2015,GPRE,90463178.0
2015,DOV,90382228.0
2015,SHPG,90283778.0
2015,ETFC,90115657.0
2015,NWE,90099303.0
2015,SEE,90078507.0
2015,UGAZ,89720042.0
2015,NLY,89605047.0
2015,CPN,89601846.0
2015,GNRT,89401172.0
2015,KITE,89252502.0
2015,BBD,89123456.0
2015,WRLD,88995799.0
2015,ALNY,88905458.0
2015,HFC,88783242.0
2015,NRG,88438352.0
2015,JCP,88398275.5
2015,WES,88377775.0
2015,NFX,88323501.0
2015,ETR,88175765.0
2015,ULTA,88171686.0
2015,FL,88142187.0
2015,MWV,87560218.0
2015,XEL,87342620.0
2015,SNX,87130667.0
2015,TLMR,86929785.0
2015,PII,86924105.0
2015,PAYX,86730616.0
2015,NTRS,86726848.0
2015,FOLD,86626963.5
2015,SPHB,86566056.0
2015,DTE,86541173.0
2015,NLSN,86516385.0
2015,TMST,86135373.0
2015,CNC,86057319.0
2015,EQM,86039760.0
2015,IWN,85987368.0
2015,SPLS,85925185.0
2015,SBAC,85846745.0
2015,LBTYA,85794919.0
2015,BURL,85744458.0
2015,MIC,85653440.0
2015,TVPT,85596639.0
2015,OAS,85592531.0
2015,BLMN,85550604.0
2015,OMC,85503331.0
2015,THS,85128520.0
2015,FTI,84884862.0
2015,FFIV,84724845.0
2015,SKX,84722358.0
2015,PHM,84660154.0
2015,MTU,84635515.0
2015,IART,84582024.0
2015,VOYA,84562677.0
2015,ALLY,84540379.5
2015,SNY,84504794.5
2015,DRQ,84396475.0
2015,LVLT,84366840.0
2015,PCAR,84307423.0
2015,WU,84301802.0
2015,WDAY,84096300.0
2015,DBEF,83995690.0
2015,MCHP,83953970.0
2015,RH,83857238.0
2015,ODP,83854370.0
2015,HQY,83710720.0
2015,SYNA,83602383.0
2015,NOW,83576674.0
2015,CONN,83558882.0
2015,CMA,83436900.0
2015,LTM,83369230.0
2015,ALDR,83199200.0
2015,IGT,83196705.0
2015,SIRI,83145178.5
2015,AXS,83121478.0
2015,HAR,83094597.0
2015,BOX,83074037.5
2015,OMAM,83005637.0
2015,BSV,82985200.0
2015,SYK,82901861.0
2015,UN,82851693.0
2015,HEZU,82598744.0
2015,FISV,82587476.0
2015,SYT,82427100.0
2015,IYT,82047470.0
2015,ROK,82025248.0
2015,TYC,81934682.0
2015,TYC,81934682.0
2015,AZN,81909069.0
2015,HRC,81857659.0
2015,GEF,81808015.0
2015,FDO,81581195.0
2015,HDV,81519675.0
2015,SLV,81415132.0
2015,FCAU,81315188.0
2015,ALK,81282707.0
2015,BDBD,81261669.0
2015,WEC,81230553.0
2015,MCO,81225130.0
2015,PF,81058808.0
2015,ITRI,80986230.5
2015,DGX,80972221.0
2015,FE,80914573.0
2015,SNN,80912040.0
2015,AGNC,80819149.0
2015,WEN,80697065.0
2015,VEU,80661182.0
2015,EPD,80318308.0
2015,ROL,80267728.0
2015,SM,80264800.0
2015,XRX,80108998.0
2015,FRAN,80013869.0
2015,NCR,80006374.5
2015,MEI,79857465.0
2015,HZNP,79741993.0
2015,MNKD,79667839.5
2015,SLF,79568213.0
2015,NSM,79392835.0
2015,AMG,79096308.0
2015,NBR,78938154.0
2015,UHS,78803288.0
2015,BLKB,78552989.0
2015,AMTD,78499640.5
2015,GME,78440768.0
2015,MHK,78303667.0
2015,W,78264011.0
2015,ASH,78194162.0
2015,MAS,78027477.0
2015,BBRY,78021451.0
2015,TERP,78019958.0
2015,MXIM,78019669.5
2015,KYTH,77909623.5
2015,LXFT,77813044.0
2015,FLT,77786292.0
2015,AXLL,77729332.0
2015,E,77727298.0
2015,WUBA,77703840.5
2015,RKT,77623132.0
2015,ESPR,77536482.5
2015,CIEN,77471091.0
2015,HDS,77365569.0
2015,MGA,77356166.0
2015,SCO,77339007.0
2015,TIF,77295875.0
2015,DUST,77220155.0
2015,WYN,77195630.0
2015,ATO,77108508.5
2015,RAX,77066388.0
2015,RNR,77041482.0
2015,SLG,77035135.0
2015,ZEN,76985007.0
2015,EWT,76974639.0
2015,SCHA,76935661.0
2015,CMRX,76892162.0
2015,GCI,76832649.5
2015,SHY,76777239.0
2015,GES,76692194.0
2015,DPLO,76691016.0
2015,BWA,76690284.0
2015,WM,76674231.0
2015,VNO,76661196.0
2015,OKE,76596776.5
2015,NORD,76528984.0
2015,PBYI,76439518.0
2015,CAR,76331303.0
2015,SNR,76244518.0
2015,EWP,76076460.0
2015,NTCT,76058181.0
2015,LPNT,75981011.0
2015,MAT,75822240.0
2015,NUE,75740448.5
2015,NVLS,75567397.0
2015,ASML,75520079.5
2015,HEWG,75502932.5
2015,ON,75318291.0
2015,GI,75269149.0
2015,DVA,75079830.0
2015,UNFI,75068799.5
2015,O,75006375.0
2015,EGN,74794366.5
2015,SHLD,74757190.0
2015,HSP,74707747.0
2015,HRB,74676914.0
2015,BHP,74426308.5
2015,ITB,74422836.0
2015,RY,74389837.0
2015,TGI,74294871.0
2015,LYV,74280877.0
2015,DISCA,74196796.0
2015,CNP,73951540.0
2015,STJ,73924620.0
2015,UPL,73810734.5
2015,RCI,73743765.5
2015,PSO,73687799.5
2015,FIS,73645638.0
2015,CPT,73421565.0
2015,ECA,73418163.0
2015,THC,73359255.0
2015,SSTK,73325838.0
2015,EWH,73259379.0
2015,DST,73235607.0
2015,ANET,73128682.0
2015,DAN,73121040.0
2015,LC,73102325.0
2015,PKG,72909198.0
2015,HDP,72894911.0
2015,HSBC,72738190.5
2015,DRI,72696822.0
2015,ARG,72677398.0
2015,COO,72580437.0
2015,RDS.B,72555387.5
2015,ATML,72108118.5
2015,NS,72071953.0
2015,DNKN,72066800.0
2015,TTM,72053472.0
2015,TASR,72003959.0
2015,KBE,71956925.5
2015,AMX,71951906.0
2015,CA,71790360.0
2015,ZU,71751580.0
2015,PLCM,71629037.5
2015,MTB,71605769.0
2015,LLTC,71450139.0
2015,IPXL,71356031.0
2015,CMC,71174669.0
2015,AES,70914437.0
2015,TECD,70904752.0
2015,AAXJ,70741486.0
2015,CCE,70525096.0
2015,IYH,70515122.0
2015,VEEV,70513775.5
2015,CY,70493719.0
2015,GLP,70479488.0
2015,XYL,70438936.5
2015,CTLT,70396645.5
2015,INFY,70358099.0
2015,SHO,70180891.0
2015,LEA,70098626.0
2015,IJR,70031432.0
2015,WWAV,70026888.5
2015,IMGN,69908795.0
2015,CSIQ,69840698.0
2015,MFRM,69757004.5
2015,JWN,69729235.0
2015,PHG,69695727.0
2015,RFP,69600321.0
2015,MANH,69586112.0
2015,MPW,69553231.5
2015,YPF,69432168.5
2015,PLAY,69358726.0
2015,KEX,69304733.5
2015,RSP,69240833.0
2015,ATW,69227717.0
2015,CVC,69226474.0
2015,FGP,69213636.0
2015,UIL,69205061.0
2015,IVW,69178632.0
2015,UDR,69100773.5
2015,DDR,69081067.0
2015,FIVE,68763756.5
2015,AGU,68695908.5
2015,AMBC,68688705.0
2015,ABY,68641872.0
2015,QLYS,68619423.5
2015,CLGX,68594461.5
2015,SCHB,68562685.5
2015,VAC,68548727.0
2015,ESS,68531658.0
2015,ZOES,68475183.0
2015,VC,68461880.5
2015,SNI,68327258.0
2015,MWE,68266301.0
2015,RLJ,68222291.0
2015,DPS,68209553.5
2015,INDA,68190984.0
2015,HIMX,68166509.0
2015,IWP,68161693.5
2015,OKS,68048144.0
2015,BTI,68044388.0
2015,INGN,68003105.0
2015,AMLP,67985278.0
2015,STLD,67884956.0
2015,AMAG,67874193.0
2015,ACWI,67836005.0
2015,PTEN,67817606.0
2015,DB,67788847.5
2015,TRND,67723386.0
2015,TLN,67611139.0
2015,VUG,67494198.0
2015,JAZZ,67468018.0
2015,EXAS,67448938.5
2015,FINL,67424298.5
2015,DXD,67415121.0
2015,ARMH,67410257.5
2015,LUK,67343581.0
2015,AEO,67267872.0
2015,VRSK,67253018.0
2015,CDK,67242337.0
2015,SJNK,67081520.0
2015,DECK,67041392.0
2015,SGEN,67041125.0
2015,GWRE,67026004.0
2015,EJ,67013866.0
2015,EDU,66995845.0
2015,NOK,66992497.0
2015,KLAC,66971012.0
2015,CUZ,66926100.5
2015,VDSI,66919302.0
2015,IRM,66909497.0
2015,VLTC,66900359.0
2015,VBR,66748583.0
2015,WAT,66705502.0
2015,CREE,66559372.0
2015,ADT,66554261.0
2015,ES,66544907.0
2015,MSM,66534283.5
2015,NCLH,66504121.0
2015,BSCH,66344717.0
2015,MLHR,66309203.0
2015,CBPO,66270586.5
2015,CAKE,66248263.0
2015,EMB,66220814.0
2015,ANSS,66159415.0
2015,MSG,66124280.0
2015,RIO,66094648.0
2015,INGR,66073734.0
2015,SNH,66015420.0
2015,DDM,65903489.0
2015,SAN,65857064.0
2015,CLX,65854702.0
2015,STWD,65837584.0
2015,NVO,65808974.5
2015,QUNR,65797022.0
2015,TSS,65794590.0
2015,LM,65720774.0
2015,MUR,65718108.0
2015,SIG,65592155.5
2015,HLF,65534402.5
2015,AFSI,65523844.0
2015,PBR.A,65467754.0
2015,MOH,65400860.0
2015,OEF,65396574.0
2015,HOLX,65366068.0
2015,CRI,65207182.0
2015,APOG,65135211.0
2015,MAA,65057839.0
2015,SPR,65019444.0
2015,MXL,65011306.0
2015,PFG,64968224.0
2015,SOHU,64965294.0
2015,NWL,64938193.0
2015,PHH,64909285.0
2015,EPAM,64893287.5
2015,CSJ,64889132.0
2015,EXPD,64791220.0
2015,TOL,64750613.0
2015,EWU,64632439.0
2015,PAH,64617716.0
2015,FAF,64581610.0
2015,AGIO,64529819.0
2015,UUP,64482596.5
2015,PWR,64475131.0
2015,ANF,64461444.0
2015,NMBL,64426213.0
2015,NEWR,64425334.0
2015,IWR,64383323.0
2015,AGEN,64327208.0
2015,RWM,64325498.0
2015,SONC,64314267.0
2015,IYF,64254732.5
2015,BIO,64238577.0
2015,RSG,64220874.0
2015,JBHT,64197202.0
2015,CSC,64077930.0
2015,DLR,63997998.0
2015,CASY,63997368.5
2015,HBI,63934416.5
2015,NAV,63877355.0
2015,RXN,63858132.0
2015,BKLN,63831562.0
2015,VNTV,63817800.5
2015,GDDY,63777698.0
2015,LVNTA,63774395.0
2015,CDNS,63764000.0
2015,OPK,63752721.0
2015,URBN,63730580.0
2015,XENT,63657731.0
2015,IEI,63641879.0
2015,JOY,63612223.5
2015,DYN,63465047.0
2015,LMNS,63377918.0
2015,Q,63346248.0
2015,ARCP,63330038.0
2015,IAT,63307870.5
2015,VALE.P,63260560.0
2015,SNA,63174396.5
2015,BKS,63173177.0
2015,BG,63158776.0
2015,CNW,63065340.5
2015,AKRX,63009524.0
2015,XME,62926571.5
2015,TSU,62909439.0
2015,TDC,62900486.0
2015,RXI,62820691.0
2015,INXN,62813456.0
2015,P,62738063.5
2015,OC,62732772.0
2015,EUM,62727631.0
2015,AVY,62631568.5
2015,OA,62580368.0
2015,DDS,62568483.0
2015,DV,62567663.0
2015,PSEC,62558646.0
2015,SRPT,62547395.0
2015,STRZA,62476584.5
2015,ABEV,62475330.0
2015,GRUB,62466645.5
2015,VTV,62462005.0
2015,PNRA,62459869.0
2015,HRS,62457973.5
2015,WSM,62383132.0
2015,XHR,62371560.5
2015,IFF,62362388.0
2015,ARMK,62280455.0
2015,BSCG,62209438.0
2015,SAGE,62182562.0
2015,WBAI,62159996.0
2015,HRTX,62129831.0
2015,IHE,62123789.0
2015,ALSN,62117464.5
2015,SAVE,62075184.0
2015,SBNY,61998534.0
2015,COL,61987853.0
2015,CSL,61963631.0
2015,IDTI,61934994.0
2015,CNQ,61901084.0
2015,MPEL,61899750.0
2015,CYBX,61880437.0
2015,DJP,61859194.0
2015,BIB,61830266.0
2015,HYS,61807645.0
2015,BSCI,61807582.0
2015,VRNT,61767793.0
2015,CE,61737638.5
2015,DVY,61707969.0
2015,HACK,61678889.0
2015,JEC,61614080.0
2015,TV,61612606.0
2015,KBH,61540522.0
2015,QVCA,61540162.5
2015,IHS,61442713.0
2015,ABB,61305896.0
2015,IPG,61295174.0
2015,OSK,61266430.0
2015,WETF,61239095.0
2015,MW,61161641.0
2015,JMEI,61127840.0
2015,AAVL,61082247.0
2015,GLNG,60987144.5
2015,FANG,60972695.0
2015,CYH,60969795.0
2015,GBX,60917636.0
2015,SYF,60850162.0
2015,AGZ,60820686.0
2015,MSI,60813587.0
2015,DGAZ,60806698.0
2015,BF.B,60758527.0
2015,VGSH,60743745.0
2015,EWD,60728028.0
2015,EXPR,60725733.5
2015,INVN,60674991.5
2015,COTY,60626661.0
2015,LSTR,60618515.5
2015,NBIX,60539415.0
2015,MIK,60531056.0
2015,DNR,60505839.0
2015,DPZ,60505070.0
2015,AIV,60405752.5
2015,BLL,60375426.0
2015,CIU,60323851.0
2015,MOMO,60318048.0
2015,ALV,60259035.5
2015,PRF,60249204.0
2015,VCIT,60243739.5
2015,GPT,60207426.0
2015,BOBE,60205770.0
2015,FAST,60201432.5
2015,IDCC,60166211.0
2015,ISSI,60150644.0
2015,FTNT,60100154.0
2015,HAS,60099773.0
2015,CBL,60074538.0
2015,CLI,60034276.0
2015,GVI,60033363.0
2015,HUN,59947326.0
2015,ALR,59895413.0
2015,FR,59882488.0
2015,PNR,59807954.0
2015,DANG,59805723.5
2015,VMC,59737693.0
2015,MAN,59730731.0
2015,PFF,59723194.0
2015,SEIC,59717293.0
2015,BWLD,59694028.0
2015,KIM,59678370.5
2015,MCHI,59571229.5
2015,ANAC,59414516.5
2015,HIFR,59397448.0
2015,CYN,59391655.0
2015,CTAS,59369880.5
2015,ZBRA,59261633.5
2015,CIT,59237884.0
2015,VAR,59134903.5
2015,DXCM,59108406.0
2015,TRP,59081954.0
2015,BMR,59052870.5
2015,PPC,59011399.5
2015,SHOP,58989214.0
2015,IWB,58899037.5
2015,SDY,58883817.5
2015,TBF,58805136.0
2015,ITC,58773878.0
2015,AME,58739244.0
2015,TW,58737832.5
2015,DF,58688574.5
2015,AN,58686901.0
2015,DRC,58659589.0
2015,NVAX,58655081.0
2015,GPK,58578887.0
2015,SWNC,58554822.0
2015,VIV,58529313.0
2015,OII,58521346.5
2015,TEX,58514889.0
2015,QLIK,58500469.0
2015,TLLP,58406531.0
2015,DCT,58395149.0
2015,TSCO,58394271.0
2015,REG,58369256.0
2015,MT,58311472.0
2015,CMCM,58308526.0
2015,QEP,58266098.0
2015,NWSA,58260724.0
2015,XON,58174328.0
2015,IOC,58042818.0
2015,AEM,58041298.0
2015,LPLA,58040409.0
2015,RYAAY,58000254.0
2015,BLOX,57945185.0
2015,OIS,57929362.0
2015,CDTI,57910451.0
2015,ECON,57899885.0
2015,CAVM,57848882.0
2015,OUTR,57827858.0
2015,TCO,57824240.5
2015,TOT,57769362.0
2015,CM,57725161.5
2015,GRMN,57723396.0
2015,TXT,57722038.5
2015,CBI,57699347.0
2015,EVHC,57674090.0
2015,DAR,57629507.0
2015,HLS,57626229.5
2015,ZIOP,57625461.0
2015,SHV,57610808.5
2015,USMV,57605320.0
2015,JBL,57602245.0
2015,DWRE,57587093.5
2015,COMM,57554830.5
2015,COMM,57554830.5
2015,SHAK,57448411.0
2015,TRUE,57400470.0
2015,SC,57348288.5
2015,AGO,57342164.0
2015,KBWB,57307026.0
2015,PTC,57273001.0
2015,IACI,57250901.0
2015,TRN,57174094.0
2015,ALKS,57161705.5
2015,WBC,57123708.5
2015,DPM,57074822.0
2015,SIRO,57056713.0
2015,SUPN,57045848.0
2015,FDS,57015799.5
2015,FLS,57004649.5
2015,IVE,56969585.5
2015,ACWX,56788088.0
2015,ERX,56747896.0
2015,TD,56725833.0
2015,NFG,56720363.0
2015,VRSN,56714038.0
2015,SSYS,56676863.0
2015,EUO,56641239.0
2015,CLNY,56577225.0
2015,THO,56537880.0
2015,MD,56457000.0
2015,ETSY,56447081.0
2015,TIME,56439271.0
2015,FSL,56419319.0
2015,TWM,56407201.0
2015,ROSE,56330406.0
2015,AXL,56303281.0
2015,SEAS,56299164.5
2015,NSAM,56270729.0
2015,NDAQ,56235662.0
2015,MTG,56222032.0
2015,PAY,56165584.0
2015,PDCO,56148762.0
2015,MNTA,56144912.0
2015,NUS,56090788.0
2015,SPXS,56064594.0
2015,DWA,56057372.0
2015,BRX,56056965.0
2015,PNW,55959606.0
2015,SLW,55920467.0
2015,AMJ,55899013.0
2015,AMH,55883373.0
2015,UNM,55875700.5
2015,RMTI,55871063.0
2015,CBT,55833790.0
2015,IWV,55763512.0
2015,CBG,55713290.0
2015,SXC,55693098.0
2015,PFPT,55589070.5
2015,EXR,55582488.0
2015,NRZ,55579929.5
2015,ENB,55561954.0
2015,IPGP,55552522.0
2015,AGCO,55551156.0
2015,ODFL,55508079.0
2015,JNS,55495677.0
2015,DNOW,55453068.0
2015,TCK,55415281.0
2015,VDE,55407999.5
2015,ATHM,55390512.0
2015,SPN,55349279.0
2015,TRGP,55290789.0
2015,ST,55261606.0
2015,R,55242426.0
2015,S,55236965.0
2015,TRI,55235223.0
2015,ADVS,55190153.0
2015,BWC,55177442.0
2015,DEPO,55161543.0
2015,OI,55150930.0
2015,HIW,55087580.0
2015,PAAS,55069604.5
2015,GPOR,55067916.0
2015,JAH,55063236.5
2015,KS,55061221.0
2015,CLB,55055924.5
2015,PAYC,55044032.0
2015,SBGI,55040918.0
2015,BXMT,55026374.0
2015,HUB.B,55019321.5
2015,FNX,55012985.0
2015,XPO,54971785.0
2015,SRC,54944718.0
2015,RGA,54943639.0
2015,MLNX,54892906.0
2015,DRE,54868490.0
2015,MINT,54868178.0
2015,SH,54832213.0
2015,WDR,54773032.0
2015,FRT,54767701.0
2015,IDXX,54753388.0
2015,PRTA,54749434.0
2015,AR,54735323.5
2015,GBF,54706391.0
2015,OUT,54697578.0
2015,NUAN,54676273.5
2015,HSIC,54675415.5
2015,AJG,54668015.5
2015,VB,54665295.5
2015,HCBK,54623412.0
2015,TMK,54620570.5
2015,TMH,54585518.0
2015,CFR,54579544.0
2015,TGTX,54530913.0
2015,LNN,54511945.0
2015,ROVI,54445341.0
2015,SBH,54431379.0
2015,ADXS,54423615.0
2015,DTEA,54373833.0
2015,HDB,54361747.5
2015,MTW,54351394.5
2015,RXDX,54334796.0
2015,ANN,54303070.0
2015,PGRE,54268910.0
2015,ACAD,54213643.0
2015,BDSI,54184686.0
2015,VR,54156358.0
2015,LPX,54151963.5
2015,INSY,54133530.0
2015,WNR,54085698.0
2015,CNHI,54058607.0
2015,SABR,54044520.0
2015,BAP,54021919.0
2015,FLR,54008269.0
2015,KKR,54001812.0
2015,MTD,53984857.0
2015,WCC,53841078.0
2015,IMS,53817630.0
2015,LEG,53791207.5
2015,LGND,53749697.0
2015,LQ,53748479.0
2015,FLOT,53692760.0
2015,CLVS,53687448.0
2015,SCZ,53669690.0
2015,GREK,53640934.0
2015,VPL,53621294.0
2015,SGNL,53615812.0
2015,WGO,53562221.0
2015,SEDG,53546880.5
2015,NEWM,53493935.0
2015,OZRK,53492673.0
2015,BCR,53476596.0
2015,IYW,53466492.0
2015,XPH,53394469.0
2015,XRAY,53374825.0
2015,AMCX,53356971.5
2015,FRC,53344854.0
2015,KAR,53295080.0
2015,CBRL,53281998.5
2015,WBS,53223792.0
2015,FCE.A,53177248.0
2015,BCRX,53150504.0
2015,SVU,53128752.0
2015,SERV,53120876.0
2015,BIG,53089796.0
2015,LII,53053101.5
2015,MIDD,53013396.0
2015,DDD,52994052.5
2015,SWFT,52985904.0
2015,SWFT,52985904.0
2015,EXP,52898395.0
2015,KEYS,52878791.0
2015,BAM,52826904.0
2015,SUM,52826705.0
2015,SCCO,52807155.0
2015,EFX,52799435.0
2015,GRPN,52743685.0
2015,HAIN,52725606.0
2015,NNN,52705382.0
2015,APH,52691997.5
2015,ARRS,52689013.5
2015,YNDX,52679281.0
2015,BERY,52667397.0
2015,CVE,52660231.0
2015,EWC,52627950.0
2015,AIZ,52582786.0
2015,MKC,52522465.0
2015,WLK,52455302.0
2015,SOXX,52438624.0
2015,BRK.A,52421122.5
2015,PAA,52397480.0
2015,BC,52372292.0
2015,TUBE,52357707.0
2015,ROP,52342267.0
2015,CRC,52340779.0
2015,AVP,52326356.0
2015,AMD,52322425.0
2015,GIII,52312270.0
2015,FLEX,52274662.0
2015,FOSL,52254723.0
2015,SLCA,52227785.0
2015,NGG,52199611.0
2015,GPC,52179041.0
2015,RDN,52174828.0
2015,FMC,52161071.0
2015,UBS,52149897.0
2015,DBEU,52142733.5
2015,SCHX,52101717.0
2015,SNE,52098460.0
2015,CPB,52093930.0
2015,BITA,52064101.0
2015,PGNX,52042170.0
2015,ACM,52037387.0
2015,BXS,52036764.0
2015,WPX,52029365.5
2015,UDOW,52008594.0
2015,ISBC,51991772.0
2015,EAT,51989233.5
2015,INOV,51977555.0
2015,GXC,51919748.0
2015,IRWD,51895599.0
2015,AVT,51865342.0
2015,LGF,51819631.0
2015,AWK,51809558.0
2015,SFM,51808298.5
2015,ALB,51768553.0
2015,CRTO,51732530.0
2015,WEX,51692077.5
2015,STO,51690412.0
2015,DO,51684576.0
2015,CROX,51643825.0
2015,LL,51623880.5
2015,NYCB,51605726.0
2015,DOOR,51599565.0
2015,LE,51576526.5
2015,BKD,51575008.5
2015,EWQ,51543155.0
2015,TDG,51539546.5
2015,HELE,51470099.5
2015,ICF,51423740.0
2015,DKS,51413423.0
2015,LCI,51398948.5
2015,JLL,51385436.5
2015,LECO,51384606.0
2015,DFE,51368445.0
2015,NHTC,51366113.0
2015,OHI,51351342.5
2015,SAP,51247357.0
2015,WB,51245560.5
2015,MTSI,51243387.0
2015,BOND,51205546.0
2015,CMGE,51173872.0
2015,VHT,51171148.0
2015,VT,51151547.5
2015,TTWO,51146387.0
2015,LAZ,51138159.5
2015,ACHC,51062938.0
2015,JKS,51050909.5
2015,VNET,51037713.0
2015,IEFA,51022866.0
2015,STE,50993658.0
2015,IUSG,50970123.0
2015,IWS,50932171.0
2015,ALGN,50917417.0
2015,AXTA,50873491.0
2015,HMIN,50862741.0
2015,ACOR,50821833.0
2015,AEE,50782685.0
2015,IJK,50779363.0
2015,POST,50760650.0
2015,VIXY,50748991.0
2015,TTPH,50744454.0
2015,MENT,50728268.5
2015,KATE,50703857.0
2015,TMV,50680300.0
2015,JACK,50662098.5
2015,PDCE,50653923.0
2015,KBR,50652625.0
2015,PEGI,50619615.0
2015,AKS,50566603.0
2015,QSR,50562188.0
2015,CWB,50559924.5
2015,OCN,50536501.0
2015,WAB,50488867.5
2015,NAVI,50486149.0
2015,JASO,50446913.0
2015,ATHN,50433941.0
2015,AUY,50385978.0
2015,SRCL,50345896.5
2015,MKL,50307951.0
2015,BPL,50304853.0
2015,GEVO,50301578.0
2015,VO,50289438.0
2015,SCHG,50236739.0
2015,RMD,50167591.5
2015,BCE,50111617.0
2015,RATE,50076733.0
2015,AWI,50034231.0
2015,BMO,50024409.5
2015,GNW,50013845.0
2015,GNC,50005181.0
2015,TSRO,49944359.0
2015,FV,49912498.0
2015,RYL,49912446.0
2015,FNSR,49891761.0
2015,BEAV,49857977.0
2015,GRA,49845691.0
2015,IPI,49845058.0
2015,MMS,49821172.0
2015,PIN,49805371.5
2015,MDC,49771453.0
2015,PCY,49719641.0
2015,GWR,49628628.0
2015,CSGP,49628376.0
2015,CNO,49623124.0
2015,AYI,49614632.5
2015,SF,49579460.0
2015,CBD,49570307.0
2015,JNUG,49568020.0
2015,EYES,49531981.0
2015,SQM,49526482.0
2015,DEI,49521573.5
2015,SWHC,49515665.5
2015,MR,49504838.0
2015,GPN,49488342.5
2015,FAZ,49472113.0
2015,FTGC,49437193.0
2015,WPG,49425910.0
2015,CFX,49385403.0
2015,INFA,49353010.0
2015,MMP,49329826.0
2015,VCLT,49328386.5
2015,MDCO,49318034.5
2015,SIVB,49252312.0
2015,VCSH,49242978.0
2015,EWA,49229285.5
2015,KRC,49227026.0
2015,CG,49225534.0
2015,HII,49207686.5
2015,ASNA,49184551.0
2015,ITT,49121290.5
2015,MSCI,49115788.0
2015,EGRX,49095131.0
2015,DGS,49077178.0
2015,ESL,49045636.5
2015,FXG,49018590.0
2015,LYG,49003416.0
2015,FBHS,48986776.0
2015,HNT,48960292.5
2015,DK,48954611.5
2015,AWAY,48927225.0
2015,CEMP,48923548.5
2015,TUR,48878123.0
2015,ERIC,48873205.0
2015,IAU,48871531.0
2015,DMND,48826865.0
2015,CRUS,48788199.5
2015,BCC,48676028.0
2015,EWBC,48577615.0
2015,PRE,48518364.0
2015,WPC,48508571.0
2015,EFAV,48468552.0
2015,MUB,48462144.5
2015,WCG,48459034.0
2015,HEFA,48411202.0
2015,MDRX,48410602.0
2015,AAWW,48357825.0
2015,HALO,48332857.0
2015,RE,48326917.0
2015,TEN,48307796.0
2015,ING,48200562.5
2015,HRL,48188748.0
2015,MTH,48187976.0
2015,SWI,48128144.5
2015,EWI,48092524.0
2015,PRXL,48064412.0
2015,L,48047860.5
2015,CHAD,48044578.0
2015,HPT,48041116.0
2015,MEOH,48012125.0
2015,CDW,47879297.0
2015,BRCD,47758419.5
2015,LPT,47752458.0
2015,RJF,47730752.0
2015,CMP,47696320.5
2015,SPWR,47679942.5
2015,IGV,47663750.5
2015,CRZO,47642348.0
2015,RARE,47636639.5
2015,EZA,47635537.0
2015,WRB,47631715.0
2015,SPF,47599706.0
2015,BPOP,47590485.0
2015,WR,47534056.0
2015,RICE,47452347.0
2015,DISCK,47448694.0
2015,HA,47427606.0
2015,BNDX,47404411.5
2015,APO,47398892.0
2015,AU,47385847.0
2015,USG,47382705.0
2015,SXL,47343346.5
2015,IMPV,47330560.0
2015,FMX,47326031.5
2015,VIG,47307033.0
2015,RDC,47288642.5
2015,CS,47260381.5
2015,CAJ,47226945.0
2015,PTCT,47099015.0
2015,CZR,47037003.0
2015,TWO,47036798.0
2015,VYM,47007973.5
2015,BSMX,47004571.5
2015,INFN,46995959.0
2015,SAFM,46993661.0
2015,BKU,46980584.5
2015,TIP,46969242.0
2015,SCG,46946111.0
2015,PCL,46935558.0
2015,KFY,46894224.0
2015,AOS,46879036.5
2015,ORIG,46859700.0
2015,ARE,46846197.0
2015,FHN,46834996.0
2015,SNV,46761260.5
2015,VRA,46730758.0
2015,MASI,46692166.0
2015,N,46687652.0
2015,SAM,46666578.5
2015,FNF,46609748.0
2015,PBCT,46594456.0
2015,IHF,46533187.5
2015,RSPP,46511899.5
2015,CBOE,46497392.0
2015,MELI,46475459.0
2015,SPLV,46433368.5
2015,WIN,46402527.5
2015,ARW,46393519.0
2015,DSKY,46374357.0
2015,LKQ,46340800.5
2015,MFC,46331297.0
2015,MTZ,46233441.0
2015,SEP,46227632.0
2015,TS,46197794.0
2015,PXF,46158784.0
2015,SCHF,46149715.0
2015,VNCE,46127850.0
2015,DBJP,46113833.0
2015,FTRPR,46097080.5
2015,LOCK,46083635.0
2015,IMAX,46075276.0
2015,CUBE,46049177.0
2015,ULTI,46025456.0
2015,TCBI,46023084.0
2015,RCII,46008784.0
2015,ONVO,45972873.0
2015,BBL,45915528.0
2015,CBSH,45913127.0
2015,ERY,45847291.0
2015,ZSPH,45810502.0
2015,CCK,45799320.0
2015,POM,45799308.5
2015,ABMD,45793159.5
2015,EV,45780748.0
2015,EPP,45744660.0
2015,PIR,45707172.0
2015,WMGI,45629427.0
2015,GPI,45628263.0
2015,UL,45610452.0
2015,RUSL,45589657.5
2015,RWR,45553588.0
2015,PHK,45539391.5
2015,CHL,45538902.0
2015,GOGO,45510768.5
2015,VNQI,45507776.0
2015,CALM,45471439.0
2015,VAL,45449057.0
2015,OGE,45439816.0
2015,TPX,45431965.5
2015,SRTY,45420483.0
2015,MVV,45417267.0
2015,ARCC,45387967.0
2015,DOX,45288767.5
2015,NBG,45268190.0
2015,PKI,45240706.0
2015,RLGY,45229106.0
2015,TRS,45187003.0
2015,VXF,45184454.0
2015,MRKT,45164639.0
2015,AVEO,45126939.0
2015,CPA,45125732.0
2015,LNT,45101163.5
2015,CLS,45099219.0
2015,FXD,45084673.5
2015,TFX,45011911.0
2015,PACW,44973591.0
2015,SEM,44964352.0
2015,TLH,44936303.5
2015,TRMB,44922498.0
2015,PE,44918939.0
2015,EIDO,44910627.0
2015,OIL,44877368.5
2015,HUBS,44837891.0
2015,FNV,44746485.0
2015,SNPS,44587134.0
2015,VGT,44583258.0
2015,YCS,44509278.0
2015,ATU,44508179.0
2015,LHO,44488644.0
2015,BCS,44455481.0
2015,TER,44439221.0
2015,CLF,44392466.0
2015,LMCA,44375326.0
2015,LPI,44314008.0
2015,GXP,44289971.0
2015,PCRX,44266440.0
2015,CIM,44253882.5
2015,EWL,44205924.0
2015,IEV,44138322.0
2015,CLDX,44076165.0
2015,PVTB,44070978.0
2015,ZLTQ,43999225.0
2015,ICLR,43994730.5
2015,ICON,43924024.0
2015,FNFG,43798661.0
2015,BRFS,43714892.0
2015,UCBI,43712355.0
2015,GOLD,43700478.0
2015,CATY,43631158.0
2015,BAH,43630431.0
2015,HMHC,43446740.5
2015,GHC,43408730.5
2015,LAMR,43397394.0
2015,PBF,43390313.0
2015,TE,43368600.0
2015,LAD,43345468.0
2015,OLN,43317050.0
2015,AMED,43089507.0
2015,AL,43076103.0
2015,CHD,43027660.0
2015,ABG,43018509.5
2015,TTMI,43000733.0
2015,ENH,42959149.5
2015,FEM,42958957.0
2015,NGLS,42860271.0
2015,THOR,42794195.5
2015,DSW,42763621.0
2015,BSCM,42689369.0
2015,UWM,42591498.0
2015,RGLD,42526322.0
2015,VOX,42506994.0
2015,CORR,42379891.0
2015,ALGT,42348699.0
2015,MTN,42128952.0
2015,RHI,42102417.0
2015,SCMP,42101192.0
2015,WX,41885367.0
2015,EEMV,41862651.0
2015,POL,41822713.0
2015,OMER,41790806.0
2015,RS,41663515.0
2015,WRI,41534952.0
2015,AVID,41479730.0
2015,CHMT,41449009.0
2015,VNDA,41376234.0
2015,NVR,41325673.0
2015,ACHN,41275299.0
2015,VBK,41241002.0
2015,SIX,41148491.0
2015,ORAN,41000203.0
2015,STR,40824866.0
2015,OLED,40793981.0
2015,STNG,40790090.0
2015,EDC,40757984.0
2015,HEWJ,40637516.0
2015,TPH,40480571.0
2015,NAT,40358562.0
2015,BRO,40310055.0
2015,XNET,40284165.0
2015,SALT,40257577.0
2015,TNET,40192090.0
2015,CVG,40158263.0
2015,BR,39992840.5
2015,DBC,39871251.0
2015,ATI,39761050.0
2015,CNK,39748003.0
2015,TM,39546348.0
2015,IHI,39511963.0
2015,AXN,39316759.0
2015,ESI,39160720.0
2015,ATRA,39138694.0
2015,POR,38944353.0
2015,RRD,38837082.0
2015,TOUR,38281746.0
2015,TUP,38229539.0
2015,CEO,37594429.0
2015,ATR,37568922.0
2015,ARIA,34236384.0
2015,DCUC,34055122.0
2016,SPY,19662764121.0
2016,IWM,3197678773.0
2016,BXLT,3087986491.0
2016,AAPL,3046040121.0
2016,QQQ,2407540922.0
2016,EEM,2374061582.0
2016,FB,2129694063.0
2016,AMZN,2098305934.0
2016,EFA,1827922584.0
2016,GDX,1558405753.0
2016,GLD,1502422510.0
2016,MSFT,1456934870.0
2016,HYG,1238833962.0
2016,GOOGL,1171669702.0
2016,VXX,1144242881.0
2016,BAC,1139145336.0
2016,GE,1092479580.0
2016,GOOG,1062723702.0
2016,TLT,1050627835.0
2016,XLF,1046753799.0
2016,JPM,964979736.0
2016,XLE,959191261.0
2016,TSLA,924848767.0
2016,WFC,916716024.0
2016,BABA,884161671.0
2016,XIV,883233961.0
2016,XOM,881027477.0
2016,C,878544081.0
2016,FXI,871247066.0
2016,NFLX,860954701.0
2016,PFE,847089357.0
2016,T,828501583.0
2016,PCLN,826734883.0
2016,JNJ,766480631.0
2016,DRII,757497526.0
2016,AGN,737175080.0
2016,V,723377172.0
2016,IVV,682094492.0
2016,INTC,675486583.0
2016,GILD,670388741.0
2016,NKE,668980179.0
2016,VZ,667161244.0
2016,XLI,659882648.0
2016,XLV,656276700.0
2016,CVX,647442974.0
2016,UVXY,634870226.0
2016,ORCL,621553007.0
2016,HD,608082797.0
2016,NUGT,592434720.0
2016,DIS,590748711.0
2016,XLU,589095479.0
2016,VWO,584977584.0
2016,MCD,577904781.0
2016,EWZ,573602823.0
2016,ABBV,569311821.0
2016,CSCO,566959092.0
2016,VRX,548842851.0
2016,IYR,543361887.0
2016,BA,542074500.0
2016,PG,539430236.0
2016,WMT,533414122.0
2016,LQD,528268217.0
2016,DIA,523958491.0
2016,LNKD,515237803.0
2016,TSRO,513565756.0
2016,BRK.B,508632034.0
2016,XLP,498315744.0
2016,GS,497667787.0
2016,UNH,494582474.0
2016,BIDU,489089620.0
2016,XOP,488866678.0
2016,AVGO,488296353.0
2016,CVS,485700076.0
2016,BIIB,484446469.0
2016,JNK,482979117.0
2016,IBB,481818081.0
2016,SHPG,481806670.0
2016,KO,481607673.0
2016,CHTR,479373940.0
2016,GDXJ,479019052.0
2016,MRK,476820879.0
2016,CMCSA,475669127.0
2016,MDY,475374005.0
2016,UWTI,474478205.0
2016,SVXY,470688200.0
2016,PM,470306895.0
2016,MDT,464302357.0
2016,DAL,458919589.0
2016,CELG,457913347.0
2016,QCOM,456151991.0
2016,XBI,446442709.0
2016,XLY,443713964.0
2016,SBUX,430063406.0
2016,IBM,428200066.0
2016,CMG,420724158.0
2016,SLB,414402556.0
2016,PVTB,411854682.0
2016,HAL,410252655.0
2016,BMY,405520804.0
2016,TWLO,396281380.0
2016,YHOO,394514496.0
2016,FCX,392827776.0
2016,AMGN,390213916.0
2016,MON,387910523.0
2016,TGT,386921520.0
2016,DOW,386883207.0
2016,ABT,385047075.0
2016,MA,383374109.0
2016,EWJ,382113536.0
2016,UTX,382051078.0
2016,F,381509909.0
2016,XLK,378858864.0
2016,MS,378303336.0
2016,MO,377951188.0
2016,VEA,369084037.0
2016,NVDA,368838030.0
2016,ABX,368815114.0
2016,LOW,364538532.0
2016,AIG,364130621.0
2016,UNP,363168133.0
2016,ATVI,361905254.0
2016,VGK,360016128.0
2016,COP,358548160.0
2016,EZU,356050976.0
2016,NXPI,355140979.0
2016,WBA,352171621.0
2016,VOO,351745673.0
2016,BP,351198214.0
2016,GM,347618788.0
2016,MMM,339454834.0
2016,ANAC,332770119.0
2016,COST,331182972.0
2016,PEP,331139953.0
2016,TNA,328551372.0
2016,CAT,324000095.0
2016,VLO,321310094.0
2016,EME,321110964.0
2016,PXD,320222562.0
2016,MU,315991040.0
2016,KR,315988626.0
2016,EMC,314298912.0
2016,REGN,313952271.0
2016,USB,307460851.0
2016,TXN,306083214.0
2016,LLY,304462724.0
2016,AMAT,303523253.0
2016,TWTR,302652536.0
2016,SCHW,301926393.0
2016,PYPL,300026578.0
2016,JD,298196006.0
2016,ALXN,294853327.0
2016,AET,292897564.0
2016,AAL,290640774.0
2016,STRZA,290570839.5
2016,VNQ,290352785.0
2016,UPS,287945685.0
2016,LYB,283230988.0
2016,MET,283033042.0
2016,DVN,282251327.0
2016,HON,282055903.0
2016,AXP,281869418.0
2016,NEM,281771520.0
2016,SYF,281496702.0
2016,OXY,281343069.0
2016,CRM,280037869.0
2016,DXJ,276692297.0
2016,COF,276561964.0
2016,ESRX,275355630.0
2016,WDC,275031144.0
2016,ANTM,270114806.0
2016,MINT,267583204.0
2016,TEVA,265232269.0
2016,RDS.A,265047176.0
2016,LUV,263201585.0
2016,DUST,261342908.0
2016,SYMC,260798928.0
2016,MDLZ,260705255.0
2016,TQQQ,259479586.0
2016,DUK,257395346.0
2016,FDX,257287595.0
2016,MNST,256901776.0
2016,WLL,256427820.0
2016,BSX,255163715.0
2016,WST,254178600.5
2016,VPU,253610504.0
2016,MCK,253482163.0
2016,LMT,251589056.0
2016,EOG,251455705.0
2016,IEMG,248227605.0
2016,SPG,248199903.0
2016,TSN,248045105.0
2016,XLB,247064060.0
2016,USO,245944531.0
2016,KMI,244712828.0
2016,KRE,242898705.0
2016,AGG,238936180.0
2016,RDEN,238438912.0
2016,SO,238088443.0
2016,DE,237653843.0
2016,EQIX,237054495.0
2016,X,236462567.0
2016,WYNN,235182920.0
2016,MPC,233907820.0
2016,SDS,233793198.0
2016,ADBE,233542163.0
2016,ACN,233320887.0
2016,UAL,232484539.0
2016,YUM,231245205.0
2016,HEDJ,230090277.0
2016,HPE,230069776.0
2016,APC,229918285.0
2016,PSA,229633301.0
2016,TWX,229169436.0
2016,UA,228756851.0
2016,VTI,227515167.0
2016,MRO,226350544.0
2016,CTSH,226196359.0
2016,DHR,225823339.0
2016,KHC,223860050.0
2016,RTN,222207832.0
2016,CTRP,220683722.0
2016,AZO,219125599.0
2016,PNC,219025727.0
2016,D,217574571.0
2016,XRT,217562660.0
2016,TJX,215575824.0
2016,EA,215486939.0
2016,M,214194329.0
2016,BK,214086583.0
2016,SIG,213817522.0
2016,EBAY,213541738.0
2016,PPL,213095721.0
2016,DG,211333351.0
2016,PRGO,210368698.0
2016,MYL,208291933.0
2016,PSX,208161948.0
2016,CM,206986796.0
2016,IWD,206718652.0
2016,IEF,206513722.0
2016,PANW,205796179.0
2016,GD,204874446.0
2016,AMT,204778527.0
2016,EXPE,204454666.0
2016,HUM,203931639.0
2016,ICE,203927240.0
2016,BLK,203631933.0
2016,SUI,202854911.5
2016,WMB,202499931.0
2016,STT,201141123.0
2016,CBS,200623469.0
2016,DWTI,199816345.0
2016,CCE,199454381.0
2016,SSO,199229011.0
2016,HLT,199155666.0
2016,ZBH,198445814.0
2016,MAR,198417595.0
2016,STJ,198314018.0
2016,NEE,198166163.0
2016,VBLT,197830027.0
2016,VBLT,197830027.0
2016,CCI,197331999.0
2016,FOXA,197296290.0
2016,CXRX,196596151.0
2016,EWG,196124022.5
2016,CCL,195813835.0
2016,PRU,194352346.0
2016,SWN,193882618.0
2016,POOL,193560875.0
2016,NTES,192359805.0
2016,TZA,191388820.0
2016,EBS,190340110.0
2016,STZ,189701707.0
2016,DNOW,189113902.0
2016,BUD,188613526.0
2016,TMO,187311506.0
2016,RAI,187191183.0
2016,ABC,186964299.0
2016,KMT,185617443.0
2016,VOD,184639486.0
2016,CST,184016003.0
2016,SHW,183395076.0
2016,BAX,183095078.0
2016,LBTYK,182276266.0
2016,TSM,178959390.0
2016,AA,178554511.0
2016,SSTK,177977975.0
2016,ISRG,177472095.0
2016,DD,177446863.0
2016,CI,177426221.0
2016,XME,176591703.0
2016,CAH,175300733.0
2016,KEY,174470195.0
2016,WFM,173815380.0
2016,PCY,173639205.0
2016,ADP,172946695.0
2016,LXFT,172456807.0
2016,GSK,171667815.0
2016,CSX,171484839.0
2016,SJM,170419160.0
2016,CMI,169631608.0
2016,TGI,169579276.0
2016,DLTR,167962699.0
2016,GCI,167797324.0
2016,MGM,167602123.0
2016,EMR,167193700.0
2016,GCP,167066475.0
2016,NWL,166885142.0
2016,MOS,166538046.0
2016,KMB,166249728.0
2016,LVS,165984858.0
2016,KORS,165259689.0
2016,HCN,165180960.0
2016,GLW,165176609.0
2016,HES,164766713.0
2016,HEI.A,164648587.0
2016,SIRI,164607546.0
2016,CL,164368339.0
2016,RF,163538872.0
2016,CB,163503647.0
2016,WY,163391276.0
2016,RIG,163281382.0
2016,PLD,162998462.0
2016,ED,162528203.0
2016,IWF,162299390.0
2016,DLR,162268166.0
2016,EQR,162154392.0
2016,KMX,161936321.0
2016,JXI,161871109.0
2016,ITW,161204064.0
2016,LB,160762316.0
2016,GIS,160699352.0
2016,PBR,160583208.0
2016,GG,160290511.0
2016,BBT,160062209.0
2016,IVZ,159600620.0
2016,SMH,159355316.0
2016,UPRO,158560671.0
2016,IJH,158287199.0
2016,ADS,158078449.0
2016,EFG,157745154.5
2016,SYK,156881554.0
2016,EFV,156408175.5
2016,ROST,156314194.0
2016,SYY,156069161.0
2016,CHDN,155963456.0
2016,HTWR,155764877.5
2016,RRC,155274917.0
2016,CXO,155003046.0
2016,DFS,154931787.0
2016,INTU,154298700.0
2016,OIH,154200772.0
2016,TVIX,153715274.0
2016,PCG,152411977.0
2016,TSO,152334607.0
2016,DISH,152328466.0
2016,SE,151863184.0
2016,FITB,151650788.0
2016,SH,151425076.0
2016,TMUS,151336850.0
2016,BHP,151066391.0
2016,HPQ,150558124.0
2016,ADM,150482496.0
2016,K,149861170.0
2016,TMUSP,149817301.0
2016,AVB,149384298.0
2016,JNUG,149354963.0
2016,BHI,149233063.0
2016,ETE,148863685.0
2016,IWB,147971456.0
2016,APA,147910801.0
2016,TAP,147905991.0
2016,VTR,147835472.0
2016,ULTA,147833199.0
2016,AAP,147820380.0
2016,NGVT,147807301.0
2016,VIAB,147661504.0
2016,EWY,147159743.0
2016,JWN,147123661.0
2016,PX,147000725.0
2016,LULU,146523914.0
2016,EL,145629068.0
2016,STI,145254763.0
2016,RDS.B,145190472.0
2016,GNL,145057931.0
2016,PPG,144784358.0
2016,EXC,144614176.0
2016,CHK,144572991.0
2016,LABU,143645980.0
2016,POT,143091979.0
2016,RIO,142759844.0
2016,SWKS,142755707.0
2016,ORLY,142622768.0
2016,NOV,142159980.0
2016,IWN,142146863.0
2016,HCA,141513858.0
2016,MSI,141361775.0
2016,NUE,141348864.0
2016,FEZ,141290523.0
2016,TDG,141163281.0
2016,AMD,141042092.0
2016,CTL,140970615.0
2016,CP,140669690.0
2016,TRV,140479381.0
2016,HST,140375273.0
2016,LRCX,140358772.0
2016,CC,139523003.5
2016,RSX,139226910.0
2016,VFC,138742539.0
2016,FINL,138673462.5
2016,FIS,138554947.0
2016,RL,138209457.0
2016,BLD,138066354.0
2016,CPGX,138022389.0
2016,ENDP,137643516.0
2016,EWK,136636439.0
2016,VV,136631350.0
2016,AZN,134945226.0
2016,EMLC,134427428.0
2016,CF,133955518.0
2016,SPXL,133919670.0
2016,HSY,133845150.0
2016,RCL,133844498.0
2016,TEP,133173486.0
2016,CNC,133124649.0
2016,ILMN,133029189.0
2016,EWW,132856732.0
2016,SPXU,132684037.0
2016,BDX,132457157.0
2016,EW,132390115.0
2016,LBTYA,132329054.0
2016,MLM,132322666.0
2016,WERN,132305394.0
2016,STX,132286602.0
2016,SLW,132047136.0
2016,HBAN,131839703.0
2016,UGAZ,131838604.5
2016,AFL,131525218.0
2016,SQQQ,131314215.0
2016,PEG,131173053.0
2016,NOC,131061598.0
2016,SCHB,130773830.0
2016,WHR,130409150.0
2016,OMC,130080442.0
2016,NVS,129781053.0
2016,APD,128802180.0
2016,SEMG,128725810.0
2016,BBY,128403500.0
2016,SCTY,128308133.0
2016,AEM,128156462.0
2016,ECL,128153740.0
2016,OKE,128115041.0
2016,DBJP,127922043.0
2016,CFG,127909035.0
2016,BND,127866566.0
2016,USMV,127714692.0
2016,VBR,127570008.0
2016,CLR,127557950.0
2016,DFE,126813618.5
2016,NSC,126505756.0
2016,GMT,126418195.0
2016,SLV,125302952.0
2016,ZTS,124967197.0
2016,SRE,124562570.0
2016,IEFA,124104177.0
2016,ETP,123798132.0
2016,BEN,123315250.0
2016,OLLI,123144337.0
2016,AON,122980369.0
2016,COH,122662065.0
2016,NFX,122510598.0
2016,SCHX,122435120.0
2016,LH,122343896.0
2016,PLNT,122065063.0
2016,EQT,121930646.0
2016,VMW,121906140.0
2016,SHLX,121881632.0
2016,NBL,121689910.0
2016,TYC,121126207.0
2016,TYC,121126207.0
2016,VRTX,120951269.0
2016,DEO,120409421.0
2016,AMLP,120304778.0
2016,KSS,119913523.0
2016,CERN,119907687.0
2016,AVP,119790185.0
2016,CME,119650114.0
2016,MCO,119479844.0
2016,DLPH,118639076.0
2016,UN,118615757.0
2016,PEN,118534574.0
2016,FL,118445871.0
2016,HEI,118253051.0
2016,XEL,118089937.0
2016,KSU,117917734.0
2016,TIF,117605440.0
2016,EMB,117599926.0
2016,CTXS,117371714.0
2016,LAZ,117114878.5
2016,WFT,117027977.0
2016,HSBC,117025983.0
2016,SWX,116970896.0
2016,BMRN,116845164.0
2016,XHB,116507661.0
2016,MBLY,116134210.0
2016,EWT,116103076.0
2016,ZROZ,116083745.0
2016,ETSY,115530825.0
2016,URI,115443469.0
2016,AEP,115416986.0
2016,TLH,115381692.5
2016,IP,115072219.0
2016,HP,114762192.0
2016,XEC,114667690.0
2016,GPS,114263079.0
2016,BLL,114205680.0
2016,IJS,113908224.0
2016,FAS,113397854.0
2016,ITUB,113331501.0
2016,GBT,113242295.5
2016,ETN,113237077.0
2016,CMPR,113108939.0
2016,TXTR,112926264.0
2016,WGP,112873756.0
2016,EWU,112729032.0
2016,QLGC,112571559.5
2016,VPL,112192882.0
2016,ALL,111369064.0
2016,E,111126623.0
2016,COG,110977266.0
2016,GEVO,110871779.0
2016,WEC,110796035.0
2016,VIAV,110736196.0
2016,CAG,110695720.0
2016,MAS,110682878.0
2016,GGP,110571745.0
2016,RHT,110489665.0
2016,QUAL,110245438.5
2016,LEN,109854612.0
2016,NSA,109416845.0
2016,SU,108923143.0
2016,LL,108379564.0
2016,IWO,108082847.0
2016,NLY,108051362.0
2016,TLLP,107870186.0
2016,DGX,107786521.0
2016,CHKP,107758769.0
2016,WDAY,107640942.0
2016,IYJ,107582527.0
2016,UCO,107558955.0
2016,TRGP,107421484.0
2016,SRG,107401911.0
2016,PH,107264712.0
2016,TRIP,107147060.0
2016,SPGI,106947395.0
2016,ALK,106899881.0
2016,BBBY,106515632.0
2016,GOGO,106383422.0
2016,RAD,106217779.0
2016,GWW,106118634.0
2016,TLRD,105964266.0
2016,TLRD,105964266.0
2016,QTS,105960349.0
2016,VALE,105724469.0
2016,WCN,105652803.0
2016,IWR,105607707.0
2016,HIMX,105546800.0
2016,IAT,105394623.5
2016,FAST,105207466.0
2016,EPD,104710797.0
2016,MMC,104627035.0
2016,GSAT,104626076.0
2016,ADI,104393252.0
2016,JAZZ,104297494.0
2016,POST,104074427.5
2016,FIT,104072185.0
2016,AMP,103977624.0
2016,SBAC,103861594.0
2016,ETR,103856133.0
2016,O,103704056.0
2016,MJN,103549359.0
2016,HCP,103542145.0
2016,MPW,103522081.5
2016,FE,103489826.0
2016,KBE,103194469.0
2016,SHYG,102754701.0
2016,MDVN,102678642.0
2016,WM,102513987.0
2016,SCOR,102233488.0
2016,PII,102152973.0
2016,XRAY,102001452.0
2016,EPR,101684886.0
2016,SWNC,101419124.0
2016,ACAD,101256840.0
2016,STLD,101246280.0
2016,IR,100959667.0
2016,SCHF,100844825.0
2016,BX,100661246.0
2016,ODP,100571760.5
2016,CLX,100399917.0
2016,VEU,100372548.0
2016,WPX,100314534.0
2016,JBLU,100269392.0
2016,QLIK,100086529.0
2016,PKI,100014348.0
2016,CSC,100013812.0
2016,PSQ,99927799.0
2016,PCAR,99668401.0
2016,KFY,99262901.0
2016,EXAS,99144356.5
2016,IWS,99042449.5
2016,HOLX,98802124.0
2016,NOW,98651972.0
2016,HFC,98619743.0
2016,RLI,98529332.0
2016,JCP,98517080.0
2016,AR,98275304.0
2016,HE,98254841.0
2016,FCPT,98176086.0
2016,CMA,98164913.0
2016,DBEF,98142320.0
2016,MTB,98075256.0
2016,ZION,97995776.0
2016,PAYC,97666630.0
2016,BWX,97603927.0
2016,A,97534418.0
2016,ATKR,97462848.0
2016,RMP,96826110.0
2016,HMNY,96700216.0
2016,CPB,96466393.0
2016,BECN,96450686.0
2016,PAYX,96276471.0
2016,ECA,96265295.0
2016,PVH,96173026.0
2016,HDV,96096262.5
2016,TIP,95884812.0
2016,LNC,95699338.0
2016,IJJ,95612235.0
2016,DOV,95469936.0
2016,EIX,95445010.0
2016,CHRW,95444393.0
2016,CVC,95331632.0
2016,LNG,94969972.0
2016,IPG,94623079.0
2016,HRL,94394124.0
2016,FAZ,94291038.0
2016,HOG,94269156.0
2016,BXP,94181526.0
2016,MFRM,94101197.0
2016,BWXT,94043130.0
2016,CW,94027628.0
2016,VMC,94001306.0
2016,ALB,93996820.0
2016,VGT,93783633.0
2016,SEE,93764358.0
2016,MCHP,93678172.0
2016,FISV,93473826.0
2016,SHY,93400649.5
2016,SUN,93097655.0
2016,HRB,92532671.0
2016,BSV,92473311.0
2016,EUFN,92285647.0
2016,MUR,92164525.0
2016,SRCL,92036746.0
2016,FLOW,91972664.0
2016,QIHU,91898676.0
2016,TCK,91828159.0
2016,CY,91777157.0
2016,FXB,91742239.0
2016,RBS,91603616.0
2016,DHI,91559995.0
2016,SPLK,91448579.0
2016,BRX,91445737.0
2016,SUM,91292641.0
2016,HRG,91237176.0
2016,HAIN,91213206.5
2016,DWRE,91126752.0
2016,DB,90957093.5
2016,MNK,90707046.0
2016,LMCK,90631189.0
2016,ESS,90496849.0
2016,TOT,90486250.0
2016,LBIO,90445567.0
2016,FANG,90383223.0
2016,MAT,90335791.0
2016,HPP,90306099.0
2016,HTZ,90205233.0
2016,GOLD,89899951.5
2016,PNR,89869596.0
2016,TSCO,89720635.0
2016,DISCA,89627571.0
2016,DRI,89602668.0
2016,HYS,89572825.0
2016,KLAC,89553492.5
2016,SWK,89534683.0
2016,ROK,89509716.0
2016,IEO,88921780.0
2016,ERX,88841313.0
2016,TSE,88639547.5
2016,EMN,88479751.5
2016,ITB,88449430.0
2016,BIL,88286396.0
2016,VIXY,88241714.5
2016,GNW,88225093.0
2016,CRL,88146051.0
2016,SCHZ,88125251.0
2016,INCY,87984158.0
2016,VNO,87939648.0
2016,BCR,87875002.0
2016,FXEU,87583038.0
2016,HIG,87497094.0
2016,AEE,87473613.0
2016,TUP,87094064.0
2016,CSTE,87022584.0
2016,NRG,87012209.0
2016,UBS,87009006.0
2016,FDC,86974224.0
2016,WSM,86960755.0
2016,PFF,86931939.0
2016,ARMH,86851063.0
2016,HOT,86728612.0
2016,FFIV,86538415.0
2016,AMG,86421520.0
2016,DCUB,86286036.0
2016,SAP,86056503.0
2016,FLOT,86055367.5
2016,EDC,86025555.0
2016,XLNX,85889525.0
2016,HBI,85774940.0
2016,WR,85261438.0
2016,PHM,85216522.5
2016,GVI,85182190.0
2016,NTRS,85038308.0
2016,AER,84891134.5
2016,TEL,84883901.0
2016,TAHO,84756935.0
2016,COHR,84460167.0
2016,BRCD,84435719.0
2016,GPN,84393955.0
2016,BBD,84391525.0
2016,HRS,84341611.5
2016,SPXS,84339264.0
2016,IHS,84252126.5
2016,EPI,84002786.0
2016,ACWI,83993962.0
2016,TBT,83912256.0
2016,EVHC,83717016.5
2016,IVW,83605140.0
2016,GWB,83590556.0
2016,XL,83536286.0
2016,UHS,83412944.0
2016,PGR,83270990.0
2016,AMJ,83163528.5
2016,ZEN,83004909.0
2016,DPS,83003051.5
2016,MT,82851821.0
2016,EFX,82729786.0
2016,VNTV,82658558.0
2016,UDR,82619651.5
2016,EXR,82404851.0
2016,TPX,82347548.0
2016,SBGL,82306577.0
2016,IYZ,82249695.5
2016,CNQ,82020655.0
2016,XPO,82018982.0
2016,VRNT,81730244.5
2016,QLD,81719978.0
2016,SBS,81648630.0
2016,ADSK,81520357.0
2016,QRVO,81091071.0
2016,EMES,80542292.0
2016,TROW,80474271.0
2016,MUX,80296603.0
2016,FXD,80181040.0
2016,OAS,79787225.0
2016,MAC,79600587.0
2016,WYN,79591280.0
2016,FTR,79579833.0
2016,ARIA,79527554.0
2016,AMTD,79516072.5
2016,NLSN,79499212.0
2016,AYI,79417446.0
2016,ICPT,79389193.0
2016,PLAY,79103327.5
2016,CMS,79086907.0
2016,NUS,78995837.0
2016,CNP,78965504.5
2016,ITOT,78942671.0
2016,DXCM,78877216.0
2016,COL,78862335.0
2016,AXLL,78820938.0
2016,CBL,78699931.0
2016,HSIC,78635959.0
2016,IQNT,78600605.0
2016,AWK,78580050.0
2016,JOY,78530707.0
2016,ZBRA,78521276.5
2016,DTE,78494794.0
2016,AKAM,78415521.5
2016,IDV,78374653.0
2016,WNR,78264872.0
2016,QID,78205614.0
2016,GWRE,78121314.5
2016,FDS,78073197.5
2016,ES,78028501.0
2016,IDU,77965999.0
2016,BKLN,77850907.0
2016,IGV,77844949.5
2016,BBL,77790514.0
2016,BDN,77615898.5
2016,ETFC,77489828.0
2016,DVY,77463186.0
2016,GT,77436244.0
2016,LLTC,77420004.0
2016,QEP,77406330.0
2016,FTI,77397675.0
2016,FDT,77269008.0
2016,CRH,77238046.0
2016,RH,77169476.0
2016,ON,77061923.5
2016,DGAZ,77019096.0
2016,ALV,77002615.0
2016,P,76726332.0
2016,VO,76650058.0
2016,GXP,76570113.0
2016,AUY,76374464.0
2016,NVO,76343602.0
2016,FOX,76125569.0
2016,DNKN,76028992.0
2016,SYT,75841943.5
2016,PKG,75806265.0
2016,MIK,75504010.5
2016,LEA,75490463.0
2016,CA,75400874.0
2016,SLCA,75398389.0
2016,TD,75110817.0
2016,TMH,75088182.0
2016,PAY,75059952.0
2016,GFI,75056695.5
2016,GSM,74957893.0
2016,NTAP,74957403.0
2016,PTEN,74840656.0
2016,JLL,74785046.0
2016,DATA,74537285.0
2016,DERM,74438750.0
2016,LSXMK,74369142.0
2016,TRI,74271085.0
2016,DBEU,74002196.0
2016,FLT,73982277.0
2016,ANF,73974599.0
2016,GWR,73969165.0
2016,BOX,73944000.0
2016,ALLY,73805236.0
2016,AMSG,73790272.5
2016,DRE,73725399.5
2016,CNX,73710698.0
2016,VCSH,73614499.0
2016,VOE,73593535.0
2016,KGC,73491076.0
2016,BCS,73464890.0
2016,OA,73413715.5
2016,PRI,73274993.0
2016,FMC,73211757.0
2016,Q,73132455.0
2016,CMTL,73126180.0
2016,CSAL,73049671.5
2016,TERP,72926929.0
2016,BWA,72902462.5
2016,BLV,72887592.0
2016,CLVS,72873156.0
2016,SM,72862018.5
2016,DPZ,72776537.0
2016,FSLR,72580699.0
2016,GIMO,72559953.5
2016,NERV,72443007.0
2016,SNA,72440366.0
2016,THS,72439510.5
2016,IFF,72409010.0
2016,WCC,72379080.0
2016,SWHC,72350633.0
2016,CAR,72348913.0
2016,VTV,72342113.0
2016,INGR,72293170.0
2016,IT,72277007.0
2016,RICE,72157081.0
2016,PNRA,72156262.0
2016,IPXL,72121021.0
2016,FEYE,72063452.0
2016,FNV,72050875.0
2016,SJNK,71970242.0
2016,IBN,71956291.0
2016,WWW,71939456.5
2016,ESV,71926728.5
2016,GLNG,71926195.0
2016,BG,71859623.0
2016,TS,71806890.0
2016,HDS,71672884.5
2016,MHK,71371289.0
2016,NCR,71273189.0
2016,VXF,71224429.0
2016,IRM,71216971.5
2016,FRC,71204574.0
2016,LOCK,71124977.0
2016,CS,71075413.0
2016,BAM,71062952.0
2016,APH,71055309.0
2016,DEA,70892039.0
2016,IXJ,70834811.0
2016,BF.B,70757330.0
2016,SCG,70626161.5
2016,LYG,70589509.0
2016,EFAV,70527892.5
2016,SABR,70271700.0
2016,NNN,70164174.0
2016,UL,70084141.0
2016,WBS,70059659.0
2016,AG,70019555.5
2016,OPHT,69960066.0
2016,NBR,69880153.0
2016,TV,69708947.0
2016,AXTA,69687865.0
2016,HRC,69674309.0
2016,MDCO,69645661.0
2016,ROP,69546924.0
2016,KBH,69470142.0
2016,WLTW,69465925.0
2016,SPLV,69428038.0
2016,VIPS,69335277.0
2016,RYAAY,69249561.0
2016,VT,69174203.0
2016,LC,69116316.0
2016,SKX,69096753.5
2016,CIEN,69032914.0
2016,MKTO,69026453.5
2016,LDRH,69014148.0
2016,SAN,69005941.0
2016,ST,68986393.0
2016,CUBE,68965016.0
2016,LVLT,68921889.0
2016,SCCO,68677170.5
2016,EWA,68658149.0
2016,AGIO,68507168.0
2016,FTRPR,68379479.0
2016,AGU,68355796.0
2016,NE,68350324.5
2016,HLF,68181458.0
2016,IEI,68103844.0
2016,MANH,68059758.0
2016,WPZ,68043790.0
2016,SF,68041751.0
2016,WAB,67944377.5
2016,YNDX,67898041.0
2016,MGP,67782512.0
2016,SONC,67772774.0
2016,NS,67764791.0
2016,GNTX,67716723.0
2016,TSS,67669390.5
2016,STE,67632216.5
2016,MAA,67629853.0
2016,VB,67580745.5
2016,FEIC,67562405.5
2016,SNY,67470114.0
2016,RE,67441957.5
2016,BPL,67428082.0
2016,EEFT,67421828.5
2016,CASY,67352207.5
2016,SLG,67297966.0
2016,VCIT,67263230.0
2016,WWAV,67260344.0
2016,AEO,67231219.0
2016,RY,67181885.0
2016,PAA,67172905.0
2016,MGT,67085978.0
2016,RGR,66841420.0
2016,RSP,66786984.0
2016,SCHD,66693169.0
2016,JBL,66671932.0
2016,INFY,66531800.5
2016,MSCI,66500917.5
2016,COT,66463209.0
2016,UMPQ,66462854.0
2016,AGNC,66318818.0
2016,DPM,66238588.0
2016,SHV,66207299.5
2016,EXPD,66176774.0
2016,BVN,66171295.0
2016,EAT,66130754.0
2016,PHG,66096146.5
2016,CLF,66083606.5
2016,IONS,66058655.0
2016,IEX,65999040.0
2016,AMX,65947791.5
2016,IEV,65834880.0
2016,DWA,65827710.0
2016,RGLD,65738235.5
2016,SBNY,65688820.0
2016,TEAM,65682199.5
2016,KIM,65626437.0
2016,BRK.A,65624510.0
2016,LAMR,65613134.0
2016,WCG,65597382.0
2016,WPG,65566393.5
2016,ASML,65547869.0
2016,HAS,65530826.5
2016,EDU,65489209.0
2016,ASHR,65473293.0
2016,ITC,65462096.5
2016,EGRX,65397461.0
2016,RRR,65393993.0
2016,PEGI,65286288.0
2016,EWH,65132091.0
2016,NYCB,65129359.0
2016,AMBA,65106717.0
2016,LABD,65088352.0
2016,CONE,65060558.5
2016,EVR,65041159.0
2016,SDOW,65040963.0
2016,TOL,64851521.0
2016,KBWB,64816991.0
2016,PBR.A,64766970.5
2016,ACC,64763123.0
2016,MRVL,64714610.0
2016,PDCE,64680202.0
2016,UNM,64645862.0
2016,AMWD,64630631.0
2016,DYN,64561467.5
2016,KRC,64538762.0
2016,S,64525791.0
2016,LXK,64502516.0
2016,LILAK,64439980.5
2016,MAN,64419418.5
2016,CLB,64401626.0
2016,TTWO,64342286.0
2016,CNK,64299948.0
2016,CBG,64279804.0
2016,BURL,64259386.0
2016,QSR,64258067.0
2016,RMD,64217968.0
2016,SPLS,64198738.0
2016,IART,64187907.5
2016,RNR,64118012.0
2016,MIDD,64066852.0
2016,WUBA,63946425.5
2016,CACC,63878669.0
2016,DY,63852841.5
2016,WRB,63811624.0
2016,IJR,63805420.0
2016,WU,63762937.0
2016,LSXMA,63508025.0
2016,MIC,63472796.0
2016,SSS,63459308.0
2016,AMH,63452901.0
2016,SYNA,63440278.5
2016,HEWJ,63436443.0
2016,EEP,63386196.0
2016,SFR,63290031.0
2016,ICLR,63247867.0
2016,SNI,63240049.0
2016,NI,63224403.0
2016,CTAS,63224243.0
2016,CHD,63166706.0
2016,MBB,63149960.0
2016,FAF,63002506.0
2016,GRMN,62992876.0
2016,RHI,62989492.0
2016,NH,62871361.0
2016,NSAM,62800296.5
2016,DKS,62799178.0
2016,MTD,62710056.0
2016,TER,62646168.0
2016,VEEV,62623663.0
2016,MCHI,62527729.0
2016,MELI,62448668.0
2016,ECR,62419879.0
2016,FLS,62414370.0
2016,TPC,62316241.0
2016,STOR,62289211.0
2016,KRG,62271189.5
2016,IAU,62213908.0
2016,BTI,62151884.0
2016,CSRA,62094083.5
2016,EWC,62049813.0
2016,CX,62031255.0
2016,CPE,61986462.0
2016,IMGN,61827791.5
2016,VAR,61813810.0
2016,GME,61789394.5
2016,UNG,61781417.0
2016,DVA,61777168.0
2016,AU,61733225.5
2016,AN,61720499.5
2016,NEAR,61704775.0
2016,DFT,61637701.0
2016,IUSG,61631185.0
2016,UUP,61608414.0
2016,PDCO,61608168.0
2016,SRPT,61557119.0
2016,WAL,61546910.0
2016,GPK,61427392.0
2016,HMHC,61419526.0
2016,OI,61391029.0
2016,SDY,61320980.0
2016,QVCA,61305271.0
2016,MXIM,61197330.0
2016,UTHR,61169787.0
2016,LKQ,61146711.0
2016,IMMU,61130622.0
2016,JNPR,61114293.0
2016,IDTI,61096509.0
2016,KBR,61053065.5
2016,OSK,61025022.5
2016,GRA,61023663.0
2016,COR,60942470.0
2016,WRI,60907710.0
2016,SCO,60902803.5
2016,EWBC,60898190.0
2016,PFG,60879970.0
2016,REG,60865109.0
2016,FXE,60857366.0
2016,NRF,60825675.0
2016,MPSX,60779216.0
2016,VYM,60764955.0
2016,OLN,60749370.0
2016,BKU,60705258.0
2016,XRS,60674209.5
2016,STMP,60654833.0
2016,SRCLP,60632608.0
2016,HZNP,60625279.0
2016,SPR,60549737.0
2016,PSXP,60500728.0
2016,SCS,60490720.0
2016,TRU,60490025.0
2016,ATU,60439033.0
2016,GPOR,60383112.0
2016,WEX,60353714.0
2016,BOBE,60325407.0
2016,BIG,60311331.5
2016,FLR,60303964.0
2016,CDK,60297113.5
2016,TEF,60200507.0
2016,STR,60172650.0
2016,FIVE,60150546.0
2016,COO,60134360.0
2016,FHN,60131615.5
2016,VRSK,60129024.0
2016,SOXX,60068940.0
2016,N,59997280.0
2016,WLK,59969752.0
2016,INDA,59945308.0
2016,EXEL,59912591.0
2016,ARW,59893941.5
2016,BBRY,59886769.5
2016,NWSA,59866714.0
2016,AL,59859638.0
2016,BC,59849958.0
2016,FXU,59809740.0
2016,WPC,59701292.0
2016,ESPR,59685034.0
2016,IYT,59684405.5
2016,OKS,59447283.0
2016,SRC,59413570.5
2016,AJG,59372284.0
2016,Z,59297333.0
2016,OC,59211506.0
2016,MUB,59198898.0
2016,EZA,59112047.5
2016,CE,59053504.0
2016,GGG,59025021.0
2016,AES,59017176.0
2016,PE,59008428.0
2016,LGF,58973384.0
2016,NOK,58937406.0
2016,CDNS,58872750.5
2016,TFX,58865281.0
2016,MGA,58833127.0
2016,PIR,58815400.0
2016,SGEN,58797897.0
2016,TM,58740286.0
2016,SPN,58680612.0
2016,LII,58636834.0
2016,EV,58631745.0
2016,BWLD,58570929.0
2016,SPHS,58557104.0
2016,JUNO,58550956.0
2016,DCT,58534224.0
2016,CBRL,58530655.5
2016,NCLH,58523670.5
2016,ULTI,58490448.0
2016,BIV,58480579.5
2016,SERV,58451523.0
2016,ABEV,58404641.0
2016,SXL,58373219.0
2016,GRUB,58300199.0
2016,MTN,58296706.0
2016,PAAS,58281149.0
2016,IPHI,58237879.0
2016,NGG,58226209.0
2016,OEF,58161554.5
2016,NBIX,58150821.0
2016,PACW,58116167.0
2016,CLC,58033537.0
2016,NGL,58015440.0
2016,DBA,57993917.0
2016,RSG,57987134.0
2016,IAC,57981142.5
2016,EPAM,57944043.0
2016,CNI,57938211.5
2016,ONCE,57932118.0
2016,RWM,57907002.0
2016,IWP,57887625.0
2016,LM,57865677.5
2016,XYL,57862521.0
2016,TDC,57855119.5
2016,IYW,57799489.0
2016,DDR,57795568.5
2016,SEIC,57780927.0
2016,NDAQ,57758579.0
2016,FBHS,57739465.0
2016,GAS,57733854.0
2016,CACI,57709514.0
2016,CPN,57699500.0
2016,TRMB,57694614.0
2016,AOS,57671544.5
2016,TTM,57518273.0
2016,WTFC,57501365.5
2016,CRZO,57467425.0
2016,OSIS,57466607.0
2016,IVE,57465653.0
2016,EGN,57431751.0
2016,TGNA,57428941.0
2016,WRK,57411863.0
2016,MTDR,57292701.0
2016,SAIC,57268283.0
2016,LIVN,57247487.0
2016,R,57216521.5
2016,AIV,57138903.0
2016,RPG,57132979.0
2016,HII,57053899.0
2016,W,57008670.5
2016,ACWX,56985151.5
2016,ABMD,56981232.0
2016,YELP,56977461.0
2016,RWO,56918929.0
2016,NRZ,56852699.0
2016,ATHN,56836876.0
2016,HEZU,56772970.5
2016,ARMK,56721784.0
2016,VNET,56686587.5
2016,RLGY,56660020.0
2016,PCRX,56592471.0
2016,CIM,56494351.0
2016,CMP,56442165.0
2016,ASH,56438483.0
2016,IYE,56428995.5
2016,GDDY,56402365.5
2016,IYF,56382543.0
2016,VC,56359661.5
2016,OII,56327140.5
2016,VOYA,56324032.0
2016,PF,56316307.0
2016,LILA,56297586.0
2016,SCPB,56205357.0
2016,VUG,56197056.0
2016,AZPN,56126598.0
2016,EQM,56080834.0
2016,BNDX,56062714.0
2016,TRP,56038712.0
2016,FLEX,55986257.0
2016,MKC,55943697.5
2016,FII,55903543.0
2016,OXM,55850614.0
2016,RLYP,55794859.0
2016,MEG,55705093.0
2016,KRNY,55609307.0
2016,PBCT,55546912.5
2016,ALSN,55523830.0
2016,CRC,55520445.0
2016,WBC,55510825.5
2016,MKTX,55467354.0
2016,WAT,55387069.0
2016,VVC,55333837.0
2016,NVR,55327119.5
2016,HMY,55317752.0
2016,LBRDK,55298506.0
2016,CLNY,55294173.0
2016,RJF,55196663.5
2016,TXT,55196122.0
2016,SIVB,55174629.0
2016,PNW,55096461.5
2016,XRX,55061517.5
2016,SEAS,55020352.0
2016,ACHC,54983111.0
2016,CYBR,54968625.0
2016,GLPI,54954966.0
2016,TWM,54924809.0
2016,WOR,54910349.0
2016,XON,54875898.0
2016,ING,54868641.5
2016,LQ,54835673.5
2016,HAR,54815453.0
2016,YY,54750313.0
2016,OLED,54727988.0
2016,CAVM,54648455.0
2016,BW,54504072.0
2016,APOG,54461003.0
2016,ALNY,54458137.0
2016,LPT,54400186.5
2016,HEFA,54378663.0
2016,ADPT,54315224.5
2016,ELS,54313785.0
2016,TE,54311871.5
2016,CINF,54243248.0
2016,SIX,54232688.0
2016,SNE,54074222.5
2016,JACK,54069869.5
2016,EXP,54017731.0
2016,ENB,54009641.0
2016,RSPP,53994367.5
2016,VNQI,53984510.5
2016,CPT,53970176.0
2016,FMX,53967540.0
2016,SFM,53962469.0
2016,FRT,53955570.0
2016,KATE,53944895.0
2016,CBI,53940929.0
2016,AVY,53861042.5
2016,ALGT,53837473.0
2016,FNSR,53817028.0
2016,SAFM,53812217.0
2016,GPC,53799683.5
2016,BWP,53797609.0
2016,CONN,53761016.0
2016,SGY,53749381.5
2016,AGCO,53720210.0
2016,JEC,53705188.5
2016,ELLI,53669330.0
2016,BR,53652928.0
2016,FCAU,53643957.0
2016,CUK,53584161.5
2016,VER,53565787.5
2016,MMP,53496022.5
2016,INXN,53489250.0
2016,EXAM,53466667.5
2016,PEB,53380135.0
2016,SQ,53366113.0
2016,MYGN,53300285.5
2016,AHS,53292710.0
2016,MBT,53289647.0
2016,AM,53232559.0
2016,BID,53223583.0
2016,RDC,53220256.0
2016,PUK,53167348.5
2016,SBH,53102918.5
2016,AAXJ,53102692.0
2016,MD,53068440.0
2016,NUAN,53051209.0
2016,BT,52928346.0
2016,Y,52893586.0
2016,DO,52890940.0
2016,CSL,52870168.5
2016,JBHT,52821160.0
2016,CAKE,52790835.0
2016,BNS,52756747.0
2016,HTS,52755819.0
2016,SAVE,52720987.5
2016,AMCX,52717304.5
2016,OZRK,52714403.5
2016,IAG,52682204.0
2016,VIG,52656143.0
2016,EQY,52640755.0
2016,CMN,52580023.0
2016,BUFF,52496064.0
2016,SNLN,52459540.0
2016,SWFT,52458512.0
2016,SWFT,52458512.0
2016,SBGI,52455295.0
2016,PFPT,52374803.0
2016,ATI,52365418.0
2016,BERY,52352765.0
2016,OHI,52342665.5
2016,FNF,52329493.0
2016,BEAV,52271938.0
2016,CAB,52168125.0
2016,CSIQ,52149352.0
2016,WDR,52148943.0
2016,ARRS,52139642.0
2016,AME,52134090.0
2016,URBN,52059567.0
2016,TLN,52036592.0
2016,VXUS,52034374.5
2016,PBF,52023779.0
2016,VMI,51956912.0
2016,IBKR,51944138.5
2016,CHL,51939971.0
2016,FR,51933779.5
2016,IMPV,51905602.5
2016,ACAS,51895678.5
2016,ERIC,51895055.0
2016,EEMV,51878859.5
2016,EGO,51863880.0
2016,IDXX,51858268.0
2016,EWP,51810941.0
2016,CIT,51770254.0
2016,HIW,51763951.0
2016,ALKS,51738727.5
2016,USG,51682961.5
2016,MTSC,51663867.0
2016,WEN,51654618.0
2016,XNCR,51649414.0
2016,AIZ,51646210.0
2016,CDE,51640375.0
2016,TYL,51620286.5
2016,NVRO,51590124.5
2016,MDRX,51584451.0
2016,JKHY,51524246.0
2016,GPRO,51477262.0
2016,ARRY,51455374.0
2016,COMM,51405572.0
2016,COMM,51405572.0
2016,TRN,51403318.0
2016,RVNC,51400202.0
2016,PPS,51399245.0
2016,KAR,51398194.5
2016,MRD,51390836.5
2016,NUVA,51383128.5
2016,SCZ,51380701.0
2016,ZG,51340337.0
2016,CRI,51334645.5
2016,DISCK,51330935.5
2016,HUN,51325618.5
2016,ZNGA,51239093.0
2016,JDST,51212320.5
2016,RS,51191235.5
2016,CAA,51169357.0
2016,MPEL,51168023.0
2016,TECH,51160987.0
2016,TRQ,51106775.0
2016,VRSN,51094540.0
2016,FLO,51001618.0
2016,ACWV,50999481.0
2016,HXL,50963804.0
2016,DOG,50938433.0
2016,CVT,50858101.0
2016,THO,50699286.0
2016,ILF,50641584.0
2016,BRKR,50619271.0
2016,AKS,50575436.0
2016,BSMX,50564466.0
2016,ATW,50511792.0
2016,UNFI,50508802.0
2016,BAP,50501842.0
2016,WIX,50417416.0
2016,SNPS,50382049.5
2016,ABM,50371150.0
2016,EWQ,50321893.0
2016,CPRT,50261607.0
2016,CCK,50241415.0
2016,OPK,50178078.0
2016,BXS,49993319.5
2016,DF,49980885.0
2016,ARE,49949971.0
2016,KITE,49918627.0
2016,MASI,49896381.0
2016,TREE,49893641.0
2016,CIU,49838895.5
2016,HUBB,49832541.0
2016,TEN,49779084.0
2016,ANET,49759897.5
2016,CSJ,49751895.0
2016,LHO,49740980.0
2016,SSRI,49704162.0
2016,SPHD,49672905.0
2016,RARE,49655263.0
2016,HMC,49641179.0
2016,NSR,49599621.0
2016,ALGN,49525107.5
2016,ARCC,49522318.5
2016,DDD,49514355.5
2016,WOOF,49439369.0
2016,NVAX,49372816.0
2016,KANG,49350003.0
2016,SDRL,49320014.0
2016,SEP,49272836.0
2016,MTG,49232461.0
2016,IEUR,49219316.0
2016,CTLT,49189788.5
2016,EWL,49184547.5
2016,WBMD,49157031.5
2016,FTNT,49121998.5
2016,PTC,49105026.5
2016,UGI,49087564.0
2016,CPA,49054745.0
2016,IILG,49022801.5
2016,INCR,49004564.5
2016,RWX,48969427.0
2016,KKR,48968336.0
2016,IOC,48910083.0
2016,USLV,48882234.0
2016,ABB,48870023.0
2016,CDW,48866633.5
2016,RDN,48831140.0
2016,VAL,48791160.0
2016,GNC,48690555.0
2016,UNF,48682684.0
2016,WTR,48657152.0
2016,LUK,48601126.0
2016,HL,48596865.0
2016,ANSS,48569580.5
2016,LEG,48563020.0
2016,UBNT,48546630.0
2016,FCG,48460674.0
2016,MKL,48346954.0
2016,STIP,48329254.0
2016,BLUE,48261811.5
2016,SHO,48217051.0
2016,DDS,48202792.0
2016,AKRX,48098399.0
2016,OGE,48035933.0
2016,GRFS,48030064.0
2016,MPLX,48011750.0
2016,IMS,47999337.5
2016,IM,47992559.0
2016,ALLE,47916177.5
2016,CSGP,47894386.0
2016,TECD,47885027.5
2016,FLXN,47802863.0
2016,NAV,47800536.0
2016,AHP,47754602.0
2016,ORBK,47725770.0
2016,CRAY,47721971.0
2016,RWR,47648922.0
2016,NAVI,47646492.0
2016,PRTK,47588240.0
2016,SNX,47556471.0
2016,QGEN,47463456.0
2016,EPHE,47458738.5
2016,CWB,47412175.0
2016,LVNTA,47292876.0
2016,GRPN,47273641.0
2016,DNR,47250302.0
2016,NXTM,47232896.0
2016,SFUN,47211877.0
2016,PLCE,47191505.5
2016,ACM,47186798.0
2016,MENT,47171348.5
2016,CRUS,47146879.5
2016,PWR,47142368.0
2016,DCI,47116121.0
2016,CBPO,47090575.0
2016,FOSL,47045400.0
2016,MOH,47019619.0
2016,CYH,46990318.0
2016,CNHI,46983841.0
2016,FCS,46969721.0
2016,SSNC,46904339.0
2016,GNR,46872267.0
2016,MSCC,46858570.0
2016,DSW,46795730.0
2016,WB,46730901.0
2016,NDSN,46675270.0
2016,ODFL,46592948.0
2016,HELE,46579496.0
2016,EPC,46574186.0
2016,TARO,46514768.5
2016,BMO,46409972.0
2016,MSG,46379692.0
2016,CMC,46259320.0
2016,STWD,46253583.5
2016,LPI,46253540.0
2016,FMER,46179200.0
2016,EDZ,46132999.0
2016,ASEI,46092439.0
2016,VG,46084905.0
2016,COTY,46056093.0
2016,SPB,46022990.5
2016,SINA,46020106.5
2016,SYRG,45989373.5
2016,CREE,45982466.0
2016,SCI,45937700.0
2016,BKD,45928469.0
2016,CBOE,45864849.0
2016,CVE,45839392.0
2016,LNT,45837841.0
2016,ZAYO,45777618.0
2016,HDB,45676988.0
2016,CABO,45626638.0
2016,PAGP,45618172.0
2016,SPWR,45592178.0
2016,JCOM,45553560.0
2016,PPC,45547957.0
2016,L,45532927.0
2016,PGX,45498287.5
2016,DBC,45490913.0
2016,LGND,45473438.0
2016,CSOD,45460716.0
2016,AGI,45398980.0
2016,MSM,45379843.0
2016,KEX,45368949.0
2016,OMI,45362204.0
2016,OMI,45362204.0
2016,BCE,45322655.0
2016,FCE.A,45303414.0
2016,BTE,45283330.5
2016,MLHR,45206780.0
2016,EIDO,45109597.0
2016,LECO,45089034.0
2016,EPP,45042854.0
2016,INFN,45036128.0
2016,RAX,45000187.0
2016,SNV,44908850.5
2016,AVT,44896049.0
2016,YPF,44637246.5
2016,MFC,44565120.0
2016,LPX,44484006.0
2016,CIB,44473954.0
2016,BSPM,44367476.0
2016,TMK,44306099.5
2016,WMGI,44245570.0
2016,OFC,44162479.0
2016,SC,44070186.0
2016,EUM,44016292.0
2016,ERJ,43898640.5
2016,SLM,43814828.5
2016,USFD,43801638.0
2016,DWX,43613524.0
2016,ERY,43551237.0
2016,CALM,43396720.0
2016,SHAK,43263747.0
2016,THC,43233034.5
2016,VALE.P,42953536.5
2016,SNH,42943564.0
2016,VSAT,42937642.0
2016,CFR,42905563.0
2016,EBIO,42879927.5
2016,STO,42864456.0
2016,TEX,42595470.0
2016,VSTO,42551932.0
2016,DV,42549582.0
2016,ALR,42533108.0
2016,UST,42463533.0
2016,TTC,42403465.0
2016,CCOI,42397089.0
2016,VIV,42333982.0
2016,CRTO,42325097.0
2016,HA,42308570.0
2016,SKT,42269659.0
2016,ATO,42237286.0
2016,BGS,42228269.0
2016,RGC,41877959.0
2016,CUZ,41845098.0
2016,ITR,41814339.0
2016,UWM,41638722.0
2016,DOX,41548475.0
2016,DNB,41467586.0
2016,ACIA,41432844.0
2016,INO,41316678.0
2016,DLB,41294894.0
2016,ASNA,41061902.0
2016,MEI,40981922.0
2016,VFH,40966484.0
2016,ASC,40940941.0
2016,OUT,40863133.5
2016,TIVO,40767465.0
2016,EWI,40694808.0
2016,GMED,40595957.0
2016,BITA,40230953.0
2016,EXPR,40155041.0
2016,MUSA,39796027.0
2016,HTA,39293840.0
2016,HTA,39293840.0
2017,SPY,13851142931.0
2017,QQQ,5278798905.0
2017,AAPL,3790329685.0
2017,AMZN,3608213598.0
2017,NVDA,3547086141.0
2017,IWM,3278664063.0
2017,BABA,2987884116.0
2017,FB,2559460879.0
2017,TSLA,2504242738.0
2017,EEM,2024333490.0
2017,XLF,1788717439.0
2017,MSFT,1732339483.0
2017,GOOG,1627107222.0
2017,BAC,1619900656.0
2017,GOOGL,1450917906.0
2017,YHOO,1323390153.0
2017,JPM,1300099820.0
2017,EFA,1239563547.0
2017,AMD,1093421860.0
2017,XLE,1050804433.0
2017,C,995595059.0
2017,MU,980693747.0
2017,HYG,971577772.0
2017,GE,965033701.0
2017,XOM,956170178.0
2017,GDX,934746369.0
2017,XIV,926320556.0
2017,WFC,898668196.0
2017,NFLX,878975097.0
2017,PCLN,868146878.0
2017,TLT,799320373.0
2017,JNJ,775978036.0
2017,GLD,757219157.0
2017,AVGO,756824779.0
2017,V,734202742.0
2017,INTC,731340855.0
2017,GS,731086882.0
2017,CMCSA,719664487.0
2017,XLK,695256222.0
2017,DIS,695012895.0
2017,VXX,692564483.0
2017,IVV,689197180.0
2017,WMT,673008888.0
2017,T,658726115.0
2017,CSCO,618775807.0
2017,PFE,618741840.0
2017,XOP,615318746.0
2017,HD,609795031.0
2017,GVI,609502293.0
2017,GILD,600859453.0
2017,ORCL,600393054.0
2017,XLP,591434386.0
2017,JD,578466048.0
2017,AMGN,574633887.0
2017,XLV,573485840.0
2017,FXI,569463955.0
2017,CVX,565433085.0
2017,LQD,559442313.0
2017,XLU,548487426.0
2017,VZ,544728522.0
2017,IBM,542719363.0
2017,IYR,535916905.0
2017,MRK,535117916.0
2017,PG,532702743.0
2017,SLB,524708983.0
2017,EWZ,519587524.0
2017,CELG,519017563.0
2017,COST,515379169.0
2017,BA,504932969.0
2017,XLI,491694930.0
2017,UNH,489680212.0
2017,BRK.B,487135438.0
2017,NKE,467570433.0
2017,CHTR,462033510.0
2017,DIA,461887586.0
2017,SVXY,457596862.0
2017,QCOM,455573944.0
2017,AGN,449741287.0
2017,CVS,441164971.0
2017,REGN,437745944.0
2017,HAL,435898072.0
2017,KO,435561826.0
2017,BIDU,431759515.0
2017,CAT,428222434.0
2017,AMAT,427830968.0
2017,PYPL,427200371.0
2017,X,424691785.0
2017,SBUX,418292849.0
2017,LOW,417886471.0
2017,CRM,416130581.0
2017,TQQQ,412872632.0
2017,BMY,410030190.0
2017,BIIB,409286337.0
2017,GDXJ,407671278.0
2017,MCD,402027465.0
2017,ADBE,401168537.0
2017,LRCX,397905809.0
2017,PM,395740419.0
2017,ABBV,394466941.0
2017,COP,394350901.0
2017,NTES,392034690.0
2017,F,391283334.0
2017,ATVI,390595697.0
2017,MDY,390024804.0
2017,WBA,386769915.0
2017,VOO,386490581.0
2017,MO,379472375.0
2017,VWO,379127819.0
2017,XLY,378096697.0
2017,GM,378079427.0
2017,DAL,375226615.0
2017,MS,370124182.0
2017,IBB,369665682.0
2017,MA,366084821.0
2017,IEMG,365723041.0
2017,ABT,361156932.0
2017,WDC,354170591.0
2017,NUGT,354060692.0
2017,KR,353948895.0
2017,CMG,350632277.0
2017,TXN,345942516.0
2017,FDX,345929815.0
2017,DOW,344963968.0
2017,KRE,344253253.0
2017,EOG,342349414.0
2017,EWJ,338412219.0
2017,TGT,337278205.0
2017,ALXN,335920775.0
2017,UNP,334290241.0
2017,MMM,332599137.0
2017,VNQ,326936297.0
2017,CSX,326406579.0
2017,USB,325985542.0
2017,EA,325403020.0
2017,MDT,316169114.0
2017,XBI,313263715.0
2017,ADI,312787699.0
2017,HUM,312589018.0
2017,SCHW,309656195.0
2017,VGK,307009791.0
2017,JNK,306081903.0
2017,LLY,305290154.0
2017,PEP,305128256.0
2017,NXPI,304269017.0
2017,LUV,302593259.0
2017,TWX,301787942.0
2017,MDLZ,297805818.0
2017,RAI,296678672.0
2017,VEA,295152762.0
2017,UTX,294292670.0
2017,JNUG,291961903.0
2017,ISRG,291654059.0
2017,SMH,290995023.0
2017,SPG,290490252.0
2017,HON,290340866.0
2017,AZO,289671580.0
2017,OXY,288521170.0
2017,ADP,287734750.0
2017,ORLY,285359623.0
2017,UVXY,285315670.0
2017,AIG,282556732.0
2017,TJX,280141588.0
2017,ACN,279593030.0
2017,AXP,277135110.0
2017,WFM,276386479.0
2017,MET,274401837.0
2017,AAL,271271564.0
2017,USO,271176472.0
2017,EZU,271159259.0
2017,CI,268938987.0
2017,ANTM,268456686.0
2017,PXD,267385210.0
2017,VRX,266529232.0
2017,UPS,266281185.0
2017,TWTR,263703386.0
2017,DE,261295893.0
2017,IWD,260407485.0
2017,MAR,258735607.0
2017,APRN,258009180.5
2017,GOVT,251658427.0
2017,EMB,250141153.0
2017,CTSH,247990402.0
2017,NEE,245284004.0
2017,AET,244810388.0
2017,BDX,244529570.0
2017,VTI,244255611.0
2017,TMUS,242252719.0
2017,VLO,241770486.0
2017,BLK,241354555.0
2017,APC,241204719.0
2017,CTL,239543576.0
2017,MCK,239514193.0
2017,FOXA,238571742.0
2017,VAW,238419501.0
2017,KHC,237438731.0
2017,DLTR,237324778.0
2017,KMI,236975314.0
2017,RF,235514742.0
2017,D,235437437.0
2017,MPC,235093856.0
2017,ADSK,233581571.0
2017,EBAY,232404222.0
2017,LMT,231394480.0
2017,PNC,231225979.0
2017,SPNC,230767903.0
2017,EXPE,227981743.0
2017,ESRX,227781375.0
2017,EQT,227758371.0
2017,TSM,226549826.0
2017,SYF,225232663.0
2017,SO,225023269.0
2017,IEFA,224169804.0
2017,WYNN,222114222.0
2017,HLT,219938414.0
2017,VRTX,219535150.0
2017,LYB,219468178.0
2017,ULTA,218347425.0
2017,SHW,217843064.0
2017,DHR,217780136.0
2017,CMP,217523891.0
2017,PANW,217427897.0
2017,IWF,216860629.0
2017,COF,216768992.0
2017,AMT,216645157.0
2017,TMO,216626839.0
2017,TSO,216123845.0
2017,UAL,214998868.0
2017,TNA,214565780.0
2017,TEVA,214562467.0
2017,NOW,213985712.0
2017,MCHP,213881964.0
2017,STZ,210728831.0
2017,BBY,210542600.0
2017,DUK,209997310.0
2017,INCY,209704830.0
2017,DG,209464599.0
2017,GIS,208796473.0
2017,SNAP,208446966.0
2017,INTU,206414883.0
2017,HES,204712519.0
2017,CTRP,204475692.0
2017,JCI,204470710.0
2017,CCP,204030303.0
2017,BK,203446334.0
2017,MYL,203071939.0
2017,PRU,202065826.0
2017,MGM,201559265.0
2017,AAP,201553291.0
2017,VALE,201333813.0
2017,PKY,201185291.0
2017,SHPG,200056386.0
2017,FL,198906048.0
2017,CCL,198638366.0
2017,MOMO,198517351.0
2017,SYMC,196890290.0
2017,CCI,196728831.0
2017,EMR,195139061.0
2017,ITR,194760366.0
2017,PAAS,194586681.0
2017,PSA,194215221.0
2017,XLB,193418541.0
2017,DRQ,193331840.0
2017,CMI,192014686.0
2017,EQIX,191316564.0
2017,HPE,191125320.0
2017,KEY,189093799.0
2017,DVN,188608441.0
2017,CL,188576336.0
2017,PSX,188447715.0
2017,XLNX,188013202.0
2017,HPQ,187459462.0
2017,LVS,187103120.0
2017,BSX,185729299.0
2017,RTN,185057210.0
2017,NTB,184752201.0
2017,SHOP,184249890.0
2017,FCX,183604968.0
2017,TAHO,183352050.0
2017,PH,182935031.0
2017,GD,182221355.0
2017,AAOI,181931018.0
2017,STI,181332662.0
2017,BTU,181221248.5
2017,M,180617339.0
2017,P,180423828.0
2017,QCP,180391548.0
2017,CXO,180372748.0
2017,MRO,179648351.0
2017,CB,179189807.0
2017,NSC,179169013.0
2017,VMW,178161131.0
2017,URI,177813971.0
2017,GLW,177769229.0
2017,IYM,177322317.0
2017,AGG,177073830.0
2017,BCR,177032161.0
2017,DD,176813544.0
2017,BHI,176099371.0
2017,MBLY,175800905.0
2017,COG,175635365.0
2017,MJN,175240908.0
2017,WMB,174854501.0
2017,PNFP,173387239.5
2017,MT,173360080.0
2017,ITW,172156682.0
2017,ROST,171957062.0
2017,SQ,171445732.0
2017,SWKS,171148806.0
2017,TVIX,168475074.0
2017,MON,168297665.0
2017,DLR,168245984.0
2017,KSS,168189307.0
2017,SCHA,167514456.5
2017,ABEV,167124291.0
2017,DFS,166609615.0
2017,SPGI,166275531.0
2017,BP,165527118.0
2017,CFG,165412329.0
2017,EVH,164710358.0
2017,TDY,164274553.5
2017,NOC,164122584.0
2017,JDST,163909982.0
2017,DUST,163511385.0
2017,JNPR,163380580.0
2017,KMX,163331859.0
2017,TSRO,162300250.0
2017,CHK,162248204.0
2017,NBL,161758622.0
2017,BAX,161743826.0
2017,BBT,161556207.0
2017,RHT,160685937.0
2017,TTWO,160685850.0
2017,NWL,160479719.0
2017,OIH,160108798.0
2017,AEP,159991462.0
2017,IJR,159671037.0
2017,UNVR,159601793.0
2017,STT,159330235.0
2017,PX,158774319.0
2017,GIII,158490972.5
2017,SYK,158488694.0
2017,TRV,158443611.0
2017,FOR,158316608.0
2017,TSN,158147549.0
2017,KMB,157706646.0
2017,ICE,157414268.0
2017,RMP,157348048.0
2017,IJH,157284947.0
2017,IEF,156686802.0
2017,CVA,156675622.0
2017,NVDQ,156445522.0
2017,AOBC,156417046.0
2017,PCG,155656837.0
2017,ADS,155292791.0
2017,MELI,155277270.0
2017,FDT,155093277.0
2017,ABX,154867875.0
2017,TIF,154787701.0
2017,PLD,154434594.0
2017,DXC,154289543.0
2017,FITB,153290672.0
2017,TAP,153155429.0
2017,VPL,152709577.0
2017,CBS,152268562.0
2017,SCSS,151881703.5
2017,TZA,151283568.0
2017,VIAB,151182941.0
2017,IR,149832317.0
2017,HDS,149536805.0
2017,SPEX,149456503.0
2017,RDS.A,149054017.0
2017,GWW,148700548.0
2017,APA,148416674.0
2017,LVLT,148348142.0
2017,SNCR,148026249.5
2017,CME,147687909.0
2017,ETN,146869453.0
2017,STX,146830066.0
2017,SYY,146592999.0
2017,NVS,146257681.0
2017,RH,145987828.0
2017,APD,145431840.0
2017,IRY,144821665.0
2017,ABY,144570102.0
2017,XRT,144009884.0
2017,WB,143767459.0
2017,EWT,143525167.0
2017,NEM,143139572.0
2017,ALL,142904028.0
2017,WLL,142849113.0
2017,RCL,142804968.0
2017,TOK,142371675.0
2017,EWY,142304461.0
2017,FBZ,142123308.0
2017,BLUE,142039906.0
2017,RRR,141587520.0
2017,NSA,141488464.0
2017,CLDR,141298414.0
2017,XEC,141143322.0
2017,GLOB,140813180.0
2017,HCA,140791643.0
2017,DLPH,140473499.0
2017,SRE,139874811.0
2017,WDAY,138833348.0
2017,SSO,138547489.0
2017,SQQQ,138541823.0
2017,TDG,137552547.0
2017,PPL,137413684.0
2017,AON,137283781.0
2017,CLR,136979580.0
2017,PPG,136349518.0
2017,KLAC,136033057.0
2017,DPZ,135796247.0
2017,EIX,135775278.0
2017,FAS,135582344.0
2017,NUE,135491227.0
2017,ENB,135111254.0
2017,SWK,134651105.0
2017,CMA,134411637.0
2017,UPRO,134306598.0
2017,LB,134246725.0
2017,PE,133974179.0
2017,QLD,133881969.0
2017,OMC,133861364.0
2017,YUM,133480401.0
2017,RRC,133332690.0
2017,FANG,133210912.0
2017,GGP,133139815.0
2017,CAH,132688761.0
2017,ILMN,132446083.0
2017,CARA,131659856.0
2017,ZTS,130853142.0
2017,SIG,130641171.0
2017,OKE,130594100.0
2017,ETP,130576342.0
2017,APAM,130534551.0
2017,AVB,130258080.0
2017,GOV,130251493.0
2017,KIM,130234278.0
2017,MMC,130131380.0
2017,BND,129758745.0
2017,EXC,129700809.0
2017,TWNK,129650343.0
2017,ZBH,129209861.0
2017,CAG,128919398.0
2017,ALB,128469512.0
2017,INFO,128398596.0
2017,CREE,128329051.0
2017,LULU,127542043.0
2017,WAGE,127412719.0
2017,GPS,127275310.0
2017,CDEV,127256190.0
2017,FEZ,126161035.0
2017,MAT,126086615.0
2017,HUN,125562715.0
2017,VSM,125512110.0
2017,VTR,125244608.0
2017,HIG,125244575.0
2017,PAYX,124939111.0
2017,FLT,124871692.0
2017,BX,124770749.0
2017,AMLP,124759407.0
2017,TSCO,124740518.0
2017,FIS,124493794.0
2017,GFI,124184032.5
2017,TEAM,123920352.0
2017,EL,123874598.0
2017,HCN,123660186.0
2017,ALGN,123616114.0
2017,SBAC,123592932.0
2017,PFGC,123094108.0
2017,K,122862308.0
2017,LBTYK,122633809.0
2017,CDE,122617616.0
2017,BTI,122173486.0
2017,WHR,122085895.0
2017,TMUSP,122022969.5
2017,SBH,121855373.0
2017,MRVL,121804560.0
2017,DRI,121669212.0
2017,PBR,121434493.0
2017,QRVO,121433291.0
2017,FAST,121287985.0
2017,PHM,121265716.0
2017,EPD,120922776.0
2017,WM,120215685.0
2017,RIO,119802115.0
2017,SIRI,119772685.0
2017,ED,118994216.0
2017,KITE,118835097.0
2017,IP,118760046.0
2017,KBWB,118720185.0
2017,ACWI,118286036.0
2017,AFL,118143123.0
2017,PAM,117897797.0
2017,VFC,117757997.0
2017,DHI,117495346.0
2017,ETE,117433022.0
2017,RSX,117286517.0
2017,VMC,117088253.0
2017,ITOT,116648699.0
2017,FXY,116443397.0
2017,DBEF,116277326.0
2017,BMRN,115824653.0
2017,HBAN,115798510.0
2017,EW,115472800.0
2017,VRP,115157281.0
2017,COL,115076129.0
2017,PRXL,114965848.5
2017,NLSN,114808571.5
2017,RL,114387573.0
2017,AYI,114187269.0
2017,NOV,114107116.0
2017,FE,114095997.0
2017,ECA,113805974.0
2017,ROK,113789226.0
2017,HP,112104367.0
2017,XEL,112070571.5
2017,RIG,111656663.0
2017,WLTW,111185675.0
2017,AMP,111052752.0
2017,COH,110931574.0
2017,VTV,110796768.0
2017,PRGO,110413778.0
2017,FN,110343818.0
2017,ZION,110259861.0
2017,OLLI,110029484.5
2017,ECL,109992762.0
2017,EXEL,109661508.5
2017,AZN,109630835.0
2017,IUSG,109578007.5
2017,CLVS,109156662.0
2017,S,108942323.0
2017,DISH,108844993.0
2017,IWB,108831065.0
2017,EWW,108702255.0
2017,TRGP,108595017.0
2017,CC,108583333.0
2017,DOV,108447026.0
2017,ADM,108440761.0
2017,AA,108286767.0
2017,PGR,108114720.0
2017,STAG,107975563.0
2017,ASML,107758567.0
2017,DVMT,107709601.0
2017,BBBY,107693733.0
2017,VEEV,107686157.0
2017,IWN,107488571.0
2017,HEFA,107433425.0
2017,VB,107382323.0
2017,LH,107284928.0
2017,ALK,107251055.0
2017,SINA,107199113.0
2017,AKS,107015892.0
2017,CNC,106868599.0
2017,EQR,106739251.0
2017,GSK,106363947.0
2017,SRC,106298728.0
2017,DCTH,106153915.0
2017,YUMC,105867569.0
2017,SJM,105867246.0
2017,CHKP,105856159.0
2017,WFT,105808292.0
2017,WES,105546825.0
2017,GT,105375703.0
2017,BUD,105139825.0
2017,NTAP,105052947.0
2017,PEG,104672051.0
2017,COO,104651321.0
2017,HST,104558066.0
2017,ZEN,104365705.0
2017,PNRA,104354059.0
2017,ABC,104282370.0
2017,IWP,104234711.5
2017,CHRS,104223723.0
2017,UGAZ,104221531.0
2017,CAB,103921694.0
2017,OLED,103514496.5
2017,ESV,103449765.0
2017,MTD,103407689.0
2017,ITUB,103386542.5
2017,TEL,103025396.0
2017,HGV,103000414.0
2017,VOD,102892937.0
2017,SYT,102551402.5
2017,LEA,102334368.0
2017,LABU,102290868.5
2017,SAIC,102261788.5
2017,SCHE,102173698.0
2017,TSE,102089982.5
2017,LNC,101998248.0
2017,EPR,101894466.0
2017,PRTA,101891359.0
2017,XPO,101797578.0
2017,RRD,101729702.0
2017,NFX,101551928.0
2017,MLM,101509096.0
2017,JWN,101442313.0
2017,HCP,101407423.0
2017,SWN,101345253.0
2017,ARR,101320080.5
2017,A,101274190.0
2017,RGEN,101186467.0
2017,ITB,101054769.0
2017,NTRS,101047916.0
2017,MTB,101032524.0
2017,PTEN,100911823.0
2017,MNST,100845814.0
2017,CX,100732237.0
2017,HL,100555361.0
2017,KSU,100432834.5
2017,BHP,99889472.0
2017,CST,99752020.0
2017,BGCP,99429140.0
2017,FTI,99384305.5
2017,STOR,99310403.0
2017,VEU,99176828.5
2017,BG,99113246.0
2017,FDS,99100588.0
2017,HDV,98999029.5
2017,AHH,98984274.0
2017,UAA,98689248.0
2017,MCHI,98664929.0
2017,BID,98346590.0
2017,DPS,98340825.0
2017,SITE,98316582.0
2017,HSY,97783441.0
2017,IWR,97675024.5
2017,SSRI,97603146.0
2017,STLD,97448796.0
2017,SU,97408222.0
2017,MDR,97249617.5
2017,DXJ,97185286.0
2017,LEN,97142146.0
2017,W,97032932.0
2017,DFIN,97021215.5
2017,FISV,96531451.0
2017,NRZ,96477443.0
2017,PCAR,96444818.0
2017,EGN,96426383.0
2017,ARI,96202409.0
2017,MXIM,96141693.0
2017,VCSH,95855412.0
2017,TDOC,95811360.0
2017,PAH,95494683.5
2017,O,95473356.0
2017,VNTV,95312600.0
2017,RDS.B,95242542.0
2017,HRB,95172260.0
2017,GUNR,94818443.0
2017,PF,94719413.0
2017,WPX,94583354.0
2017,MB,94534067.0
2017,WY,94528702.0
2017,AAXJ,94510086.0
2017,SPLK,94459010.0
2017,IVZ,94339336.0
2017,VGLT,94298755.0
2017,VSTO,94117889.5
2017,CBI,94088899.0
2017,NEAR,93953747.0
2017,IDXX,93813636.0
2017,AKAM,93729999.0
2017,EMN,93625402.0
2017,CP,93614546.5
2017,LBTYA,93480630.0
2017,HRI,93415436.0
2017,TROW,93356973.0
2017,GPMT,93323972.0
2017,CF,93192586.0
2017,XRX,93176618.0
2017,WYN,93130481.0
2017,GMS,92928421.5
2017,BRKS,92893379.0
2017,UL,92766264.0
2017,LITE,92695534.0
2017,VOE,92504190.0
2017,FXE,92252300.5
2017,HAIN,92110107.0
2017,ALLY,91812890.0
2017,HOG,91768709.5
2017,MSI,91762637.0
2017,INDY,91380425.0
2017,CERN,91346796.0
2017,BURL,91286031.0
2017,ANET,91111231.0
2017,CY,91102943.0
2017,UWT,90973794.5
2017,RICE,90875991.0
2017,FRC,90688187.0
2017,UNFI,90186655.0
2017,RE,90140724.0
2017,PVH,89963598.0
2017,FPO,89907945.0
2017,KEM,89787184.0
2017,GRUB,89781324.0
2017,STL,89761721.0
2017,CPB,89647183.0
2017,DGX,89579074.0
2017,BLL,88959341.0
2017,COHR,88916033.0
2017,RSPP,88861313.0
2017,DFT,88839200.5
2017,SNA,88832613.0
2017,VREX,88819186.0
2017,CA,88682717.0
2017,RAD,88657811.0
2017,FTNT,88524631.5
2017,TER,88255428.0
2017,ELS,88137236.0
2017,ROP,88046763.0
2017,HOLX,87892839.0
2017,KORS,87811890.5
2017,ON,87787716.0
2017,ARE,87593308.0
2017,CIT,87498783.0
2017,IYH,87461277.0
2017,XME,87437677.0
2017,KBR,87402171.5
2017,KBE,87398342.0
2017,SIVB,87275795.5
2017,NS,87008532.0
2017,TRIP,86867707.0
2017,SNLN,86743414.0
2017,ACM,86694774.0
2017,UBSI,86221419.0
2017,OCLR,86134370.5
2017,SDS,86125354.0
2017,ATUS,86076375.0
2017,MBB,86036762.0
2017,FNSR,85967914.0
2017,ERX,85895925.5
2017,HBHC,85877754.5
2017,TIP,85847064.0
2017,NOK,85782625.5
2017,SLV,85701306.0
2017,HUBS,85675767.0
2017,IAU,85660086.0
2017,BDC,85586173.0
2017,BEN,85574364.0
2017,HAS,85531403.0
2017,TAL,85486882.5
2017,JBLU,85274492.0
2017,BOX,85261112.0
2017,CMS,85230578.0
2017,WEC,85221143.5
2017,EDU,85173021.0
2017,SLCA,85119953.0
2017,LZB,85098673.5
2017,BKLN,85057576.5
2017,WEX,84945848.5
2017,MUR,84900938.0
2017,SNI,84856344.0
2017,EWG,84818697.0
2017,INVH,84690631.0
2017,ANSS,84136668.0
2017,UCO,84065402.0
2017,GPN,83973656.0
2017,DVAX,83768718.0
2017,DTE,83694835.0
2017,R,83558314.0
2017,IRBT,83524773.0
2017,WAT,83460024.0
2017,EWQ,83272123.0
2017,APH,83237358.0
2017,VSAT,83175464.5
2017,SGEN,82999798.0
2017,GG,82895592.0
2017,MAS,82895445.0
2017,BBRY,82804186.5
2017,SKX,82699167.0
2017,MGK,82612580.0
2017,SEE,82509079.0
2017,FFIV,82377728.5
2017,AR,82364340.0
2017,BBD,82287545.5
2017,AMTD,82264009.0
2017,AGNC,82249964.0
2017,UN,82235224.0
2017,CIEN,82045275.0
2017,AMBA,82033238.0
2017,NORD,81942833.0
2017,MNK,81879946.0
2017,PFF,81508244.0
2017,GWRE,81411767.0
2017,QUAL,81386367.0
2017,GGAL,81382287.0
2017,SM,81307129.5
2017,MOS,81056542.0
2017,FRED,81038975.5
2017,BRK.A,81003208.0
2017,CTXS,80926921.0
2017,BAH,80841522.0
2017,BMA,80817837.0
2017,ETFC,80784934.0
2017,FMC,80695348.0
2017,ALNY,80628497.5
2017,FSLR,80485289.0
2017,MLPI,80120708.0
2017,SYNA,79982567.0
2017,VSS,79907128.0
2017,TMHC,79906008.0
2017,CWB,79849362.5
2017,SOXX,79846066.5
2017,ADMP,79835615.0
2017,CAR,79767636.5
2017,PLCE,79752636.0
2017,FEX,79624830.0
2017,PSQ,79609285.0
2017,MCO,79602578.0
2017,ING,79601376.0
2017,UHS,79545313.0
2017,BSV,79396444.0
2017,LABD,79385511.0
2017,USMV,79371161.0
2017,BMS,79191878.5
2017,VAR,79100685.0
2017,BRKR,79090987.0
2017,WGO,79076325.5
2017,IEI,79059612.0
2017,IGV,78977173.5
2017,SAP,78901397.0
2017,FDC,78886754.5
2017,TOT,78722614.0
2017,CLX,78714941.0
2017,MAA,78678259.0
2017,HEWJ,78566149.0
2017,DRE,78540193.0
2017,Q,78380135.0
2017,FDN,78365421.0
2017,HBI,78340184.0
2017,LW,78338587.5
2017,ETR,78317610.0
2017,IWO,78205558.0
2017,VNO,78124919.0
2017,DBEU,78067396.0
2017,HRS,78057166.5
2017,OAS,78014134.5
2017,MTUM,77866039.0
2017,MTN,77790912.5
2017,JAZZ,77630754.0
2017,CE,77574809.0
2017,TPX,77541669.0
2017,WSM,77483106.0
2017,IRM,77473478.0
2017,DKS,77382083.5
2017,GSM,77362542.0
2017,PBYI,77359442.0
2017,TVTY,77228858.0
2017,FIBK,77075240.0
2017,CNP,77028379.0
2017,JUNO,76973343.5
2017,HEDJ,76949177.0
2017,EXAS,76929609.0
2017,NBR,76886328.0
2017,CNK,76851182.0
2017,CLF,76721995.0
2017,ALDR,76661482.0
2017,JBHT,76529745.5
2017,SLM,76434812.5
2017,PK,76397872.0
2017,CS,76376491.5
2017,DDR,76264344.5
2017,SJNK,76216964.0
2017,FINL,76132976.0
2017,XLRE,76103064.0
2017,NLY,76055282.0
2017,ATH,76024982.0
2017,SERV,75998018.5
2017,JCP,75988453.0
2017,GNTX,75957140.0
2017,INFY,75879775.0
2017,WRK,75794751.0
2017,FLOT,75677256.0
2017,THO,75643032.0
2017,BWA,75539706.5
2017,YPF,75523711.0
2017,ESS,75431354.0
2017,DISCK,75383484.5
2017,INDA,75296947.0
2017,MBT,75250089.5
2017,RY,75219690.0
2017,BZUN,75067503.0
2017,JPGB,75032994.0
2017,LOXO,74993302.5
2017,DXCM,74975472.0
2017,LOGM,74963104.0
2017,SNDR,74961432.0
2017,SH,74955655.5
2017,SUI,74914805.0
2017,CARS,74912440.5
2017,CM,74911900.5
2017,KW,74807119.0
2017,PI,74791507.0
2017,OLN,74779985.0
2017,EVHC,74767539.0
2017,QSR,74757518.0
2017,VIXY,74697489.0
2017,PBI,74671032.0
2017,SFM,74575524.0
2017,BKD,74524201.0
2017,WBC,74514590.0
2017,VV,74471280.0
2017,LAZ,74457484.0
2017,BGS,74430877.0
2017,IPG,74393208.0
2017,DATA,74383869.0
2017,SHV,74351607.0
2017,ATHM,74289770.0
2017,BDXA,74278501.0
2017,CLNS,74273796.0
2017,COUP,74259652.0
2017,VER,74181550.0
2017,ISBC,74170825.0
2017,LXRX,74161472.0
2017,VUG,74131857.0
2017,VNQI,74127472.0
2017,DVA,74098616.0
2017,EWH,74083033.5
2017,NTNX,73983953.0
2017,SLG,73965340.5
2017,CHRW,73905434.0
2017,SIMO,73851056.0
2017,UPL,73774858.0
2017,VCIT,73614665.0
2017,DGAZ,73566312.5
2017,NVO,73530836.0
2017,VRSN,73520181.0
2017,CSIQ,73485554.0
2017,POT,73356079.0
2017,ES,73270758.0
2017,AMX,73267434.0
2017,CNQ,73223235.5
2017,LM,73081931.0
2017,TECK,73072148.0
2017,FCE.A,73071527.0
2017,ATI,73049979.0
2017,IYW,72963803.5
2017,VRSK,72958851.5
2017,FEYE,72955307.0
2017,FLO,72919030.5
2017,PAA,72860965.5
2017,QID,72759628.0
2017,CBOE,72691669.0
2017,DB,72650808.5
2017,TGNA,72581849.0
2017,EWI,72581655.0
2017,GIMO,72537586.5
2017,OHI,72500271.0
2017,TGTX,72483130.5
2017,BRX,72462050.0
2017,FTV,72435839.5
2017,SGYP,72419856.0
2017,STM,72211594.0
2017,CFCO,72193574.0
2017,AMRI,72187209.0
2017,AIV,72135671.0
2017,VT,72073376.5
2017,VMI,71918961.0
2017,MHK,71918242.0
2017,CWI,71806414.5
2017,AME,71726629.0
2017,CLSN,71712408.0
2017,NCLH,71708189.5
2017,REG,71670915.0
2017,AER,71657068.0
2017,HDB,71629118.0
2017,WPC,71547449.0
2017,VST,71543067.0
2017,HTA,71486426.0
2017,HTA,71486426.0
2017,ITM,71483325.0
2017,ATHN,71471298.0
2017,HFC,71442291.0
2017,COTY,71421769.0
2017,XL,71399007.0
2017,SONC,71320653.5
2017,MSCI,71273227.0
2017,PTLA,71137056.0
2017,MGA,71105373.0
2017,BCO,71042861.5
2017,TLRD,71032084.0
2017,TLRD,71032084.0
2017,IAG,71031165.0
2017,YELP,71021817.0
2017,FIVE,70988641.5
2017,URBN,70774482.5
2017,HTZ,70772378.0
2017,EPI,70538072.0
2017,ESPR,70458010.0
2017,GDDY,70438778.5
2017,AUY,70433740.0
2017,SBRA,70411071.0
2017,RCII,70400795.0
2017,TRI,70381696.0
2017,NI,70370350.0
2017,GRPN,70353301.0
2017,SNX,70269636.0
2017,HRL,70230198.0
2017,ALR,70209313.5
2017,EWU,70182755.5
2017,DGRW,70179633.0
2017,SOXL,70179048.0
2017,CTB,70051253.0
2017,EQM,69987395.5
2017,SMFG,69940693.0
2017,WDR,69921373.5
2017,EFX,69915614.0
2017,CBSH,69907581.0
2017,MCRN,69856127.0
2017,BY,69828355.0
2017,SIX,69752920.0
2017,OMER,69747805.5
2017,DEI,69633622.0
2017,THS,69569813.0
2017,VIPS,69514798.5
2017,SBNY,69503365.0
2017,CRI,69452518.0
2017,ST,69434882.0
2017,STRP,69411292.0
2017,SNY,69398403.5
2017,RACE,69383191.5
2017,CSL,69377960.0
2017,STAY,69363184.0
2017,TECD,69345154.0
2017,TREE,69328030.0
2017,OZRK,69297566.0
2017,SD,69286346.0
2017,HEZU,69222994.0
2017,AKAO,69201813.0
2017,ARNC,69111333.0
2017,ARNC,69111333.0
2017,BWLD,69040479.0
2017,VO,69026807.0
2017,AFSI,69026021.0
2017,HQY,69015723.0
2017,ABMD,68980846.0
2017,QGEN,68942696.0
2017,OFC,68815925.0
2017,VGT,68798964.0
2017,BOH,68778367.0
2017,AMC,68755523.5
2017,MAC,68733236.5
2017,CASY,68696521.0
2017,SPXU,68667879.5
2017,SCLN,68629168.0
2017,EPZM,68607028.5
2017,SNPS,68595073.0
2017,PAYC,68547174.5
2017,AVXS,68516613.0
2017,BIVV,68488253.0
2017,DNKN,68479508.0
2017,IDCC,68453552.0
2017,WCN,68332023.0
2017,SEAS,68301910.0
2017,WSO,68184627.5
2017,BIB,68182580.0
2017,AMG,68166432.0
2017,COMM,68152566.0
2017,COMM,68152566.0
2017,NG,68137096.0
2017,SNV,68121972.5
2017,SPXS,68119931.0
2017,UNIT,68111580.0
2017,JHG,67979473.0
2017,CHD,67942291.0
2017,CONE,67907264.0
2017,ALV,67796237.0
2017,NGG,67780209.0
2017,SEMG,67777726.5
2017,ARCH,67774062.0
2017,MPWR,67739904.5
2017,FNF,67731491.0
2017,COTV,67701356.0
2017,HA,67696557.0
2017,Z,67682796.0
2017,GEO,67631885.0
2017,CSOD,67592414.0
2017,CRTO,67555287.0
2017,KEYS,67551396.0
2017,CNI,67510672.0
2017,H,67392299.5
2017,ADNT,67379124.0
2017,MLCO,67276608.0
2017,AEE,67241045.5
2017,PNW,67194429.5
2017,SAVE,67187513.0
2017,WU,67155389.0
2017,WINS,67133640.0
2017,PBR.A,67087577.5
2017,LKSD,67065336.0
2017,TS,66981938.0
2017,BXP,66968766.0
2017,DST,66952780.5
2017,GRA,66836180.0
2017,FRT,66807199.0
2017,MDSO,66781651.0
2017,OSUR,66702312.0
2017,HII,66690611.0
2017,SEB,66656830.0
2017,MIK,66648505.5
2017,CDNS,66565584.0
2017,PTC,66521825.5
2017,UTHR,66499203.0
2017,JACK,66390290.0
2017,NATI,66370544.0
2017,FSM,66355572.0
2017,NTRI,66250207.0
2017,EXP,66246589.0
2017,FLEX,66211008.0
2017,DY,66204855.0
2017,REN,66194070.5
2017,REN,66194070.5
2017,NYCB,66178377.0
2017,DDS,66090282.5
2017,EWBC,66082384.0
2017,WOOF,66020942.0
2017,AMJ,65955817.5
2017,MPLX,65914207.0
2017,OKS,65838836.0
2017,LNG,65819684.0
2017,SBGL,65755478.5
2017,EXPD,65715157.0
2017,TRP,65695518.5
2017,IYF,65639155.0
2017,DISCA,65549378.0
2017,MSM,65535842.0
2017,TTD,65485351.5
2017,CRZO,65481883.5
2017,LII,65480114.0
2017,LGND,65432759.0
2017,ICLR,65432218.5
2017,NRG,65431093.0
2017,SHY,65423460.0
2017,CGNX,65313240.0
2017,TWLO,65309773.5
2017,SFR,65301811.0
2017,TRCO,65184223.5
2017,BAP,65159011.0
2017,KLDX,65141273.0
2017,EGRX,65087622.0
2017,HYS,65077465.5
2017,EAT,65050280.5
2017,INGR,65006234.0
2017,AIZ,64999541.0
2017,ZNGA,64987688.5
2017,SKT,64983707.0
2017,ENDP,64926271.0
2017,SCS,64861561.0
2017,MOH,64810852.0
2017,RPM,64790069.0
2017,FCAU,64772091.0
2017,PKI,64724814.0
2017,SRPT,64715655.0
2017,AERI,64666401.0
2017,BIO,64661011.0
2017,GPC,64642047.5
2017,FLS,64637278.5
2017,FND,64628066.5
2017,FOX,64545876.5
2017,KMT,64452163.0
2017,OA,64450427.0
2017,EWC,64447419.0
2017,WIX,64416019.0
2017,ALKS,64344378.5
2017,FRAN,64343781.0
2017,LPI,64329229.5
2017,IYT,64314884.0
2017,YY,64291136.5
2017,TD,64270571.0
2017,AWK,64264655.5
2017,WUBA,64243719.5
2017,TRMB,64209136.0
2017,CRUS,64158594.0
2017,RESI,64133144.0
2017,SPWR,64100377.0
2017,NDAQ,64094359.5
2017,RGA,64071218.5
2017,USFD,64029196.5
2017,PDCE,64024624.5
2017,LSTR,63984141.0
2017,PLNT,63971119.0
2017,LAD,63962685.0
2017,RXN,63928739.5
2017,ANGL,63860686.0
2017,SDY,63812224.0
2017,FWONK,63797074.0
2017,TEX,63789197.5
2017,POWI,63787394.5
2017,ARMK,63782039.0
2017,DWT,63766280.0
2017,CACC,63602756.0
2017,ADC,63562420.0
2017,AVEO,63561736.0
2017,CTLT,63530636.5
2017,CBG,63510123.5
2017,WBII,63505148.0
2017,Y,63462187.0
2017,GBT,63461167.0
2017,SAN,63439042.5
2017,VFH,63388670.0
2017,IVE,63373507.0
2017,BF.B,63357331.5
2017,AKRX,63236774.5
2017,RLGY,63188333.5
2017,KBH,63151272.0
2017,MINT,63127314.0
2017,PFG,63087992.0
2017,CXW,63084328.0
2017,CSJ,63060520.5
2017,CPN,63051156.0
2017,SPLS,63047432.0
2017,TWM,63006848.0
2017,YNDX,62984690.5
2017,WPZ,62908850.5
2017,COR,62897167.0
2017,MZOR,62863428.0
2017,FHN,62859693.0
2017,PKG,62856654.0
2017,SGMS,62851583.0
2017,LIVN,62847706.0
2017,FNV,62805650.5
2017,AEIS,62792146.0
2017,OC,62758951.0
2017,IEUR,62755236.0
2017,IAC,62751022.5
2017,PZZA,62746764.0
2017,PVTB,62724363.0
2017,FBHS,62694330.0
2017,IDTI,62678041.5
2017,GSLC,62661730.0
2017,JBL,62647156.0
2017,UGI,62638261.5
2017,TBT,62636294.0
2017,IWS,62621871.0
2017,KATE,62575609.0
2017,VOYA,62572915.0
2017,UA,62557778.0
2017,BCS,62501839.0
2017,AMH,62412616.5
2017,SCO,62402396.0
2017,SSNC,62396496.5
2017,POST,62329422.0
2017,SDOW,62310239.5
2017,HSBC,62302870.0
2017,XHB,62280451.0
2017,AGO,62253492.0
2017,TTM,62197383.0
2017,RSG,62164393.5
2017,MDRX,62163232.5
2017,VYM,62144442.0
2017,UNM,62140943.5
2017,BBL,62103188.0
2017,XYL,62057782.0
2017,ALE,62012892.0
2017,KEX,61933207.0
2017,NNN,61855464.0
2017,DOX,61836964.0
2017,TRVG,61793850.0
2017,IXUS,61792229.5
2017,ELF,61750539.0
2017,NVR,61584425.0
2017,CSGP,61541569.5
2017,MTSI,61517912.0
2017,AVY,61495569.0
2017,EWA,61472443.5
2017,DDD,61462063.0
2017,ZAYO,61392253.0
2017,AZPN,61376852.0
2017,SABR,61352073.5
2017,AGIO,61337790.0
2017,EXR,61305733.0
2017,PHG,61285135.0
2017,PFPT,61254583.5
2017,RJF,61240037.0
2017,PBF,61232917.0
2017,ASH,61133811.0
2017,VLUE,61104588.5
2017,AG,61076578.0
2017,BDN,61063325.5
2017,AJG,61031953.5
2017,GOLD,61028152.5
2017,BRCD,61013297.0
2017,RP,61012932.0
2017,SWX,60996970.0
2017,CGBD,60962352.0
2017,SAFM,60949454.0
2017,IVW,60940499.0
2017,BERY,60906405.0
2017,TOL,60900168.0
2017,NUS,60887176.0
2017,CVNA,60860290.5
2017,FLR,60829425.0
2017,NUAN,60742219.5
2017,KGC,60704176.0
2017,WCG,60671348.0
2017,ALSN,60642003.0
2017,XRAY,60508443.0
2017,CIU,60484695.0
2017,PLAY,60476495.5
2017,AES,60443126.5
2017,VVV,60410858.0
2017,AEM,60404713.5
2017,GPK,60388670.0
2017,BR,60313796.0
2017,VIAV,60212163.0
2017,WMGI,60206292.0
2017,KKR,60105357.5
2017,HLF,60078773.5
2017,MPW,60069781.0
2017,GLPI,60065962.0
2017,JKHY,60059766.0
2017,ENS,59969067.0
2017,ETSY,59963808.0
2017,THC,59925075.0
2017,BC,59884916.0
2017,WAB,59880486.5
2017,ULTI,59785310.0
2017,SMG,59783879.0
2017,CUZ,59740699.0
2017,THG,59652188.0
2017,CAVM,59631670.0
2017,SAFE,59621012.0
2017,BVN,59579563.5
2017,ASHR,59569050.0
2017,ICPT,59561397.0
2017,NDSN,59448811.0
2017,ZBRA,59403210.5
2017,PENN,59387587.0
2017,IONS,59350301.0
2017,VALE.P,59283678.0
2017,CFX,59279757.0
2017,GME,59278115.0
2017,ODP,59274396.0
2017,SBGI,59241494.0
2017,HUBB,59173316.0
2017,MMP,59141983.0
2017,MKSI,59129248.5
2017,FIT,59059593.0
2017,AMCX,58965524.5
2017,SCHX,58847983.5
2017,GOOS,58835153.0
2017,TCBI,58793238.0
2017,CPE,58743994.0
2017,STWD,58708519.0
2017,JELD,58701746.0
2017,RPD,58699124.0
2017,MSCC,58696527.5
2017,IMAX,58642504.0
2017,URTH,58629144.0
2017,CRL,58605328.0
2017,ACAD,58601043.0
2017,ICHR,58550180.0
2017,NAV,58543942.0
2017,AXTA,58495445.0
2017,MIC,58471844.0
2017,SHYG,58453195.0
2017,NCR,58445472.0
2017,HFXI,58405766.0
2017,IPGP,58342507.0
2017,SPR,58308600.0
2017,LDOS,58260658.5
2017,BAM,58260148.5
2017,LECO,58169585.0
2017,WBIH,58145800.0
2017,TXT,58063891.0
2017,CMC,58061852.0
2017,CTAS,58026640.0
2017,TAN,58003955.0
2017,TAN,58003955.0
2017,NVRO,57948002.0
2017,MEOH,57922678.0
2017,SCZ,57913179.5
2017,CINF,57907142.5
2017,AEO,57903748.5
2017,IBN,57878280.5
2017,PPC,57841449.0
2017,NOMD,57828344.0
2017,QTS,57810061.0
2017,BFAM,57808212.0
2017,PB,57791474.5
2017,SPYV,57758642.0
2017,GKOS,57745472.0
2017,TDC,57729152.0
2017,VAC,57709253.0
2017,VBR,57675140.0
2017,FNB,57658646.0
2017,ENR,57574876.0
2017,AGCO,57526517.0
2017,CAKE,57441511.0
2017,BKU,57430879.0
2017,PDCO,57415106.0
2017,RYAAY,57402409.0
2017,RS,57354264.0
2017,ATW,57342061.0
2017,DLTH,57334312.0
2017,FR,57308315.0
2017,RLJ,57302773.0
2017,CZR,57246540.0
2017,SCI,57224966.0
2017,CRH,57223883.0
2017,CVE,57220754.0
2017,BWXT,57168956.5
2017,ACGL,57154531.0
2017,VIG,57129871.0
2017,SRCL,57129550.0
2017,MNRO,57097881.5
2017,WPM,57095368.0
2017,GXP,57044068.0
2017,HYEM,57019971.0
2017,CCE,57010081.0
2017,PII,56996073.5
2017,BIG,56952369.0
2017,EEP,56938926.0
2017,TTC,56916792.0
2017,CDW,56884245.0
2017,MBRX,56880869.0
2017,BWX,56844977.5
2017,AGU,56808436.0
2017,LKQ,56802010.0
2017,TCO,56790875.0
2017,NBIX,56781445.0
2017,BBVA,56750637.0
2017,DFJ,56741689.0
2017,STO,56639057.5
2017,CUBE,56622272.0
2017,IFF,56575249.0
2017,IT,56454189.0
2017,SFUN,56446871.0
2017,CSRA,56416299.5
2017,ALLE,56358797.0
2017,ABB,56355634.0
2017,DCUC,56313586.0
2017,RDC,56300997.0
2017,SRTY,56299770.5
2017,CENX,56266981.5
2017,GLNG,56251499.5
2017,TSS,56226725.0
2017,LNT,56147764.5
2017,WBMD,56145528.5
2017,MKC,56136310.5
2017,RMD,56094232.0
2017,PCY,56083007.0
2017,TRUE,56056348.0
2017,HLS,56018475.0
2017,AVT,55902474.5
2017,RNG,55818523.0
2017,DK,55808389.5
2017,URTY,55799531.0
2017,BUFF,55771935.5
2017,SSYS,55720174.0
2017,LBRDK,55708123.0
2017,UCTT,55648804.0
2017,OKTA,55647427.0
2017,SRLN,55600533.5
2017,PBCT,55590609.0
2017,MASI,55587242.0
2017,HSIC,55491889.5
2017,CBL,55453437.0
2017,WTFC,55425761.0
2017,DNB,55369355.5
2017,EPAM,55350730.0
2017,MD,55329644.0
2017,LPX,55118788.0
2017,EPC,55115709.0
2017,PWR,55059044.0
2017,HZNP,55011129.0
2017,NUVA,54991766.0
2017,AN,54990729.5
2017,ILF,54900366.0
2017,OIL,54898113.0
2017,SPLV,54884242.0
2017,AFG,54844865.0
2017,PIR,54842537.0
2017,FTR,54829205.0
2017,PNR,54826499.0
2017,ITT,54706554.0
2017,OGE,54565236.0
2017,STE,54515412.0
2017,WEN,54499808.5
2017,CWH,54497752.0
2017,HPP,54494163.0
2017,CNDT,54444659.0
2017,HIMX,54440430.0
2017,SPXL,54404134.0
2017,DF,54380214.5
2017,MTDR,54341039.0
2017,WBS,54327747.0
2017,VXF,54324902.0
2017,VHT,54311341.0
2017,MYGN,54288919.0
2017,DO,54259501.0
2017,SCG,54230522.0
2017,IUSV,54155909.0
2017,SC,54144433.5
2017,GGG,54024522.0
2017,ILG,54002424.0
2017,OSK,53946042.0
2017,JLL,53922561.0
2017,POR,53823227.0
2017,RGC,53732220.5
2017,GSG,53723546.0
2017,MXL,53650744.0
2017,CNHI,53616337.0
2017,UDR,53609224.0
2017,VXUS,53606525.0
2017,ODFL,53578690.0
2017,EWP,53531278.0
2017,SCHM,53490688.0
2017,NE,53467359.0
2017,FAF,53413255.0
2017,SCHF,53378121.0
2017,SAGE,53376050.0
2017,FUL,53373788.0
2017,TRN,53370325.0
2017,BIL,53369923.0
2017,PAY,53356011.0
2017,HRC,53338119.0
2017,FLIR,53298151.0
2017,CJ,53262855.0
2017,BNS,53233537.0
2017,QVCA,53227053.0
2017,PSTG,53224119.0
2017,UMPQ,53189440.0
2017,EDC,53168677.5
2017,ACHC,53130194.0
2017,JEC,53124251.0
2017,TRU,53106394.0
2017,PACW,53100409.0
2017,GPOR,53078893.0
2017,OII,53050269.0
2017,TPH,53046553.0
2017,SEP,53035194.0
2017,CDK,53029952.0
2017,MDCO,52980314.5
2017,DVY,52979419.5
2017,DAN,52978630.0
2017,SWIR,52959624.0
2017,HIW,52905578.0
2017,QTEC,52901143.0
2017,IEV,52890069.0
2017,VC,52885680.5
2017,GRMN,52850673.0
2017,CBRL,52844938.0
2017,DGL,52775310.0
2017,TEN,52769060.0
2017,CAA,52763833.0
2017,UNG,52738221.0
2017,STMP,52698760.0
2017,DEO,52642390.0
2017,ROIC,52630902.0
2017,NAVI,52630082.0
2017,CYH,52620469.0
2017,MAN,52594205.5
2017,CNX,52509076.0
2017,SFL,52497037.0
2017,CNO,52468172.0
2017,CIM,52390146.0
2017,VRNT,52374630.0
2017,LEG,52326086.0
2017,GLYC,52080561.0
2017,GLYC,52080561.0
2017,TFX,52037748.0
2017,NKTR,52010189.0
2017,CPT,51964301.0
2017,WOR,51945609.0
2017,WCC,51936176.5
2017,TWO,51935455.0
2017,MBI,51916060.0
2017,RYT,51852652.0
2017,INFN,51828930.0
2017,CLB,51757474.5
2017,BLKB,51734533.0
2017,DNOW,51680360.0
2017,DECK,51633070.0
2017,MIDD,51586481.5
2017,GUSH,51543548.0
2017,SGMO,51519132.0
2017,AU,51497137.0
2017,RHI,51393771.0
2017,TXRH,51354694.5
2017,NSR,51348733.0
2017,AEL,51310205.0
2017,IVC,51292477.0
2017,PAGP,51280775.0
2017,RYH,51268715.0
2017,SQM,51225482.5
2017,AVP,51223259.0
2017,SNE,51168788.0
2017,SCHD,51146852.0
2017,UFS,51093314.0
2017,OEF,51070587.0
2017,LUK,51041134.0
2017,MUB,51007716.5
2017,FMSA,50987158.0
2017,LL,50976679.0
2017,ACIA,50880498.0
2017,BIV,50863857.0
2017,IYE,50792415.0
2017,NLNK,50759005.0
2017,WGL,50755307.0
2017,CFR,50713155.0
2017,CCK,50711338.5
2017,JCAP,50697156.0
2017,IBKC,50697042.0
2017,RES,50654115.0
2017,AOS,50641368.0
2017,CPRT,50637194.0
2017,LAMR,50624995.5
2017,RSP,50606950.5
2017,RDN,50567095.0
2017,EEMV,50545646.0
2017,LYV,50537925.5
2017,PRAH,50506215.0
2017,RWX,50401923.0
2017,SPB,50318721.0
2017,MFC,50207290.5
2017,L,50205952.0
2017,LC,50165036.0
2017,CIB,50103663.0
2017,RDUS,50033287.5
2017,OPK,50025783.5
2017,WLK,50006143.0
2017,SPN,49950310.0
2017,ACOR,49908053.0
2017,INCR,49834366.5
2017,DES,49815728.0
2017,LHO,49802678.0
2017,PODD,49743526.0
2017,BPMC,49722453.0
2017,IHI,49635705.0
2017,CHS,49493070.0
2017,BCE,49406426.0
2017,ARRS,49361895.5
2017,QEP,49330314.0
2017,BLV,49249344.0
2017,RWM,49198980.0
2017,TKR,48995674.0
2017,EFAV,48994667.0
2017,BPL,48910154.0
2017,ZTO,48783973.0
2017,IYZ,48772781.0
2017,NXST,48748243.5
2017,WR,48697407.0
2017,RGLD,48661074.5
2017,ARCC,48649978.5
2017,DCI,48621747.0
2017,USG,48602231.0
2017,IGT,48532852.0
2017,UBNT,48419214.0
2017,KRC,48407550.5
2017,BJRI,48334018.0
2017,WMS,48259688.0
2017,UBS,48249598.0
2017,WAL,48132419.5
2017,EWL,47975411.5
2017,BNDX,47904986.0
2017,MKL,47898972.0
2017,GPT,47847844.0
2017,VDE,47826446.0
2017,WTW,47791843.0
2017,WRI,47787750.0
2017,TMK,47747245.0
2017,DCT,47699822.0
2017,FMX,47519315.0
2017,SCHZ,47471760.0
2017,CBT,47385332.0
2017,MULE,47377280.0
2017,CPA,47327655.0
2017,ARW,47251437.5
2017,MKTX,47171243.0
2017,USLV,47149075.0
2017,EMLC,47136523.0
2017,NFG,47020583.0
2017,BLMN,46901693.0
2017,HALO,46877407.0
2017,FOLD,46867721.0
2017,IEX,46821668.0
2017,SCHG,46746594.5
2017,BYD,46638313.0
2017,APO,46621735.0
2017,MMYT,46616043.0
2017,HOMB,46585663.0
2017,RBA,46565804.5
2017,IPHI,46554198.0
2017,KAR,46469901.0
2017,USCR,46309742.0
2017,FOSL,46307174.0
2017,GDI,46143810.0
2017,MDP,45897071.0
2017,SCHB,45889753.0
2017,LSXMK,45826516.0
2017,ERUS,45777935.0
2017,TM,45734300.0
2017,IPXL,45633432.0
2017,MTG,45554060.0
2017,DYN,45462079.0
2017,SUM,45356231.0
2017,BOBE,45345402.0
2017,ATO,45344635.0
2017,AHL,45233779.0
2017,EV,44893429.0
2017,SEIC,44871733.0
2017,TGI,44352632.0
2017,BMO,44187605.0
2017,CW,43587252.0
2017,MLPA,43526568.0
2017,XHR,43504845.0
2017,HXL,40473550.0
2017,AWI,40040100.0
2018,SPY,17164602971.5
2018,AMZN,7101739094.5
2018,QQQ,5639773794.0
2018,NFLX,4404112399.0
2018,AAPL,3937035157.0
2018,BABA,3594540731.5
2018,EEM,3451036616.0
2018,FB,3420859611.0
2018,IWM,3111891027.0
2018,TSLA,3033678408.0
2018,MU,2456279298.0
2018,MSFT,2411803788.5
2018,NVDA,2375498435.5
2018,GOOGL,1831588310.0
2018,BAC,1814118896.0
2018,EFA,1651551837.5
2018,XLF,1592118794.5
2018,GOOG,1541803252.0
2018,INTC,1499169980.5
2018,JPM,1417009291.5
2018,T,1329257135.5
2018,TWTR,1315373633.5
2018,IQ,1245932059.5
2018,AMD,1215019826.0
2018,BA,1156541055.0
2018,DIA,1078887749.0
2018,C,1066260212.5
2018,FXI,1025861540.0
2018,EWZ,1017360953.5
2018,XLE,1016288645.0
2018,XLK,1003365047.5
2018,CMCSA,953409634.0
2018,VXX,949889132.5
2018,V,904209475.5
2018,ORCL,881828105.0
2018,HYG,881549524.5
2018,GE,874775539.0
2018,BIDU,863378733.5
2018,ADBE,844756681.5
2018,AVGO,843035309.0
2018,XOM,840975051.5
2018,CSCO,839694521.5
2018,AABA,833331456.5
2018,WFC,821348348.5
2018,TLT,810105450.0
2018,IVV,809353546.5
2018,DIS,808141588.5
2018,XLU,799672191.0
2018,XLI,799598330.0
2018,HD,771551722.5
2018,MON,770377341.0
2018,TWX,721975473.0
2018,GLD,709345533.0
2018,CVX,694339244.0
2018,VZ,693066594.5
2018,XOP,689198435.5
2018,JNJ,684675668.5
2018,XLP,673591717.5
2018,WMT,672827064.5
2018,VWO,656833506.0
2018,CRM,653495584.0
2018,BRK.B,652895735.0
2018,BKNG,652540672.5
2018,IEMG,650545659.5
2018,SBUX,644713199.0
2018,FOXA,644570315.0
2018,JD,642631820.5
2018,AMAT,642092725.5
2018,SQ,637483541.0
2018,PFE,633222695.0
2018,GS,624328879.0
2018,NXPI,614580003.0
2018,UNH,613037373.0
2018,VOO,612573480.5
2018,LRCX,607224642.5
2018,PG,604641303.0
2018,MRK,603811564.5
2018,PYPL,602057715.0
2018,XLV,596271537.5
2018,ABBV,576663870.0
2018,LQD,562578647.5
2018,IYR,561831043.5
2018,CAT,561489370.0
2018,TQQQ,558993373.0
2018,GDX,543555999.0
2018,MCD,539921368.0
2018,XLY,532535842.0
2018,MA,531388471.0
2018,CVS,530019026.0
2018,SMH,524259092.5
2018,KO,519028012.5
2018,RWO,509224795.0
2018,DWDP,500909222.5
2018,PEP,495146690.0
2018,IBM,486463656.5
2018,PM,481568222.0
2018,SCHP,480387709.0
2018,UNP,469887770.0
2018,UTX,469228928.0
2018,GM,467500495.0
2018,WYNN,461063706.5
2018,MS,455424057.5
2018,SLB,447304571.5
2018,CHTR,443421026.5
2018,CELG,442978031.0
2018,GILD,440851361.5
2018,SHYG,434275961.0
2018,TXN,433792205.0
2018,MMM,432470579.5
2018,QCOM,429827985.0
2018,COP,428891065.0
2018,OXY,426587779.5
2018,XBI,424090566.0
2018,AMGN,420268807.5
2018,IEFA,417470208.5
2018,NKE,405109695.5
2018,EWJ,403312606.0
2018,VLO,400761480.0
2018,HAL,397521095.5
2018,SNAP,396068198.5
2018,JNK,395598169.5
2018,MO,392900516.0
2018,IYG,392770533.0
2018,AGN,388307481.0
2018,LOW,387824342.5
2018,MDT,386701211.0
2018,FDX,386214477.0
2018,BXMT,385771355.0
2018,BMY,380835012.5
2018,F,378691720.5
2018,LMT,377752807.0
2018,BIIB,377711860.5
2018,EA,376367604.5
2018,COST,374836877.5
2018,HYLB,371817165.5
2018,MPC,370661545.5
2018,HON,363750043.0
2018,VNQ,361075174.5
2018,EBAY,359732405.5
2018,AXP,347798308.0
2018,ROKU,345919198.0
2018,VEA,344089929.0
2018,USB,340685314.5
2018,DE,340652348.0
2018,KRE,340544466.5
2018,EMB,338153066.0
2018,ATVI,337979643.5
2018,TVIX,337780178.5
2018,SPOT,334864319.0
2018,ACN,333584972.5
2018,EOG,333011322.0
2018,KR,326591788.0
2018,TGT,326241419.5
2018,APC,324817215.5
2018,IEF,323877660.5
2018,MDY,322978081.0
2018,LVS,322909484.0
2018,MAXR,322491387.0
2018,TSM,321866495.5
2018,PNC,320259872.0
2018,IJR,319134686.5
2018,UPS,317589786.5
2018,JUST,316138663.0
2018,ISRG,315886107.5
2018,VALE,315606976.5
2018,DAL,315000951.5
2018,COLM,314208230.0
2018,PANW,313808835.5
2018,WBA,312585812.0
2018,ADP,310335029.0
2018,XLB,310004355.0
2018,ABMD,309076675.5
2018,GEVO,309023403.0
2018,AMT,306656899.5
2018,WDC,306367018.0
2018,CI,305810264.5
2018,ALGN,304321437.5
2018,MDLZ,304141219.5
2018,BJ,303103779.0
2018,RTN,303097889.5
2018,NOC,301324333.0
2018,GXP,298552106.0
2018,CXO,296768218.0
2018,CSX,296445728.5
2018,HFC,295843676.0
2018,RHT,295584635.5
2018,DLTR,294841457.5
2018,TJX,293863505.0
2018,KSS,291319078.0
2018,AET,290731629.0
2018,NEE,289783472.0
2018,LUV,288203635.5
2018,ANTM,287789791.5
2018,DUK,287605030.5
2018,AGG,287064861.5
2018,MGM,286910470.5
2018,NKTR,286863508.5
2018,GIS,285627051.5
2018,CMG,284792940.0
2018,GD,283875888.0
2018,ABT,283859661.5
2018,MET,283021653.0
2018,STZ,281813576.0
2018,SRE,280813691.0
2018,PSX,278933667.5
2018,PBR,278235047.5
2018,CCL,278232446.0
2018,AIG,277084938.5
2018,M,275185260.0
2018,HUYA,273988486.5
2018,X,272898224.0
2018,PXD,272738766.0
2018,BLK,272425849.5
2018,DVN,271909341.5
2018,NOW,269339575.5
2018,WDAY,268822837.5
2018,WB,268779657.0
2018,CB,268010305.0
2018,IBB,267831081.0
2018,SCHO,265162726.0
2018,CTRP,263055651.0
2018,CL,262845495.5
2018,EZU,261762444.5
2018,PDM,261708023.0
2018,LLY,260928091.5
2018,TGNA,258719622.0
2018,INTU,258586338.0
2018,SCHW,258472666.0
2018,NTES,257926341.0
2018,KHC,256899713.0
2018,AXON,255604521.0
2018,CCI,255092451.5
2018,D,254118969.5
2018,XLRN,252969694.0
2018,TMO,251729294.5
2018,XRT,251550836.0
2018,RCL,249498716.0
2018,ULTA,249043241.5
2018,LULU,248620379.0
2018,USO,247736286.5
2018,VTI,247328058.0
2018,MCHI,246989044.5
2018,CME,246213810.0
2018,SYK,245872567.0
2018,ASTC,245612922.0
2018,CTSH,244047212.0
2018,FCX,243416187.5
2018,NSC,243277628.5
2018,BBY,243133076.0
2018,MRO,241426251.0
2018,ADSK,240796371.0
2018,BDX,240505227.5
2018,TIF,240053989.5
2018,BP,239931215.0
2018,PCG,239810218.0
2018,HLT,239337070.0
2018,TNA,238400798.5
2018,AAL,237553249.0
2018,CTLT,236524352.0
2018,VRTX,236195639.5
2018,AVLR,236076999.5
2018,PTCT,235451490.0
2018,BK,234747535.0
2018,DHR,234034776.0
2018,SPG,233977447.5
2018,EL,233832245.0
2018,DBO,232997648.0
2018,GRUB,232351477.5
2018,UVXY,231912559.5
2018,GOOS,231331284.0
2018,IART,231218751.0
2018,FOX,228327743.5
2018,SHW,225671800.0
2018,MAR,225620283.0
2018,RDS.A,225474042.0
2018,GDXJ,225047767.5
2018,MOMO,224563349.0
2018,IWF,224191660.5
2018,PPG,223514493.5
2018,LPNT,223193198.0
2018,SRPT,222591901.0
2018,KMB,222029452.0
2018,SHOP,221505438.0
2018,LILAK,221172268.0
2018,MCHP,220916011.5
2018,DOMO,220238791.0
2018,VGK,220090282.5
2018,FANG,218999824.5
2018,CPB,218730737.5
2018,CXW,218371452.0
2018,REGN,218243012.5
2018,EQIX,217867439.0
2018,EWY,217348584.0
2018,PPL,217261678.5
2018,NTAP,217122523.5
2018,SPGI,217030793.5
2018,IJH,215943989.5
2018,SO,215693393.0
2018,LYB,215461479.5
2018,VMW,215453144.0
2018,ADI,214699764.0
2018,ITW,213165385.0
2018,MELI,212925050.0
2018,CEQP,212915620.0
2018,KMI,212890234.5
2018,CTB,212171113.0
2018,DG,211521960.5
2018,TEVA,210973377.5
2018,FCNCA,210932897.0
2018,ZTS,210427182.0
2018,NTNX,210264656.0
2018,BSX,210192048.0
2018,BAX,209091697.0
2018,RF,208396749.0
2018,ROST,208122494.0
2018,YUM,207094572.0
2018,DXC,205708675.0
2018,WMB,205703033.0
2018,EVHC,204280408.5
2018,EWT,203546236.5
2018,ROK,203289333.0
2018,IWB,202664143.5
2018,SQQQ,202585455.0
2018,ETN,202006086.5
2018,AEP,201634765.0
2018,MCK,201197447.0
2018,WLL,201024515.5
2018,SPLK,200961143.5
2018,A,200034065.5
2018,ESRX,198863664.0
2018,DBX,198317224.0
2018,FSLR,198254656.0
2018,CARA,198236637.0
2018,HPQ,197032013.5
2018,CFG,196926283.5
2018,SHY,196735549.5
2018,APA,196048522.0
2018,ALL,194724210.0
2018,PGR,194220119.5
2018,EXC,193926656.0
2018,FITB,193123671.0
2018,ANET,192532104.0
2018,PX,192485775.5
2018,EPC,192437428.5
2018,DWX,192388648.0
2018,HES,192168953.0
2018,PRA,191878683.0
2018,UXIN,191593702.0
2018,TAL,191557866.0
2018,BBT,191433480.5
2018,WEB,190907911.5
2018,CQP,190605900.0
2018,ANDV,190233927.5
2018,SCHR,190185252.5
2018,LEN,189304305.0
2018,IWD,189085941.5
2018,KEY,188503423.5
2018,SJM,187420399.5
2018,BKD,186612992.0
2018,AZO,186418398.5
2018,AKAM,186364349.0
2018,XEC,185671966.0
2018,CTXS,185364776.5
2018,OKTA,184962916.0
2018,EMR,184872070.5
2018,EW,184527665.0
2018,BHLB,184139878.0
2018,EWW,183808451.0
2018,HDEF,183624953.0
2018,IHF,182647951.0
2018,COF,182039489.0
2018,YY,182015784.0
2018,CARG,181954899.5
2018,IP,181828936.0
2018,OIH,180603871.5
2018,TMUS,180471216.5
2018,ILMN,180232418.5
2018,HPE,180081796.0
2018,OA,179924954.0
2018,APD,179589965.0
2018,W,179134706.0
2018,CMI,178377764.0
2018,OII,178010546.0
2018,PSA,177500353.5
2018,VNQI,177358472.0
2018,WM,176446812.0
2018,FDC,176439618.0
2018,WY,176404899.0
2018,GPS,175911288.0
2018,HCA,175359539.0
2018,VBK,175030754.0
2018,ORLY,174498945.5
2018,SSO,174131345.5
2018,HDV,173501668.0
2018,KORS,173484639.0
2018,CLNC,173469116.0
2018,PLD,173189198.5
2018,STI,173166677.0
2018,PBI,172971811.0
2018,ETR,172736867.0
2018,FLT,172563253.5
2018,CLX,171940421.0
2018,CMA,171895924.5
2018,SKT,171812863.0
2018,SCJ,171507589.0
2018,TTWO,171391453.5
2018,VRX,169760899.5
2018,NRG,169383347.5
2018,PH,168299643.5
2018,MRVL,168175202.5
2018,OPK,168090490.0
2018,BLUE,167660725.0
2018,K,166806387.0
2018,SWKS,166789962.0
2018,MYL,166756376.0
2018,ACWI,166754350.0
2018,MHK,166488107.0
2018,ORIG,166325905.0
2018,SWK,165696080.5
2018,URI,165321197.5
2018,TRV,165287356.0
2018,CBS,165193190.0
2018,EFG,165094891.0
2018,TUSK,164612469.0
2018,CNC,164174152.5
2018,UAL,163839174.5
2018,MNST,163394287.0
2018,VTEB,162615299.0
2018,PRU,162355714.0
2018,EWI,161873790.0
2018,PINC,161691703.0
2018,DRI,161466021.5
2018,COL,161362418.0
2018,DHI,161181442.5
2018,XPO,161109769.0
2018,GBT,160900354.0
2018,ON,160697948.5
2018,DPZ,160162967.5
2018,BUD,159871678.0
2018,DFBG,159362719.0
2018,INT,159308456.0
2018,STX,159106923.5
2018,LNG,158222535.0
2018,BV,157742010.0
2018,GWW,157341373.5
2018,MTB,157119683.0
2018,BND,156610555.5
2018,EXPE,156570312.0
2018,SNY,156290547.5
2018,FIS,156089742.0
2018,CTL,155923311.5
2018,STT,155610686.0
2018,GLMD,155600285.5
2018,PE,155013210.0
2018,TEL,154861393.5
2018,VFC,154369087.0
2018,PEG,154170120.0
2018,PEGA,154065823.0
2018,SPTM,153226881.0
2018,ECL,153053880.5
2018,EFX,152859780.5
2018,LB,152848798.0
2018,EXEL,151923715.0
2018,EQT,151781132.5
2018,CHK,151311313.5
2018,ED,150710100.5
2018,RIG,150462438.0
2018,RL,150235414.0
2018,FMI,150194507.0
2018,DISCA,149380660.5
2018,UBNT,149258663.0
2018,ADNT,149102567.0
2018,ADM,148880194.5
2018,GLW,147631369.0
2018,ABEV,147625417.5
2018,TAHO,147621317.0
2018,FTV,147556515.5
2018,PVH,147010432.5
2018,BLV,146952741.0
2018,HUM,145938553.0
2018,ASML,145697185.0
2018,ICE,145566598.5
2018,NUE,145103524.5
2018,AMP,145099759.5
2018,SU,144917542.0
2018,IGM,144870707.0
2018,RH,144868671.0
2018,BILI,144763638.0
2018,XEL,144509286.5
2018,DFS,144063255.5
2018,INDA,143906657.0
2018,FL,143238685.0
2018,KLAC,142959037.0
2018,JPN,142819609.0
2018,YEXT,142661059.0
2018,PAYX,142577570.5
2018,RENN,142448849.0
2018,WP,142055644.5
2018,BHGE,142010565.0
2018,VRSN,141864396.0
2018,SYMC,141677603.5
2018,DPS,141531747.0
2018,FII,141469130.0
2018,VTV,140922806.5
2018,SIG,140821878.0
2018,OC,140756335.0
2018,RIO,140549009.0
2018,ALXN,140227695.0
2018,COG,139761144.5
2018,CVE,139661891.0
2018,JNPR,138974949.5
2018,EDU,138948201.5
2018,SYF,138359994.0
2018,IWO,137914244.0
2018,TAP,137892596.0
2018,ETFC,137044780.0
2018,NCLH,137034266.0
2018,SIVB,136808892.5
2018,BGC,136777250.0
2018,ITUB,136419583.5
2018,SBH,136387998.0
2018,EPRT,135702723.0
2018,IAU,135587490.5
2018,FEZ,135373016.5
2018,MDGL,134580586.0
2018,MDGL,134580586.0
2018,NEM,134463821.5
2018,DOCU,134273938.5
2018,BURL,134183805.5
2018,MTD,134037727.5
2018,GOVT,133192581.0
2018,UPRO,132733332.0
2018,VMC,132296355.0
2018,PAGS,132202353.0
2018,RSX,131622775.0
2018,KMX,131588582.0
2018,TSN,131334061.0
2018,DGAZ,131241047.0
2018,IQV,131140474.5
2018,IQV,131140474.5
2018,BZUN,130814305.0
2018,IJS,130779608.5
2018,EXAS,130377464.0
2018,FG,130318526.0
2018,DTE,130271687.5
2018,SPPI,130163114.0
2018,HBI,129854376.0
2018,OKE,129634562.0
2018,CDNA,129625595.0
2018,EDR,129505400.0
2018,SNDR,129436337.0
2018,INCY,129430850.5
2018,JCI,129425490.0
2018,BWP,129309428.0
2018,SHV,128996183.0
2018,GGP,128584735.5
2018,AVB,128459410.0
2018,KFY,128394735.0
2018,IR,128381957.0
2018,LEA,128024516.5
2018,BITA,127977033.0
2018,PHM,127947139.5
2018,UAA,127671744.5
2018,SDS,127514182.5
2018,MMC,127145825.5
2018,TWLO,127091318.5
2018,MXIM,126965069.0
2018,IVE,126962201.0
2018,APTV,126614794.0
2018,CLR,126479034.0
2018,VEU,126308789.5
2018,HFWA,126267108.0
2018,SOXX,126124000.0
2018,WHR,126083740.0
2018,CEIX,126050396.0
2018,LH,125735068.5
2018,AFL,125710634.5
2018,BOX,125667139.0
2018,NBL,125587205.0
2018,SLV,125504165.0
2018,IYZ,125451045.0
2018,WPX,125423969.5
2018,CNQ,125322985.5
2018,ITE,125232076.0
2018,ALB,125178873.5
2018,WTW,125119662.5
2018,TSCO,124777264.0
2018,CAH,124616280.5
2018,SLDB,124525659.5
2018,SBAC,124317238.0
2018,FIVE,124203528.0
2018,CF,124146955.0
2018,FE,124070401.5
2018,XLC,123976292.0
2018,SHPG,123905040.0
2018,XLNX,123763577.5
2018,EQR,123716729.0
2018,TROW,123702756.0
2018,CMS,123661258.5
2018,SVXY,123482744.5
2018,NVS,123417385.0
2018,SE,123254671.0
2018,SYY,123242144.5
2018,TPR,123239395.0
2018,VV,123230967.0
2018,DEA,123105391.0
2018,SCHG,123087642.0
2018,SPXL,123054646.0
2018,BR,122767751.0
2018,KNX,122553537.5
2018,HBAN,122474650.0
2018,VGIT,122372896.5
2018,TRIP,122339907.5
2018,WAT,121918480.0
2018,AAP,121836841.5
2018,ATUS,121023018.5
2018,CPRT,120907560.5
2018,HST,120846042.5
2018,CGC,120801521.5
2018,IJK,120586120.0
2018,CZR,120564166.0
2018,EPD,120474712.0
2018,BSV,120122561.0
2018,SSNC,120096650.0
2018,IWN,120003269.0
2018,EWG,119855637.0
2018,CHD,119845339.0
2018,MRTX,119787666.0
2018,GNW,119757238.0
2018,CHRW,119737705.0
2018,AON,119664803.0
2018,VSTM,118970482.0
2018,WR,118811905.5
2018,MED,118708758.0
2018,ES,118660035.5
2018,IAC,118585479.5
2018,PII,117996457.0
2018,TPIV,117951642.0
2018,MAS,117940612.0
2018,BMRN,117868638.0
2018,EFV,117691168.0
2018,ACHV,117567867.0
2018,WSM,117473027.0
2018,XHB,117407759.5
2018,MLM,116980086.0
2018,BIV,116953719.0
2018,APH,116853409.5
2018,BHP,116527236.0
2018,GPN,116469732.5
2018,NWL,116300766.0
2018,VFH,116275634.0
2018,NNDM,116068085.0
2018,VRP,115857687.0
2018,FEUL,115709678.0
2018,ACOR,115517279.0
2018,WH,115252741.5
2018,WTFC,115244724.0
2018,SPXU,114984198.0
2018,CLPS,114839485.0
2018,ZUMZ,114709348.0
2018,FAST,114642454.0
2018,NTR,114633990.0
2018,FISV,114553901.0
2018,DLR,114489064.0
2018,XL,114249811.5
2018,AMLP,114236232.0
2018,DVA,114038258.5
2018,ADS,113991780.0
2018,SPTS,113969184.0
2018,AMAG,113907871.0
2018,HSY,113727341.0
2018,COO,113713127.5
2018,PBF,113712393.5
2018,EIX,113356877.0
2018,LNC,113135462.5
2018,ZG,112956694.5
2018,MSI,112872681.5
2018,PCRX,112815698.0
2018,SYNA,112767106.0
2018,ORBK,112673961.0
2018,PBR.A,112644978.5
2018,TRI,112581853.5
2018,ENB,112454283.5
2018,ALTR,112115399.0
2018,FTI,112092012.5
2018,OMC,111684204.0
2018,AMCX,111618018.5
2018,O,111603545.0
2018,RYTM,111421741.0
2018,REVG,111258469.0
2018,ESS,111235030.5
2018,YNDX,111049120.0
2018,AGIO,110971317.0
2018,GDDY,110605288.5
2018,SMPL,110488084.0
2018,SIRI,110261237.0
2018,VRNS,110213306.0
2018,FBNK,109999714.0
2018,EDAP,109978772.0
2018,SOXL,109749860.0
2018,SONC,109716103.0
2018,SLQD,109655852.0
2018,ALK,109593585.0
2018,RCII,109525845.0
2018,WEC,109450544.5
2018,FCB,109332609.0
2018,CBAY,109252249.0
2018,TEP,109167615.0
2018,AA,108943651.5
2018,RRC,108880839.0
2018,DVMT,108811870.0
2018,XRAY,108694565.5
2018,TIP,108504590.5
2018,ZS,108488333.0
2018,TCBI,108456651.0
2018,QLD,108412527.5
2018,UNFI,108273558.5
2018,HRTX,108209373.5
2018,HIG,108054068.0
2018,NAV,107889429.5
2018,MCO,107847194.5
2018,SAGE,107589173.0
2018,CLNS,107389058.5
2018,BLL,107334446.0
2018,ARWR,107277066.0
2018,THO,107066732.5
2018,GLOB,107065080.0
2018,ASB,107057276.0
2018,ASB,107057276.0
2018,ROP,106838358.5
2018,IRTC,106826907.0
2018,VTR,106659264.5
2018,EWH,106653686.5
2018,TOT,106611288.5
2018,MTN,106559200.0
2018,TSG,106429494.0
2018,HZNP,106357797.5
2018,DOV,106299871.0
2018,ECYT,106299001.0
2018,MYGN,106271862.0
2018,LOXO,106174988.0
2018,NLSN,106033423.0
2018,AZUL,106004402.0
2018,FMC,105893364.0
2018,BEN,105837100.0
2018,TDG,105820280.5
2018,ENTA,105770532.0
2018,FBHS,105663764.5
2018,CAG,105653184.0
2018,FDN,105632626.0
2018,VB,105572598.0
2018,CARB,105001748.0
2018,SCHF,104962800.0
2018,RCI,104933749.0
2018,MOS,104913390.5
2018,SNX,104559113.5
2018,USX,104542934.0
2018,TRU,104399645.0
2018,CSGP,104380122.0
2018,IXC,104220223.0
2018,NOV,103924419.5
2018,TCDA,103834978.0
2018,PF,103684230.0
2018,MTUM,103320766.5
2018,WELL,103280907.5
2018,PSTG,103272351.0
2018,OLED,103261626.5
2018,SFIX,103213660.0
2018,SPR,102976935.0
2018,IWV,102873850.0
2018,TPX,102836926.5
2018,CRSP,102689630.0
2018,VICI,102640701.0
2018,STLD,102405134.0
2018,EMN,102140124.0
2018,CIU,102073219.0
2018,SLG,102066024.0
2018,ECA,101739115.5
2018,MKC,101693407.5
2018,FFIV,101678787.5
2018,AIZ,101669539.0
2018,CSFL,101644171.0
2018,IYW,101431097.0
2018,ANIK,101373080.0
2018,ITB,101281898.0
2018,HRS,101197579.0
2018,CP,101166280.0
2018,WBS,101139568.0
2018,URBN,101132069.5
2018,FRC,101101096.0
2018,ONCE,100930946.0
2018,TRGP,100861319.0
2018,CWH,100845845.0
2018,NUGT,100809321.0
2018,ZBH,100805621.0
2018,OAS,100634732.5
2018,CISN,100357505.0
2018,VIPS,100264919.0
2018,GEMP,100250035.0
2018,BSTI,100177540.0
2018,DK,100150805.0
2018,FAS,100087089.0
2018,ZION,99970112.5
2018,VST,99956520.5
2018,RSG,99917850.0
2018,EXPD,99883874.5
2018,GME,99867003.5
2018,BKLN,99793538.0
2018,ABC,99777076.0
2018,NBR,99732606.0
2018,VDC,99694245.0
2018,IVZ,99575504.0
2018,QID,99430254.5
2018,TRXC,99420519.5
2018,FSCT,99348638.0
2018,IUSV,99347681.0
2018,WLK,99286540.5
2018,IMGN,99201387.5
2018,LABU,99026022.0
2018,NEWR,98937788.0
2018,FXE,98913845.0
2018,BX,98903710.0
2018,ATHM,98825484.5
2018,EPR,98640073.0
2018,TSS,98618283.0
2018,SAP,98586594.0
2018,KMT,98436265.0
2018,AVAV,98380110.0
2018,DISCK,98292192.5
2018,ETSY,98193640.5
2018,ACAD,98100499.0
2018,VEEV,98095332.0
2018,VMBS,97980589.0
2018,ABX,97901656.5
2018,VUG,97839586.0
2018,AMTD,97725538.0
2018,FBC,97549024.0
2018,VGT,97344815.5
2018,AIA,97225565.0
2018,PKG,97193430.0
2018,JWN,97180083.0
2018,HOG,97134535.5
2018,AVHI,96895941.0
2018,AEE,96863845.0
2018,VIRT,96714979.5
2018,QSR,96508499.0
2018,AMBA,96281656.0
2018,SNA,96222128.0
2018,BTI,96101343.0
2018,VT,96085115.0
2018,ABR,95821264.0
2018,TXT,95728951.5
2018,NTRS,95681687.5
2018,SOGO,95653599.0
2018,PVAC,95598538.0
2018,PTC,95530115.5
2018,VOD,95528925.0
2018,AXTA,95524109.0
2018,BRK.A,95491832.0
2018,MOH,95483023.5
2018,RDS.B,95409393.0
2018,BG,95372206.0
2018,MLCO,95282653.0
2018,ALLY,95278548.0
2018,AEO,95164494.5
2018,JBL,95134345.0
2018,TCF,95120560.0
2018,DISH,95116221.5
2018,AKRX,95027391.0
2018,HEAR,94927948.5
2018,TBT,94669119.0
2018,CIR,94642377.0
2018,PRSP,94566788.5
2018,DXCM,94500898.0
2018,SPIB,94496950.0
2018,PCH,94470243.0
2018,COTV,94443325.0
2018,HRL,94409105.5
2018,SH,94396232.0
2018,UHS,94309077.5
2018,QTS,94308433.0
2018,TOL,94195355.0
2018,VO,94031969.0
2018,AAWW,93841694.0
2018,IIIV,93774078.0
2018,LHO,93603334.0
2018,Z,93600519.5
2018,QUAL,93598305.0
2018,ABIL,93565966.5
2018,VOYA,93562756.0
2018,TDC,93540248.0
2018,MUR,93477332.0
2018,AZPN,93461649.0
2018,VXF,93454257.0
2018,ODFL,93320527.0
2018,CBOE,93265207.5
2018,MDXG,93233688.0
2018,CNP,93209542.0
2018,YUMC,93208749.5
2018,FLIR,93120060.0
2018,CBRE,93011061.0
2018,CBRE,93011061.0
2018,PCAR,92854935.0
2018,XME,92766906.0
2018,WSC,92694965.0
2018,KBWB,92659672.0
2018,EIDX,92624060.0
2018,BWA,92586164.5
2018,AZN,92353340.5
2018,EGN,92173149.0
2018,GWRE,92152075.0
2018,FNV,92112024.5
2018,WUBA,92053603.0
2018,DM,91961614.0
2018,EDIT,91911115.0
2018,WYND,91823701.0
2018,GBX,91717902.0
2018,UWT,91591472.5
2018,UGAZ,91409458.0
2018,IIVI,91299083.0
2018,GTHX,91266937.0
2018,BHF,91259595.5
2018,ESNT,91200320.0
2018,AOS,91119059.0
2018,DCPH,91118850.0
2018,HDS,91091538.0
2018,TREE,91072656.0
2018,OEF,90897743.0
2018,CHKP,90831745.5
2018,CASA,90821991.5
2018,PEN,90815735.0
2018,SUPN,90686464.0
2018,CCK,90602785.0
2018,JAZZ,90437402.0
2018,CLBS,90215622.0
2018,CLBS,90215622.0
2018,CLBK,90016578.0
2018,IFF,89997612.0
2018,HEDJ,89877755.0
2018,IBKC,89840232.0
2018,HAS,89803127.0
2018,HII,89782386.0
2018,IBKR,89642635.5
2018,BBD,89593342.0
2018,COMM,89516433.0
2018,COMM,89516433.0
2018,EBS,89504975.0
2018,CAKE,89502902.5
2018,KBE,89498642.5
2018,KSU,89485473.0
2018,REXR,89434493.5
2018,MYOK,89406868.0
2018,AYI,89349927.0
2018,ZAYO,89332931.5
2018,FIT,89088330.0
2018,ATNX,89046005.0
2018,HTHT,89009190.0
2018,ZUO,88996301.0
2018,CA,88946357.0
2018,BRKS,88918161.0
2018,BERY,88904334.0
2018,NVO,88902513.0
2018,AES,88893975.0
2018,PBCT,88887151.0
2018,BB,88808560.5
2018,AME,88703284.0
2018,BBBY,88654698.0
2018,AXL,88586111.0
2018,EXR,88567097.0
2018,JNUG,88439463.0
2018,USG,88421654.5
2018,KKR,88403872.0
2018,CVG,88324525.0
2018,UBSI,88292289.0
2018,CRZO,88283745.0
2018,CE,88208878.5
2018,BF.B,88026960.0
2018,HRB,88016917.0
2018,MKSI,87990104.0
2018,ESV,87975864.5
2018,INFY,87957101.5
2018,ATRA,87889971.0
2018,ETP,87884905.0
2018,CRI,87807029.0
2018,MSCI,87775648.0
2018,IDXX,87612832.0
2018,DKS,87538290.0
2018,I,87507099.5
2018,MT,87436666.5
2018,ARE,87372827.0
2018,GTN,87340370.5
2018,PAYC,87231741.0
2018,LIVN,87052761.0
2018,ZEN,86996139.0
2018,AGNC,86917859.0
2018,DERM,86772826.0
2018,PTEN,86750529.0
2018,GVA,86650521.0
2018,QRVO,86607970.0
2018,ICPT,86570295.0
2018,AKS,86379172.0
2018,LILA,86369477.0
2018,WU,86364820.5
2018,TECK,86206571.0
2018,AVRO,86133060.0
2018,IVW,86018753.0
2018,AMG,85993292.0
2018,ERX,85854987.0
2018,VVC,85841976.0
2018,BAP,85804262.0
2018,HOME,85786126.0
2018,TDOC,85588718.0
2018,EQH,85570177.5
2018,WRK,85494928.5
2018,WBC,85449410.5
2018,TER,85335648.0
2018,FCAU,85189921.0
2018,CDK,85179861.0
2018,DGX,85064906.0
2018,UA,85028530.0
2018,LPX,85024917.0
2018,MBT,84957037.0
2018,COTY,84918268.5
2018,IEUR,84893629.0
2018,SINA,84839704.0
2018,STMP,84832069.0
2018,IUSG,84751144.0
2018,AU,84747440.0
2018,MTCH,84567116.0
2018,TEAM,84562146.0
2018,VCIT,84466534.0
2018,ENPH,84454510.0
2018,CPE,84444714.0
2018,CVNA,84383149.0
2018,VRSK,84242412.0
2018,ANSS,84218065.0
2018,IPGP,84022441.0
2018,SNPS,84001665.0
2018,NDAQ,83939197.0
2018,VNO,83802454.0
2018,NVR,83743825.5
2018,LKQ,83712655.0
2018,JOBS,83673218.0
2018,LW,83629313.0
2018,NEW,83615051.0
2018,IGT,83592362.5
2018,WRD,83517357.5
2018,L,83409198.0
2018,WWE,83384532.0
2018,CAVM,83305778.0
2018,TNDM,83294671.5
2018,INFO,83284454.0
2018,KEYS,83168904.0
2018,MAN,83150116.0
2018,MC,83074304.0
2018,FTNT,83030886.5
2018,WMGI,82937662.0
2018,SCHH,82778567.0
2018,PRGS,82774867.0
2018,ELS,82700602.0
2018,NVT,82692096.0
2018,LSTR,82606964.0
2018,DRNA,82510373.0
2018,BOKF,82504197.5
2018,GERN,82475668.0
2018,LBTYK,82345246.0
2018,LOPE,82252769.0
2018,PWR,82230941.5
2018,COOL,82202080.0
2018,HUN,82166976.5
2018,VSH,82079938.0
2018,AFG,81899310.0
2018,NGG,81864891.0
2018,UDOW,81727270.0
2018,EUFN,81665970.0
2018,BIL,81464824.5
2018,IDTI,81461417.5
2018,SCG,81443174.0
2018,CPA,81420523.5
2018,LOGM,81226486.0
2018,XLRE,81153994.5
2018,RJF,81099489.0
2018,CRL,81076850.0
2018,VIAB,81029661.5
2018,TTD,81022569.0
2018,VER,80972731.0
2018,SMAR,80901614.0
2018,GTLS,80883910.0
2018,SIX,80872947.0
2018,MBB,80797129.0
2018,AERI,80602111.5
2018,FSB,80519008.0
2018,HOLX,80503753.0
2018,NOK,80494079.0
2018,CDW,80452707.0
2018,SBNY,80437217.0
2018,SYNH,80423834.0
2018,CSJ,80390063.5
2018,LITE,80333445.5
2018,RHI,80303937.0
2018,CY,80284806.0
2018,PRGO,80244898.5
2018,CERN,80210911.0
2018,EMLC,80137761.0
2018,BTU,80056025.0
2018,DNR,79999408.0
2018,STIP,79994237.0
2018,STM,79877269.5
2018,ZBRA,79860438.0
2018,LPLA,79836889.0
2018,RSPP,79754583.5
2018,SKX,79726199.0
2018,OSTK,79591719.0
2018,PDCO,79549858.0
2018,LE,79547694.0
2018,ALV,79463860.0
2018,SWN,79407449.5
2018,PCY,79208111.0
2018,VGSH,79144672.0
2018,TDTF,79142493.0
2018,ARMK,79137594.5
2018,HSIC,79092617.5
2018,ACWX,79054866.0
2018,SOXS,78937472.0
2018,EVER,78860295.0
2018,BNDX,78830577.0
2018,HCP,78822543.0
2018,SEDG,78810674.5
2018,SMG,78799507.5
2018,MMP,78684368.0
2018,RGA,78673394.0
2018,USMV,78598527.0
2018,CUZ,78527218.0
2018,NFX,78481260.0
2018,VCSH,78450842.0
2018,FND,78408967.0
2018,FR,78375576.0
2018,DATA,78341672.5
2018,PFF,78313781.0
2018,GBR,78264440.0
2018,GPK,78239580.0
2018,PTLA,78113109.0
2018,EFAV,78108754.0
2018,LDOS,78091987.0
2018,DWT,78059541.5
2018,IBN,78052615.0
2018,HUBS,78050433.0
2018,SLM,78036798.0
2018,BBL,77950682.0
2018,SM,77889838.0
2018,AKAO,77794329.0
2018,IYT,77759620.0
2018,INGR,77738459.0
2018,AAXJ,77658025.0
2018,DFJ,77649841.0
2018,UTHR,77551375.0
2018,TSRO,77537709.5
2018,INVH,77513630.0
2018,PFPT,77474982.5
2018,DUST,77459251.0
2018,FNTE,77455249.0
2018,UMPQ,77444836.0
2018,EBND,77440613.0
2018,NYT,77434953.0
2018,GSK,77431979.0
2018,SCHM,77386535.0
2018,SDOW,77374124.0
2018,BIG,77373986.0
2018,CSL,77365696.0
2018,GNRT,77357933.0
2018,AJRD,77290557.0
2018,GDS,77226117.0
2018,SPDW,77112267.5
2018,PBYI,77105355.0
2018,ARNC,77098366.0
2018,ARNC,77098366.0
2018,XYL,77074398.0
2018,PVTL,77039683.0
2018,ITA,77032283.0
2018,BXP,77013922.0
2018,MEDP,76961245.0
2018,PENN,76854996.5
2018,COHR,76840543.0
2018,CONE,76831238.0
2018,AVT,76830418.0
2018,TFX,76812230.0
2018,CLF,76781038.0
2018,BVN,76713650.0
2018,NTLA,76637298.0
2018,JBLU,76616750.0
2018,BKI,76538100.0
2018,BKI,76538100.0
2018,AWK,76526660.0
2018,LYV,76517535.0
2018,CINF,76455959.0
2018,BAK,76452037.0
2018,NYCB,76446889.0
2018,CFR,76434820.5
2018,UUP,76376687.0
2018,BPMC,76372212.5
2018,WIX,76369016.0
2018,FLOT,76210640.0
2018,PZZA,76179521.5
2018,CAR,76163718.0
2018,CIEN,76138069.0
2018,PLCE,76136771.0
2018,SPTL,76047352.0
2018,AAXN,76026047.5
2018,DXJ,75951496.5
2018,TRMB,75930515.0
2018,SBOT,75870502.0
2018,MUB,75834895.0
2018,FCE.A,75810402.0
2018,WCG,75775606.0
2018,IEI,75651840.0
2018,JBHT,75647334.0
2018,HP,75616219.0
2018,OPHT,75542713.0
2018,TRN,75514243.0
2018,LL,75507922.0
2018,FRT,75489423.0
2018,RPM,75469786.0
2018,HCC,75361709.0
2018,VOE,75343317.0
2018,MDB,75317191.5
2018,MAA,75280099.0
2018,CBLK,75265383.0
2018,LGND,75107569.0
2018,KRC,75052294.5
2018,HSBC,75042665.5
2018,KWEB,75038422.0
2018,SCCO,75030002.0
2018,CMP,75027265.0
2018,UGI,74968779.5
2018,ARRY,74916538.0
2018,BGNE,74817368.5
2018,SAIC,74802454.0
2018,CBPO,74765052.5
2018,FPAC.U,74691351.0
2018,CDNS,74645308.5
2018,DO,74575294.0
2018,MGA,74566827.0
2018,SUPV,74456416.0
2018,NAVI,74391077.0
2018,FHN,74335048.0
2018,USFD,74299285.5
2018,CNI,74285244.0
2018,GMS,74205352.0
2018,CHE,74200409.0
2018,VIXY,74158906.0
2018,ATI,74137688.5
2018,TRCO,74115758.0
2018,IT,74049081.5
2018,ANF,74031522.5
2018,EWP,74020763.0
2018,NLY,73988510.0
2018,CNDT,73908681.0
2018,UCO,73824359.5
2018,PKI,73820904.0
2018,IXUS,73745111.0
2018,SABR,73734290.0
2018,WFT,73730448.0
2018,EXP,73720525.0
2018,LEG,73712003.5
2018,HAE,73600874.0
2018,ITT,73462655.5
2018,DRE,73432976.0
2018,ASHR,73375173.0
2018,SCZ,73360397.0
2018,MASI,73267951.0
2018,RGLD,73199122.0
2018,ERJ,73171054.0
2018,TS,73165754.0
2018,SRCI,73165611.0
2018,FLR,73128268.0
2018,IJJ,73072853.0
2018,DDR,73027358.5
2018,PFG,72980722.0
2018,SRLN,72948678.0
2018,OLLI,72948408.5
2018,SLCA,72902706.0
2018,UNG,72838966.5
2018,WPZ,72775042.5
2018,WAB,72749106.0
2018,SGH,72721828.5
2018,ORI,72714877.5
2018,JKHY,72698339.5
2018,CLVS,72625392.5
2018,EGC,72608735.0
2018,CTAS,72596292.0
2018,YELP,72511194.0
2018,CC,72501372.5
2018,FOSL,72491525.0
2018,RACE,72490075.0
2018,TZA,72472383.0
2018,BMS,72434808.0
2018,AIV,72305006.0
2018,CCE,72272538.0
2018,SPEM,72214506.0
2018,SPXS,72172869.5
2018,QRTEA,72147660.0
2018,FDS,72131374.5
2018,KBH,72094674.0
2018,COUP,72019785.0
2018,TECH,72016844.5
2018,PACW,72014123.0
2018,DVY,72002372.0
2018,VKTX,71979057.0
2018,IYF,71974446.0
2018,DECK,71968140.0
2018,SQM,71937353.0
2018,GIII,71904276.0
2018,ACC,71862237.5
2018,MIDD,71854088.5
2018,OHI,71848154.0
2018,CNX,71779156.5
2018,VCLT,71770592.0
2018,IMMU,71763340.0
2018,SCHX,71680814.0
2018,SEE,71679799.0
2018,FEYE,71667262.5
2018,JEC,71652139.0
2018,KEX,71645013.0
2018,NTCT,71635604.0
2018,CEI,71585716.0
2018,PB,71567656.0
2018,ALKS,71561174.5
2018,VSS,71483634.5
2018,EWS,71386669.0
2018,CACI,71373562.0
2018,NUAN,71290855.5
2018,SITE,71278888.0
2018,RNG,71247772.5
2018,BGCP,71246135.5
2018,NRZ,71204014.0
2018,CASY,71193280.0
2018,TEGP,71150010.0
2018,MAC,71036606.0
2018,DSW,71012493.0
2018,EPAM,70947595.0
2018,PNW,70943666.0
2018,CFX,70940870.0
2018,AVY,70918043.5
2018,KBA,70899463.0
2018,AN,70877281.0
2018,CUBE,70851293.0
2018,ISBC,70817439.0
2018,BKU,70789610.5
2018,AOBC,70769113.0
2018,OLN,70760254.5
2018,VAR,70723485.0
2018,PAY,70704298.0
2018,UFS,70675234.0
2018,UL,70672721.5
2018,ENDP,70596804.0
2018,NEAR,70550096.0
2018,PK,70464435.0
2018,WEX,70441002.0
2018,KIM,70430414.0
2018,AMJ,70394888.5
2018,NXST,70394419.5
2018,APTX,70391889.0
2018,CRC,70367316.0
2018,OXM,70365296.0
2018,HTA,70288789.0
2018,HTA,70288789.0
2018,IGV,70252400.0
2018,NI,70144492.0
2018,RGNX,70098717.0
2018,SAN,69946556.0
2018,ERI,69817019.0
2018,WEN,69809109.0
2018,DEO,69786446.0
2018,ATHN,69772137.5
2018,VNOM,69766650.0
2018,DEST,69738351.0
2018,WLTW,69690796.0
2018,ICUI,69683878.0
2018,AMH,69679799.5
2018,MAT,69644213.0
2018,TLRD,69621105.5
2018,TLRD,69621105.5
2018,HCSG,69446313.0
2018,AGCO,69399049.5
2018,SBGI,69386118.5
2018,STIM,69360909.0
2018,SGEN,69352136.0
2018,SEAS,69349916.0
2018,LNT,69346243.5
2018,AMX,69324909.5
2018,ALNY,69311735.5
2018,HGV,69311035.0
2018,MLNX,69269429.0
2018,LAZ,69244698.0
2018,DDD,69244149.0
2018,SERV,69174570.0
2018,PRAH,69065482.5
2018,RY,69043678.0
2018,SGMO,69041833.0
2018,GPC,69007354.0
2018,CRTO,68991586.0
2018,PNFP,68909785.5
2018,PODD,68849212.0
2018,WPC,68806989.0
2018,VIS,68668288.0
2018,IRM,68630125.0
2018,PDCE,68596321.0
2018,AYX,68518627.0
2018,UNIT,68517938.0
2018,P,68475824.0
2018,QEP,68450417.5
2018,GRA,68444015.5
2018,GLPI,68422461.5
2018,BSAC,68379355.0
2018,QGEN,68303770.0
2018,H,68260550.0
2018,GT,68244366.5
2018,AVYA,68156541.0
2018,FLRN,68085604.0
2018,GGAL,68027410.0
2018,MPWR,67934319.0
2018,ZTO,67929154.0
2018,RARE,67908898.0
2018,LII,67811953.0
2018,UN,67811504.0
2018,VR,67805571.0
2018,EWU,67778907.0
2018,AR,67767153.5
2018,POST,67759502.0
2018,WVE,67737693.0
2018,SRCL,67713587.0
2018,AL,67709001.0
2018,LAMR,67686276.5
2018,SNV,67619432.0
2018,PAH,67588693.0
2018,FIZZ,67582193.0
2018,TEX,67578714.0
2018,PSQ,67566397.0
2018,HTZ,67538138.5
2018,PDBC,67376450.5
2018,CPT,67370705.5
2018,ITOT,67363402.0
2018,TMK,67329378.5
2018,BRZU,67307565.0
2018,PAA,67250797.5
2018,SPB,67167236.0
2018,TYL,67123238.0
2018,GPOR,67039140.5
2018,CDEV,67009143.0
2018,BMA,67001439.5
2018,TTM,67001402.0
2018,FNB,66934861.0
2018,PLNT,66916513.0
2018,MIK,66896129.0
2018,NVCR,66892044.5
2018,REG,66871424.0
2018,ST,66869414.5
2018,VC,66843353.5
2018,VYM,66807173.0
2018,GG,66789281.0
2018,PLAY,66781490.0
2018,ULTI,66778297.0
2018,GUSH,66771220.5
2018,LPT,66734630.5
2018,S,66720989.0
2018,DB,66628219.5
2018,AAOI,66619612.0
2018,HA,66599497.0
2018,CDAY,66570133.0
2018,MDSO,66475187.0
2018,AJG,66432954.0
2018,VBR,66428432.0
2018,RE,66389328.5
2018,KAR,66382513.0
2018,R,66369412.5
2018,ARRS,66347533.0
2018,RSP,66311411.5
2018,EAT,66240812.0
2018,JCP,66221660.0
2018,GGB,66214983.0
2018,MTDR,66202720.0
2018,CCJ,66165823.0
2018,CMD,66160378.0
2018,QLYS,66154048.0
2018,ALLE,66124187.0
2018,CLY,66097592.0
2018,LBTYA,66044403.0
2018,RAD,66042976.0
2018,GSAH.U,66019305.0
2018,SAVE,66018246.0
2018,HUBB,65942914.0
2018,BWXT,65788352.0
2018,SPLV,65781498.0
2018,SEP,65754538.0
2018,IWP,65752706.0
2018,CX,65720634.0
2018,STL,65600439.0
2018,XRX,65580965.0
2018,KMG,65579724.0
2018,BC,65578133.5
2018,XNET,65431736.0
2018,SCHE,65381576.0
2018,IRBT,65380923.0
2018,RMD,65365388.0
2018,VIG,65345326.0
2018,JLL,65309385.5
2018,FIVN,65298352.5
2018,HLF,65271989.0
2018,LABD,65269050.0
2018,ING,65258828.5
2018,ILF,65078529.0
2018,DEI,65062373.0
2018,IPG,65048474.5
2018,ATO,65043920.0
2018,BECN,65029980.0
2018,ABM,64986332.0
2018,BCE,64981002.5
2018,AMBC,64914970.0
2018,ICHR,64883336.0
2018,BRX,64845626.5
2018,ATH,64770767.0
2018,GPT,64767607.0
2018,GHDX,64746894.0
2018,NE,64730409.0
2018,WSO,64651438.0
2018,DXD,64601011.5
2018,SDY,64579810.5
2018,SNE,64579400.0
2018,CRON,64465160.5
2018,STE,64401031.0
2018,DAN,64373068.0
2018,RS,64297220.0
2018,GRPN,64267604.0
2018,MUSA,64228781.0
2018,NBIX,64199593.0
2018,GNTX,64136192.5
2018,DNKN,64088605.0
2018,THC,64088298.0
2018,ZNGA,64064903.0
2018,UNM,64013194.0
2018,MSG,63994194.0
2018,DRIP,63969998.0
2018,MKTX,63898043.0
2018,ACGL,63841164.0
2018,UDR,63806547.5
2018,TTC,63787803.0
2018,DQ,63742176.0
2018,CGNX,63733776.0
2018,EWBC,63729497.0
2018,IEV,63663228.0
2018,ASH,63647779.0
2018,CRUS,63633315.0
2018,GMED,63588639.0
2018,LFUS,63587837.0
2018,AEM,63583114.5
2018,FNSR,63582217.0
2018,VDE,63541350.0
2018,IONS,63444279.0
2018,DDS,63401062.0
2018,CIT,63339923.0
2018,FLEX,63316344.0
2018,EEP,63218781.0
2018,EHC,63200171.5
2018,FICO,63164765.0
2018,PPC,63156864.0
2018,JEF,63138018.0
2018,RES,63085556.0
2018,EWA,63038278.0
2018,BCO,63011552.0
2018,OSK,63000879.0
2018,MINT,62979786.0
2018,YINN,62959445.0
2018,ALOG,62855211.0
2018,PNR,62786011.0
2018,ATU,62770248.0
2018,FNF,62717054.0
2018,CW,62690177.0
2018,TXMD,62689778.5
2018,WGO,62649995.0
2018,SAFM,62649707.5
2018,SUM,62622908.5
2018,GSKY,62615116.0
2018,DBEF,62482000.0
2018,MSM,62471704.0
2018,EC,62465319.0
2018,EPI,62461971.0
2018,SAM,62435063.0
2018,NICE,62434837.0
2018,CODX,62433476.0
2018,SHAK,62424898.0
2018,WAL,62397193.0
2018,LSI,62379729.0
2018,LSI,62379729.0
2018,SNN,62379680.0
2018,LBRDK,62338378.0
2018,GDI,62287355.5
2018,DCT,62248919.0
2018,SFM,62237243.0
2018,WING,62045098.0
2018,FLS,61996786.0
2018,DOX,61983655.0
2018,CUK,61962291.5
2018,ALSN,61947644.0
2018,CNK,61927144.0
2018,ILG,61916551.0
2018,NOAH,61833847.0
2018,EWC,61778055.0
2018,OGE,61774970.0
2018,BNS,61620529.0
2018,SOHU,61612116.0
2018,ABB,61547358.0
2018,EEMS,61538732.0
2018,AER,61509833.0
2018,CDE,61359013.0
2018,DBC,61308609.5
2018,BPL,61265992.5
2018,SGOL,61263815.0
2018,CREE,61229135.0
2018,SUI,61153200.0
2018,TUP,61086834.0
2018,GRMN,61027561.0
2018,MD,60981859.0
2018,VLUE,60958354.0
2018,FMX,60956809.0
2018,CHGG,60943431.0
2018,SC,60917469.5
2018,STWD,60853889.0
2018,IWS,60807178.0
2018,WCN,60803950.0
2018,MIC,60714283.0
2018,ACHC,60665787.0
2018,DNB,60639522.0
2018,TRP,60562890.0
2018,BAH,60536579.0
2018,BYD,60371370.0
2018,CBT,60317895.0
2018,RUN,60286486.0
2018,NUVA,60285154.0
2018,VVV,60273926.0
2018,TWOU,60225718.5
2018,NNN,60198888.0
2018,TXRH,60168176.0
2018,INGN,59896963.0
2018,ELLI,59784695.0
2018,LSXMK,59750349.0
2018,SGMS,59732492.5
2018,LPI,59674390.0
2018,OZRK,59655394.5
2018,HQY,59643364.0
2018,KLXI,59627858.0
2018,TKR,59597403.0
2018,CSIQ,59571945.0
2018,CLDR,59516921.5
2018,CVRR,59505778.0
2018,MBFI,59491641.5
2018,VAC,59448622.0
2018,NSP,59402859.0
2018,CLB,59362976.5
2018,JELD,59323939.0
2018,FUL,59213505.0
2018,IWR,59202042.0
2018,ARCC,59099882.0
2018,HDB,58978107.0
2018,CWB,58930151.0
2018,EVR,58913290.0
2018,RP,58857864.0
2018,SCHB,58829426.0
2018,FAF,58823881.0
2018,SHO,58771873.0
2018,PUMP,58751634.0
2018,SCO,58721362.0
2018,TMHC,58710592.0
2018,SJI,58683440.0
2018,RYAAY,58670952.0
2018,APY,58669223.0
2018,SJNK,58664794.0
2018,TD,58629599.5
2018,DCP,58618050.0
2018,IEX,58583789.5
2018,HYS,58564795.0
2018,USLV,58530248.0
2018,SFLY,58145362.5
2018,HXL,58135036.0
2018,SBRA,58075114.0
2018,ETE,58072687.0
2018,JPST,57981510.0
2018,HWC,57972636.0
2018,JKS,57932524.0
2018,MTZ,57919849.0
2018,MNK,57903766.0
2018,STAY,57796180.0
2018,SEIC,57718542.0
2018,SCHV,57700835.0
2018,MDR,57599363.0
2018,SCI,57598465.0
2018,TPH,57550682.0
2018,EZA,57473923.0
2018,BL,57420627.0
2018,CBRL,57407809.0
2018,SRC,57247597.5
2018,ALRM,57213374.5
2018,VXUS,57192828.0
2018,ENTG,57072035.0
2018,ACIA,57070608.0
2018,CABO,56954618.0
2018,GLNG,56953760.5
2018,KIE,56880224.0
2018,MB,56674394.0
2018,FGEN,56640768.0
2018,QCP,56456866.0
2018,CVI,56335342.0
2018,YPF,56218163.0
2018,DLPH,56205616.0
2018,ERIC,56126363.0
2018,LCII,56081764.0
2018,LCII,56081764.0
2018,PAGP,56026274.0
2018,FWONK,55990306.0
2018,ANGL,55969832.0
2018,NAKD,55888035.0
2018,AFSI,55706006.0
2018,CPLG,55680683.0
2018,IYE,55679994.0
2018,HACK,55678537.0
2018,JACK,55562640.0
2018,DY,55468262.0
2018,CBL,55402318.0
2018,PHG,55311923.0
2018,INXN,55285007.0
2018,FTR,55144845.0
2018,RLGY,54967263.0
2018,MTG,54847588.5
2018,TCO,54747567.0
2018,WERN,54610898.0
2018,DESP,54481679.0
2018,DVAX,54448694.0
2018,NEPT,54279124.0
2018,CORT,54067197.0
2018,MDP,53854378.0
2018,HAIN,53846614.0
2018,BIO,53829601.0
2018,MPLX,53657208.0
2018,AHL,53640006.0
2018,APLE,53429167.0
2018,PAM,52774935.0
2018,SPAB,52674544.0
2018,TECD,52125786.5
2018,AUY,52071531.0
2018,OIS,51901610.0
2018,CONN,51868396.0
2018,JNCE,51858495.0
2018,CMF,51674592.0
2018,EEFT,51608572.5
2018,LECO,51325725.5
2019,SPY,16354691279.0
2019,AMZN,5607446833.0
2019,QQQ,5575018226.5
2019,AAPL,4422216539.0
2019,BABA,3012277701.0
2019,MSFT,2965333641.0
2019,FB,2900350974.0
2019,IWM,2597441303.5
2019,EEM,2483082750.0
2019,TSLA,2248665533.5
2019,AMD,2070876550.5
2019,HYG,1861996893.5
2019,NFLX,1828208243.0
2019,LQD,1636035852.5
2019,EFA,1524555676.5
2019,GOOG,1523903630.0
2019,GOOGL,1518886474.0
2019,NVDA,1384651093.5
2019,TLT,1222199044.0
2019,XLF,1206652921.5
2019,BAC,1189026875.0
2019,JPM,1158321823.0
2019,CSCO,1128774976.0
2019,V,1123572750.5
2019,BYND,1101391930.5
2019,EWZ,1079714037.0
2019,BA,1046990150.0
2019,CRM,1039717243.0
2019,GLD,1020785944.5
2019,IVV,1009206049.5
2019,GDX,995707326.0
2019,JNJ,979206255.5
2019,XLU,974028660.0
2019,XLK,925596320.0
2019,DIS,915361653.5
2019,INTC,892966471.5
2019,FXI,860091618.0
2019,XLE,845954470.0
2019,TQQQ,837840549.5
2019,CMCSA,830663597.5
2019,MA,826266386.5
2019,XLV,792752311.0
2019,MU,789835409.0
2019,ORCL,789044676.5
2019,XLP,788536764.5
2019,UNH,783996352.0
2019,QCOM,782596785.0
2019,XLI,776111641.5
2019,AVGO,775234881.0
2019,WFC,770289689.5
2019,ROKU,769404681.5
2019,C,758487375.5
2019,ADBE,746327307.5
2019,JNK,745910970.0
2019,PFE,745564037.0
2019,HD,719573279.5
2019,DIA,716644550.5
2019,T,705942842.5
2019,MRK,702280934.5
2019,XOM,697041922.0
2019,PG,686543940.0
2019,IEMG,684956445.0
2019,VZ,672514139.5
2019,BKNG,635226177.0
2019,PRI,610064980.0
2019,SBUX,601408561.5
2019,WORK,595610370.0
2019,VOO,593258282.5
2019,APC,588440195.5
2019,SMH,588293043.0
2019,IYR,584690412.5
2019,WMT,582604175.5
2019,PYPL,581669882.0
2019,CVX,581060012.5
2019,MCD,569335543.0
2019,REAL,566049618.0
2019,BRK.B,560170778.5
2019,SHOP,542657968.0
2019,XOP,532834691.0
2019,UNP,527169595.0
2019,KO,523672926.0
2019,HHC,511486460.5
2019,PEP,509013810.0
2019,NKE,508118634.0
2019,BMY,496776816.0
2019,VWO,471342634.5
2019,SQ,468927892.5
2019,AABA,464936714.0
2019,TWLO,459629982.0
2019,VXX,458570217.5
2019,IEF,454833485.0
2019,CAT,454389388.0
2019,TXN,452982126.0
2019,XLY,443652608.0
2019,AGN,434845765.5
2019,MMM,433729528.5
2019,CVS,431930360.5
2019,MDT,426129977.0
2019,LOW,422069856.0
2019,GDXJ,410971617.5
2019,SQQQ,410374491.5
2019,ANTM,409710392.0
2019,COST,407464191.5
2019,GE,405210040.5
2019,AMGN,405139038.5
2019,AMAT,404819112.0
2019,UBER,403131864.5
2019,BIDU,402088145.0
2019,OXY,401366402.0
2019,ABT,395845290.5
2019,IEFA,395240151.5
2019,XLB,395219466.5
2019,ABBV,392224342.0
2019,UTX,391997183.0
2019,BMS,387184668.5
2019,PM,387171814.5
2019,GS,385320080.0
2019,TMO,384653383.0
2019,LIN,382975351.0
2019,LLY,381861689.0
2019,AGG,380735398.0
2019,CELG,377566576.5
2019,NOW,374957767.5
2019,VNQ,374256579.0
2019,SLB,371545353.5
2019,GILD,370929189.5
2019,AMT,368855923.0
2019,TGT,367669267.0
2019,LMT,366893844.5
2019,RTN,364768503.0
2019,CHTR,361340984.0
2019,TWTR,360635778.5
2019,MPC,359912224.0
2019,IBM,356118426.5
2019,HON,353513540.0
2019,ADPT,351946516.0
2019,LULU,349904178.5
2019,NEM,349388987.5
2019,VTI,347094864.0
2019,MS,343574692.0
2019,FDX,339900702.5
2019,BIIB,338986287.0
2019,CHNGU,337091860.0
2019,EMB,336977159.5
2019,SCHW,336844521.0
2019,TVIX,335968393.0
2019,ACN,334468177.5
2019,NEE,333513212.0
2019,USO,330447266.5
2019,LRCX,329914055.5
2019,COP,329856308.0
2019,SNAP,328760462.5
2019,WDAY,326201574.0
2019,EBAY,324805944.5
2019,TJX,322684643.5
2019,KRE,319587189.5
2019,KHC,318966532.0
2019,OKTA,317655297.0
2019,MDLZ,317179435.0
2019,MELI,316961486.0
2019,ISRG,315672774.5
2019,MO,314869854.5
2019,DATA,314585985.5
2019,XBI,314428333.5
2019,XLNX,313669354.0
2019,NSC,312847724.0
2019,CTSH,312265082.5
2019,DD,308932414.0
2019,CNC,306781963.0
2019,TTD,306256788.0
2019,WAGE,305442914.5
2019,JD,304321025.0
2019,GM,303686524.5
2019,STZ,302551355.0
2019,AXP,302161947.0
2019,D,299441289.0
2019,MLNT,299034986.0
2019,LYB,298564015.0
2019,HUM,297889810.0
2019,INTU,297769882.0
2019,BDX,297446514.0
2019,JCI,297019912.5
2019,RHT,294210775.5
2019,AZO,291689320.0
2019,NXPI,291370210.5
2019,VEA,290033941.5
2019,CMG,289177901.0
2019,TSM,288341744.5
2019,FIS,288266578.0
2019,ATVI,287451315.0
2019,DHR,285042447.0
2019,DE,284947957.5
2019,VEEV,284750880.0
2019,EOG,282139472.0
2019,HAL,281055992.0
2019,ECL,280483156.5
2019,EWJ,274807742.5
2019,CHNG,271936890.0
2019,F,268192767.5
2019,ADI,268187311.5
2019,UPS,268076571.5
2019,KMI,267533456.0
2019,CTVA,265736236.5
2019,ILMN,265341342.5
2019,VMBS,263395099.0
2019,APD,261795157.0
2019,ALGN,259958285.5
2019,MDY,259778396.5
2019,ZM,256468843.5
2019,USB,255699962.0
2019,GOLD,253153624.5
2019,PANW,252103771.5
2019,SHW,250816347.5
2019,PSX,250231482.5
2019,BSX,249670741.5
2019,EA,248459733.0
2019,WBT,246921373.0
2019,LJPC,246744912.0
2019,DOW,245545056.0
2019,DUK,244629150.5
2019,IUSG,244495666.0
2019,FISV,244417678.0
2019,MDB,243680808.5
2019,CME,242822195.0
2019,BID,241195188.5
2019,WBA,240348881.5
2019,EW,238969963.5
2019,SUSL,238662154.0
2019,ADSK,238518800.0
2019,GO,237237022.0
2019,TSN,237093940.5
2019,CI,236197569.0
2019,VGSH,235583824.0
2019,KSS,235434072.0
2019,TMUS,234091820.0
2019,CCI,232186871.0
2019,DAL,230337612.5
2019,CL,230119931.0
2019,BLK,230037971.5
2019,CSX,229783637.5
2019,SCHO,228979308.0
2019,BX,228549737.5
2019,NOC,227954942.0
2019,EL,227693206.5
2019,SPOT,226928463.5
2019,NUGT,226817102.5
2019,IAU,224392541.5
2019,SNH,224193340.0
2019,IQV,223024374.0
2019,IQV,223024374.0
2019,SPG,222968588.0
2019,UVXY,222922834.5
2019,REGN,222055459.5
2019,ROST,221701682.0
2019,ZTS,220706259.5
2019,KR,220647139.5
2019,CRWD,220548652.0
2019,LVS,219213967.0
2019,SO,215856165.0
2019,CB,215325025.5
2019,VC,214656744.0
2019,PGR,214432223.5
2019,VLO,214336318.0
2019,XRT,213933798.0
2019,CY,213452269.5
2019,VALE,213331973.5
2019,DG,210672272.5
2019,AIG,210612088.5
2019,ACA,210199712.0
2019,ADP,209948777.0
2019,ZGNX,209583521.0
2019,WDC,209552352.5
2019,ULTA,209349266.5
2019,BND,209023533.0
2019,HRS,208397805.5
2019,VMW,208026937.5
2019,LYFT,207947212.0
2019,MRVL,207416795.0
2019,BK,207228837.5
2019,USMV,205158178.5
2019,IBB,204571038.0
2019,SHV,203605173.0
2019,FCX,203524064.5
2019,CNX,203394697.0
2019,EWY,202751384.0
2019,PNC,202710491.0
2019,PXD,202554294.0
2019,PRVB,201971151.0
2019,KMB,201685559.5
2019,EXC,201638547.0
2019,ALXN,200386183.0
2019,EMR,200166034.0
2019,CCL,199981879.5
2019,DLTR,199627911.0
2019,COUP,198793084.0
2019,MET,198345755.5
2019,SPLK,197497695.0
2019,ANET,197389294.0
2019,SHY,196974459.0
2019,TRV,196794574.5
2019,PBR,195623547.0
2019,SYK,195292080.0
2019,VTR,195291752.5
2019,VRTX,195043591.0
2019,STT,194595321.0
2019,TNA,194117771.0
2019,RWLK,193646271.0
2019,CHWY,193131787.0
2019,BIL,192853818.0
2019,GIS,192608506.0
2019,IWF,192478463.0
2019,ZS,192300559.5
2019,WP,191954378.0
2019,M,191221556.0
2019,MAR,189935095.5
2019,MMC,188372619.0
2019,BBT,187021702.5
2019,HCA,186955838.0
2019,ORLY,186872705.0
2019,SPGI,186836816.5
2019,WELL,186677714.5
2019,GPN,185282951.0
2019,MCHI,185202440.5
2019,HES,184741321.0
2019,WMB,184617486.0
2019,MCHP,184467698.5
2019,UPRO,183264955.5
2019,FOXA,182752825.5
2019,IJR,182530248.5
2019,FITB,181968950.5
2019,ERI,181817903.0
2019,VCYT,180014392.0
2019,WYNN,179868931.5
2019,SM,178217317.0
2019,DRI,177719145.0
2019,PSNL,177255976.0
2019,BAX,177106911.0
2019,BP,176823242.0
2019,VGK,175812093.5
2019,XEL,175778053.0
2019,IJH,175578616.5
2019,MDSO,174590894.0
2019,ALL,174529398.0
2019,EXPE,173915326.0
2019,W,173653489.0
2019,HSY,173548196.5
2019,OEC,173189943.0
2019,GD,171905416.0
2019,AAL,171474379.0
2019,DXCM,171399195.5
2019,CN,171247788.0
2019,CMI,171229695.0
2019,BAND,170852798.0
2019,JHG,170821091.0
2019,TEX,170205887.0
2019,SPLV,169596759.5
2019,HPQ,169575443.5
2019,EQIX,168694392.5
2019,VAC,167622440.0
2019,ARRY,167389832.0
2019,XLC,167003144.0
2019,ING,166471447.5
2019,VPL,166126695.0
2019,BBVA,165339649.5
2019,EWW,165069201.5
2019,WCG,164953648.5
2019,PSA,164507170.5
2019,MNST,164504992.0
2019,SPXL,164026458.5
2019,KLAC,163657957.0
2019,SYF,163646107.0
2019,TEAM,163284433.0
2019,PRU,163194935.0
2019,ITW,162589956.5
2019,XLRE,162364083.0
2019,ARES,162108456.0
2019,OMC,161440777.5
2019,MSI,161050074.5
2019,WM,161037256.0
2019,CERN,160836168.5
2019,FLT,160451019.0
2019,VONE,160268810.0
2019,AFL,160073413.0
2019,TSS,159670558.0
2019,STOK,159472265.0
2019,USNA,158563707.0
2019,PLD,158539466.0
2019,ETR,158521293.5
2019,IR,158240501.5
2019,UAL,158015105.5
2019,SPEM,157258041.0
2019,AEP,157102744.0
2019,WY,156926064.0
2019,SLV,156399523.5
2019,YUM,156015491.5
2019,AAP,155989568.0
2019,CXO,155883632.5
2019,DXC,155622160.0
2019,IWD,155498705.5
2019,NG,154541446.0
2019,CDNS,154436825.5
2019,RF,154087914.0
2019,NFRA,153786431.0
2019,DHI,153744372.0
2019,X,153728128.5
2019,CTXS,153661537.5
2019,HELE,152856117.0
2019,ITUB,152784307.5
2019,LUV,151802818.5
2019,IAC,151764889.0
2019,ROP,151214626.0
2019,KEY,151163241.0
2019,UWT,150980477.0
2019,DPZ,150962934.5
2019,HLT,150684036.0
2019,ACWI,150283829.0
2019,JNUG,150240575.5
2019,HYMB,150043834.0
2019,IFF,149974611.5
2019,ICE,149743756.0
2019,SRE,149683779.0
2019,EXAS,149469284.0
2019,NERV,149196155.0
2019,BBY,149177242.0
2019,DOCU,149117400.5
2019,KMX,149068472.5
2019,AON,148663343.0
2019,PCG,148535398.5
2019,PPG,148485801.0
2019,DVN,148472574.0
2019,FANG,148417952.5
2019,OSTK,147858881.5
2019,MCK,147532313.0
2019,MGM,147429265.5
2019,SDS,147303791.5
2019,SYY,147255527.5
2019,IAA,146869757.0
2019,RSX,146486726.5
2019,ED,146411440.5
2019,STI,145709696.0
2019,ETN,145641108.5
2019,PAYC,145316675.5
2019,AAT,145207103.5
2019,VICI,143968965.0
2019,PAYX,143820181.0
2019,FDC,143667476.5
2019,GSX,143264744.0
2019,SNPS,143162106.5
2019,KEYS,143038508.0
2019,NTES,142730885.5
2019,TDG,142632586.5
2019,IYG,142253374.0
2019,MKTX,141650187.0
2019,QEP,141465916.5
2019,PLAN,141310185.0
2019,LEN,141218868.5
2019,INDA,141082522.0
2019,TV,141018085.5
2019,NUE,140566655.0
2019,COG,140499449.5
2019,MRO,140389718.0
2019,CZR,140344986.5
2019,ETSY,140140228.5
2019,TEVA,139772081.0
2019,S,139704898.5
2019,SYMC,139401335.5
2019,DLR,139286084.5
2019,BLL,139272539.0
2019,TTWO,138679262.0
2019,RCL,138409332.5
2019,IQ,138298011.5
2019,PCTY,138108401.0
2019,ASHR,137522482.0
2019,HYLB,137432648.0
2019,AMP,137430351.5
2019,MCO,137333754.0
2019,BBIO,136842998.0
2019,MLHR,136197757.0
2019,ADNT,136079743.5
2019,ADM,136019469.0
2019,CTRP,135017729.0
2019,SWKS,135014627.5
2019,URI,134960134.0
2019,VRRM,134689813.5
2019,AMTD,134530970.0
2019,RAD,134496330.0
2019,NVS,134330593.0
2019,RDS.A,134295956.5
2019,FIVE,134222213.5
2019,COF,134154017.0
2019,WST,134113117.0
2019,QLD,134102035.0
2019,CTRA,133738359.0
2019,FL,133680556.0
2019,CSGP,133540552.0
2019,CNP,133402838.5
2019,ET,133337621.5
2019,KERN,133302678.5
2019,ITE,133192682.5
2019,LTXB,133130236.0
2019,ABMD,133083043.5
2019,ABCB,132879769.0
2019,XMLV,132617701.0
2019,ARE,132386689.5
2019,AMBA,132310985.0
2019,IGSB,131801981.0
2019,GLW,131765133.0
2019,SNY,131171192.0
2019,NSTG,131133791.0
2019,IP,131008343.5
2019,CTL,130895367.5
2019,ARQL,130876328.0
2019,BSV,130803665.5
2019,ZEN,130562669.0
2019,AXGT,130264032.0
2019,SSO,129288643.5
2019,RIO,129206469.0
2019,NATI,128669453.0
2019,APPN,128579578.0
2019,ABR,128472036.0
2019,PFF,128334821.5
2019,SBAC,127999019.5
2019,SNX,127996769.0
2019,PH,127263870.0
2019,FVRR,127074943.0
2019,CGC,126805203.5
2019,SPXS,126685820.0
2019,ACIA,126617620.0
2019,MOS,126084176.0
2019,VCIT,126017661.0
2019,DCUD,125933058.0
2019,OIH,125771537.5
2019,IWB,125653289.5
2019,AVB,125646481.0
2019,KFY,125574668.0
2019,WEC,125303744.5
2019,ESTC,125272970.0
2019,DFS,125271931.5
2019,IAGG,125249970.0
2019,FTV,125169909.5
2019,SPXU,124992101.0
2019,STX,124712946.0
2019,CTAS,124627934.5
2019,BURL,124414831.5
2019,IGV,124052228.0
2019,NTAP,123909980.0
2019,FDS,123834060.5
2019,CLX,123817167.5
2019,GCP,123621130.0
2019,ENB,123203336.5
2019,GRUB,123134864.5
2019,INDY,122994329.0
2019,ES,122775871.0
2019,SIRI,122748143.0
2019,ANAB,122344936.0
2019,CMS,122328732.5
2019,AMLP,121684743.5
2019,TIF,121661520.0
2019,WAT,121327603.5
2019,MGI,120979527.5
2019,EIX,120639751.5
2019,ZBH,120432559.0
2019,ROK,119924836.5
2019,FE,119883950.0
2019,VTV,119821421.0
2019,DBX,119777582.0
2019,VFC,119553231.5
2019,CPB,119487316.0
2019,IDU,119385190.0
2019,CMA,119368817.5
2019,EWT,119160308.0
2019,AFIN,119010625.0
2019,AFIN,119010625.0
2019,GWW,119004883.0
2019,IOO,118947638.0
2019,SOXX,118777102.5
2019,CF,118449871.0
2019,PPL,118312068.5
2019,VCSH,118286243.5
2019,INVH,118067705.5
2019,NLY,118065637.0
2019,CCX.U,118032155.0
2019,EZU,117996743.5
2019,NRG,117595415.0
2019,RVLV,117586778.5
2019,APH,117550534.0
2019,YUMC,117284519.5
2019,VRSK,117240058.0
2019,A,117115849.0
2019,VER,117065596.0
2019,HCM,116921640.0
2019,VMC,116822058.5
2019,PHM,116787765.0
2019,CFG,116728064.0
2019,RIG,116675379.0
2019,UGAZ,116665175.5
2019,OKE,116375366.5
2019,MLM,115998214.0
2019,FAST,115807467.5
2019,SRPT,115275885.5
2019,EB,114962733.0
2019,SOXL,114939798.0
2019,DISCA,114803672.0
2019,LB,114655796.0
2019,EBIX,114509920.5
2019,IWO,114334127.5
2019,ECA,114183762.0
2019,NTLA,114061560.0
2019,TLH,113860563.0
2019,ATUS,113708369.0
2019,CIEN,113612142.0
2019,OSW,113596493.0
2019,DFRG,113515420.0
2019,TIP,113432209.5
2019,ON,113306304.5
2019,HPE,112705968.5
2019,PEG,112692449.0
2019,MAS,112603075.0
2019,SAP,112530563.0
2019,O,112249347.0
2019,NUAG,112237602.0
2019,AMCR,112140553.0
2019,DVA,112053680.0
2019,UAA,111915059.0
2019,SPWR,111821033.0
2019,BBD,111818877.0
2019,TSCO,111633898.0
2019,MYL,111309620.0
2019,NCLH,111285915.0
2019,AYX,111202782.5
2019,UNIT,111155361.0
2019,RRGB,111118293.5
2019,MGY,111118131.5
2019,SPTS,111060021.0
2019,HBAN,110959455.5
2019,IYW,110624681.0
2019,SWK,110561942.5
2019,EWH,110439603.5
2019,TME,110346435.5
2019,ZBRA,109621811.0
2019,MKC,109535395.5
2019,Z,109151590.0
2019,CAG,108969340.5
2019,LABL,108936404.0
2019,CWK,108920901.0
2019,HIG,108785351.0
2019,MSCI,108773587.0
2019,RLGY,108613292.0
2019,GPS,108306719.0
2019,JWN,108285806.0
2019,TPR,108068079.0
2019,WYND,107979381.0
2019,TZA,107963728.0
2019,BKLN,107904479.5
2019,CUZ,107788162.0
2019,ACWX,107770008.0
2019,BB,107700362.0
2019,SH,107449406.0
2019,ZUO,107439680.0
2019,ABC,107390369.5
2019,QD,106966381.0
2019,SJM,106794279.0
2019,NXTG,106704013.0
2019,EFII,106699654.0
2019,UPWK,106697473.0
2019,VIAB,106519349.0
2019,VRSN,105819593.5
2019,EQH,105384648.5
2019,MOG.A,105126276.0
2019,CAH,105123472.0
2019,LNG,105105998.5
2019,NBL,105076015.5
2019,INCY,105027612.5
2019,CIT,104976703.0
2019,CTRE,104970841.0
2019,MINT,104641022.5
2019,HST,104552188.5
2019,GDDY,104058766.5
2019,DWT,104018296.0
2019,GNCA,103607365.0
2019,KRNT,103574584.0
2019,DISH,103053889.5
2019,LABU,103045345.0
2019,PVH,102967914.5
2019,WU,102695545.5
2019,MHK,102479187.5
2019,KSU,102443450.0
2019,K,102437156.0
2019,BMRN,102044004.0
2019,DELL,101911279.0
2019,BE,101773772.0
2019,EV,101487693.0
2019,HPP,101374930.5
2019,VUG,101256578.5
2019,IXC,101248656.0
2019,MTD,101191062.5
2019,VST,101060298.0
2019,CM,101044579.0
2019,SMAR,100657118.0
2019,QID,100479669.0
2019,BMO,100357280.0
2019,DISCK,100132677.0
2019,MTUM,99790014.0
2019,CORP,99764220.0
2019,SIVB,99738906.5
2019,USIG,99564018.0
2019,USIG,99564018.0
2019,ZNGA,99123759.5
2019,FTNT,99008731.5
2019,BFAM,98946731.0
2019,FLOT,98940716.0
2019,VT,98805920.0
2019,NTNX,98787179.0
2019,KMPR,98711306.0
2019,APTV,98439373.5
2019,SPIB,98280065.0
2019,HRL,98118240.5
2019,NTR,97870965.0
2019,AWK,97790509.5
2019,TOT,97306326.0
2019,HTZ,97249550.5
2019,RL,97139938.0
2019,GH,97132867.0
2019,LH,96743704.0
2019,ROL,96656578.5
2019,KMT,96453048.0
2019,CETX,96439766.0
2019,MTCH,96324164.0
2019,GGG,96224666.0
2019,CJ,96164369.0
2019,SCHP,96088165.0
2019,BHP,96066662.0
2019,NTRS,96048269.5
2019,ETFC,96015986.0
2019,NBY,96010748.5
2019,OLLI,95871055.5
2019,SONO,95843083.0
2019,ZAYO,95714003.0
2019,APA,95323773.0
2019,CBAY,95277281.0
2019,TROW,95169468.0
2019,URGN,95158948.0
2019,DTE,95095525.5
2019,LZB,95090246.0
2019,WAB,94800719.5
2019,GWRE,94761017.0
2019,CHD,94647798.0
2019,COO,94646644.0
2019,AEO,94611519.0
2019,SUM,94547366.0
2019,KWEB,94542633.0
2019,ABEV,94476602.0
2019,AME,94437225.0
2019,PNW,94403980.0
2019,AIMC,94387793.0
2019,SOLY,94322722.0
2019,CWB,94309601.0
2019,KAR,94180052.0
2019,NCR,94119639.0
2019,MDP,94096824.0
2019,MOH,93952533.0
2019,CPRT,93866724.0
2019,SFIX,93527619.0
2019,LXFR,93285874.0
2019,TRGP,93281175.0
2019,RUN,93268166.0
2019,WHR,93216968.0
2019,OC,93209802.0
2019,NOV,93156494.0
2019,BAP,93113355.5
2019,EFX,93044423.0
2019,RH,92956758.5
2019,NWN,92875668.0
2019,VEU,92326709.5
2019,ROG,92307519.0
2019,WGO,92300280.0
2019,DUST,92240655.0
2019,VIAV,92207183.5
2019,TEL,92195535.5
2019,PDD,91893921.0
2019,JBL,91658162.0
2019,VGT,91537623.0
2019,VOT,91470840.0
2019,OLED,91414530.0
2019,PPBI,91022011.0
2019,BEN,90944936.5
2019,ARMK,90873752.0
2019,CLR,90849537.0
2019,GHDX,90814887.0
2019,MLAB,90733853.0
2019,ASML,90721193.0
2019,TTC,90633377.0
2019,EDU,90531229.5
2019,SU,90286749.5
2019,MYOK,90239364.0
2019,SE,90231756.5
2019,NEWR,90149759.5
2019,AXTA,90096734.0
2019,TW,90069430.0
2019,CPRI,90060049.0
2019,STLD,89815322.0
2019,ZTO,89783239.0
2019,PSB,89507294.0
2019,PLNT,89465840.5
2019,GOVT,89458760.0
2019,MRNA,89364048.0
2019,AXSM,89332978.0
2019,MTB,89296469.0
2019,PUMP,89290071.0
2019,ZYNE,89272449.0
2019,SAM,89183123.0
2019,QSR,89112599.0
2019,GRA,88982103.0
2019,ESGE,88940077.0
2019,IOSP,88924602.0
2019,PINS,88701832.0
2019,IHI,88689577.0
2019,BG,88608092.0
2019,CTLT,88526859.5
2019,GGAL,88462453.5
2019,EPD,88431843.5
2019,HUBB,88290319.0
2019,WSM,88200922.5
2019,QTEC,87982466.0
2019,AEE,87981328.0
2019,FTCH,87929254.0
2019,PCMI,87913339.0
2019,SPSB,87839104.0
2019,TAL,87786259.0
2019,HOME,87677767.0
2019,IVZ,87634017.5
2019,NTRA,87626955.0
2019,HCP,87550988.0
2019,HTA,87432919.5
2019,HTA,87432919.5
2019,KBE,87345532.0
2019,EXR,87184302.0
2019,PSN,87119989.0
2019,PKG,87005644.0
2019,MRCY,86973463.0
2019,AGNC,86951023.0
2019,IFRX,86645500.0
2019,CHRW,86642973.5
2019,HFC,86632258.0
2019,XHB,86605772.0
2019,FRO,86594592.0
2019,TECH,86590936.0
2019,CHKP,86573411.0
2019,IWR,86557754.0
2019,EMN,86515379.5
2019,PBA,86467212.0
2019,EVR,86417837.0
2019,ALB,86417029.5
2019,BHGE,86220637.0
2019,ACM,86173882.5
2019,NVO,86131078.0
2019,SLG,86123441.0
2019,PGF,85916723.0
2019,PLAY,85868410.5
2019,WPC,85862421.0
2019,AEM,85843577.0
2019,AVTR,85686439.0
2019,ILF,85661497.0
2019,GVA,85602706.0
2019,SCHR,85583440.0
2019,WB,85501360.5
2019,JPST,85325341.0
2019,TPX,85228153.0
2019,FDN,85181739.0
2019,INXN,85017359.0
2019,SJNK,84842259.0
2019,ALLY,84717740.5
2019,AUY,84710905.0
2019,TNDM,84648948.0
2019,MOMO,84626355.5
2019,DKS,84581907.5
2019,WMGI,84499055.0
2019,GVI,84398081.0
2019,RMR,84366317.0
2019,RETA,84249832.0
2019,LAZ,84170281.0
2019,HSIC,84125522.5
2019,GNTX,84097439.0
2019,GEO,84094541.0
2019,AJRD,84046165.5
2019,HTHT,84037082.0
2019,PSQ,83973508.0
2019,LDOS,83806587.5
2019,FFIV,83664683.0
2019,NIO,83620159.5
2019,RJF,83619474.0
2019,WK,83612190.0
2019,ARNC,83565456.0
2019,ARNC,83565456.0
2019,QUAL,83537345.0
2019,CREE,83422151.0
2019,CYBR,83232025.0
2019,PCAR,83206897.0
2019,BLUE,83202373.0
2019,FMC,83200794.5
2019,RCII,83184690.0
2019,ZION,83113693.5
2019,SFLY,83024448.0
2019,MXIM,82997476.5
2019,VIG,82910018.5
2019,BRC,82792004.0
2019,JAGX,82767679.0
2019,AGZ,82725014.0
2019,BUD,82650075.0
2019,MBB,82582642.0
2019,IOVA,82345951.0
2019,IOVA,82345951.0
2019,PACW,82247099.0
2019,QURE,82241085.0
2019,IRM,82141640.0
2019,IDXX,82132933.0
2019,FIZZ,82026017.5
2019,EQR,82014554.0
2019,KDP,81929218.5
2019,AMRN,81861107.5
2019,AZN,81795832.0
2019,PCY,81737243.0
2019,Y,81698171.0
2019,HRB,81673544.0
2019,NOK,81570631.5
2019,SCHV,81550070.0
2019,MIK,81500900.5
2019,HEI,81453372.0
2019,EVRG,81415208.0
2019,ASH,81404288.5
2019,GOOS,81399535.0
2019,XSLV,81317184.5
2019,FRC,81243445.0
2019,BRK.A,81230082.0
2019,NVTA,81017440.0
2019,IVW,80949332.0
2019,WLL,80933131.5
2019,USFD,80911212.5
2019,STAG,80707977.0
2019,IPAY,80569155.5
2019,HUBS,80551627.5
2019,IMMU,80514809.5
2019,MYGN,80453485.0
2019,WLTW,80412366.0
2019,NVCR,80406733.0
2019,CE,80333297.0
2019,EMLC,80323061.0
2019,NEAR,80278176.0
2019,SXC,80275117.0
2019,BPMC,80111199.0
2019,XEC,80053891.0
2019,CBS,80034825.0
2019,BR,80004507.0
2019,AOS,79997745.0
2019,LW,79921176.0
2019,LOPE,79840962.5
2019,TBT,79812679.0
2019,JDST,79799467.5
2019,RYAAY,79759829.0
2019,OPI,79683101.0
2019,LXFT,79671595.0
2019,TAP,79634858.0
2019,VGLT,79564338.0
2019,RNG,79549728.0
2019,YY,79528560.5
2019,ELAN,79460326.5
2019,NRZ,79441653.0
2019,LNC,79415753.5
2019,FWONK,79408161.0
2019,INFY,79406046.0
2019,VLY,79372838.0
2019,CACC,79276879.0
2019,ADS,79242752.0
2019,HDS,79167037.0
2019,PEN,79094240.5
2019,LII,78931617.0
2019,GSK,78902616.0
2019,FOX,78840529.5
2019,RSG,78831052.0
2019,PD,78813444.0
2019,TRP,78811750.0
2019,CRON,78681186.5
2019,QRVO,78676638.0
2019,CLF,78656019.5
2019,BF.B,78647208.5
2019,SERV,78621585.0
2019,BJ,78569448.0
2019,MAT,78556094.0
2019,BXP,78513309.5
2019,JOBS,78488705.0
2019,UNG,78454630.5
2019,ESS,78418104.0
2019,FTI,78334356.0
2019,NKTR,78176234.0
2019,IPE,78116642.0
2019,IWN,77965976.0
2019,ONCE,77873557.5
2019,UHS,77871127.5
2019,COLD,77849484.0
2019,HQY,77805274.0
2019,IIPR,77804778.0
2019,SDOW,77766544.0
2019,ATR,77747711.5
2019,AES,77714764.5
2019,IEI,77689719.5
2019,PBYI,77588502.0
2019,TFX,77539900.5
2019,MSTR,77445845.5
2019,TRU,77345023.0
2019,ARW,77325087.0
2019,HDB,77201142.5
2019,ITOT,77058130.0
2019,TLRY,77052368.0
2019,SAN,77044341.0
2019,NWSA,76976136.0
2019,SVXY,76968539.0
2019,MGLN,76954147.0
2019,TGNA,76950261.0
2019,SEAS,76925326.0
2019,WSO,76923314.5
2019,AU,76870761.0
2019,RPM,76853948.0
2019,BZUN,76808095.5
2019,AVLR,76794085.5
2019,CHK,76762053.0
2019,KTB,76630936.0
2019,SEE,76613064.0
2019,SEIC,76591801.5
2019,MRTX,76548335.0
2019,CNQ,76451441.0
2019,DCUE,76429386.5
2019,JNPR,76407249.0
2019,G,76344065.0
2019,EWQ,76335066.0
2019,HLF,76325716.0
2019,SBH,76271685.0
2019,INFO,76239448.0
2019,AVAV,76199196.0
2019,MIDD,76169102.0
2019,SRC,76120268.5
2019,MGK,76035076.5
2019,HP,76014906.0
2019,AIV,75957378.5
2019,NI,75951158.0
2019,EXEL,75908566.0
2019,BPL,75883419.5
2019,JBHT,75858200.0
2019,CVNA,75764101.0
2019,VLUE,75675112.0
2019,DBEF,75654220.0
2019,EFV,75608694.0
2019,LAUR,75562598.0
2019,BMA,75558534.0
2019,CBOE,75489614.0
2019,TBND,75449541.0
2019,BRKR,75340980.0
2019,SEDG,75321863.0
2019,PKI,75154290.5
2019,PDBC,75146271.0
2019,KIE,75109266.5
2019,RDS.B,74997105.0
2019,TWOU,74994161.0
2019,MTN,74970633.0
2019,CP,74900697.0
2019,UUP,74870106.0
2019,ALKS,74821445.0
2019,JBLU,74694723.0
2019,JEC,74665659.0
2019,EWC,74665100.0
2019,KBWB,74626280.0
2019,COTY,74574659.0
2019,PTC,74493250.0
2019,UCO,74487776.0
2019,GME,74467541.0
2019,EGP,74317351.0
2019,CC,74305417.0
2019,BHC,74280506.0
2019,XRAY,74254552.0
2019,DECK,74173671.0
2019,SNE,74160767.5
2019,FEZ,74101413.0
2019,AGIO,74019781.0
2019,XSPA,74018022.0
2019,LEA,73929735.0
2019,WCN,73894046.5
2019,INSM,73843112.0
2019,HUSE,73752116.0
2019,DOMO,73601074.0
2019,BCE,73578013.0
2019,PAGS,73570501.0
2019,MPW,73454547.0
2019,AKAM,73451644.5
2019,SAVE,73424012.0
2019,VHT,73292204.0
2019,EWP,73244355.0
2019,MNK,73234987.0
2019,CCEP,73222937.0
2019,BNDX,73173050.0
2019,BNS,73171984.5
2019,JCOM,73116439.5
2019,CMC,73073993.5
2019,TER,72940920.0
2019,HEI.A,72933239.5
2019,DOV,72888939.0
2019,FNV,72874455.0
2019,EWI,72830839.0
2019,ITB,72808327.5
2019,LK,72795706.0
2019,MOO,72765305.0
2019,WRK,72727599.0
2019,WPX,72656342.0
2019,PBR.A,72648251.0
2019,FLR,72604584.0
2019,HAS,72557570.0
2019,BAM,72537236.5
2019,VO,72489062.0
2019,GBT,72461228.0
2019,HIIQ,72411417.0
2019,BIG,72383193.0
2019,VB,72359879.5
2019,TXRH,72338547.0
2019,GT,72212633.0
2019,ATH,72196716.0
2019,FHN,72193429.0
2019,RACE,72106374.5
2019,SPTL,72086517.0
2019,XNCR,72046468.0
2019,RGEN,72031393.0
2019,XPO,71924377.5
2019,EPAM,71918350.0
2019,MGNX,71881196.0
2019,RHI,71829225.0
2019,UMPQ,71690654.0
2019,CLVS,71641295.0
2019,GUNR,71582440.0
2019,LKQ,71535204.0
2019,CRL,71526187.0
2019,ALC,71485378.5
2019,CRI,71480024.0
2019,BILI,71452098.0
2019,DGAZ,71449468.0
2019,PODD,71438966.0
2019,DGX,71415560.0
2019,LGND,71401861.0
2019,ANGL,71341347.0
2019,FICO,71328570.5
2019,CCK,71306838.5
2019,WPM,71271581.0
2019,PENN,71269897.0
2019,GPRE,71266043.0
2019,DAN,71257637.0
2019,KRC,71193965.0
2019,AAXJ,71150027.0
2019,XME,71061124.5
2019,RE,71017179.0
2019,ACB,71008078.0
2019,EXPD,70905153.0
2019,YINN,70897765.5
2019,FTDR,70845596.0
2019,OSK,70681439.0
2019,SCHG,70665955.0
2019,CAR,70608337.5
2019,BGNE,70590283.0
2019,SPDW,70506632.0
2019,QGEN,70443338.0
2019,SBS,70437941.0
2019,LBTYK,70361609.0
2019,SPAB,70349304.0
2019,XYL,70332506.0
2019,SCZ,70319508.0
2019,PSTG,70257520.0
2019,GSY,70211119.0
2019,CLDR,70191013.5
2019,VTIP,70181643.0
2019,IEX,70177519.5
2019,OAK,70169960.5
2019,FSLR,70169395.0
2019,WIX,70140608.0
2019,KKR,70080403.0
2019,VOD,70022908.0
2019,PVTL,69962056.0
2019,VBK,69930096.0
2019,FOLD,69929325.0
2019,CBRE,69879263.0
2019,CBRE,69879263.0
2019,YNDX,69812858.0
2019,LITE,69747678.0
2019,GNRC,69659787.0
2019,NOBL,69657400.0
2019,TSG,69621177.0
2019,AJG,69604031.0
2019,WWE,69544812.5
2019,PLT,69538634.0
2019,AMH,69481318.0
2019,AXS,69462308.0
2019,AAXN,69435949.5
2019,FAF,69417774.5
2019,IBN,69400882.5
2019,MDU,69390914.0
2019,STIP,69349882.0
2019,PFG,69319197.0
2019,IUSV,69318774.5
2019,CDW,69144240.5
2019,PE,69135028.0
2019,TRIP,69123962.5
2019,STE,68983573.0
2019,ADSW,68889981.5
2019,ASND,68887143.0
2019,EPI,68834954.0
2019,AZPN,68795272.0
2019,OTEX,68764054.0
2019,CABO,68671133.0
2019,AMED,68666660.0
2019,IGIB,68653727.0
2019,ALV,68637633.5
2019,RWR,68609541.0
2019,CSL,68573701.5
2019,LMBS,68541914.0
2019,FCAU,68538304.0
2019,AM,68447433.0
2019,PS,68446292.0
2019,RRC,68398298.0
2019,HOG,68329553.0
2019,COMM,68302404.0
2019,COMM,68302404.0
2019,BRZU,68293907.0
2019,KL,68289413.5
2019,RSP,68273240.0
2019,FLRN,68260781.0
2019,ENPH,68112708.5
2019,DVY,68059232.0
2019,UTHR,68025277.0
2019,CVI,68011569.0
2019,DOVA,67998506.0
2019,MAC,67993024.0
2019,STM,67878990.0
2019,VSM,67854151.5
2019,RY,67852799.0
2019,TREE,67847758.0
2019,IEUR,67814833.0
2019,RUSL,67796898.0
2019,MUB,67794245.5
2019,KGC,67728528.0
2019,PDCO,67696564.0
2019,BLV,67641573.0
2019,SUI,67636758.0
2019,PAGP,67582172.0
2019,YPF,67392822.5
2019,SCHF,67279951.5
2019,UNM,67164488.5
2019,FTSM,67145648.0
2019,VG,67091706.0
2019,REZI,67053667.0
2019,JAZZ,67036988.0
2019,HGV,67030793.0
2019,UDR,66994623.5
2019,BERY,66993175.0
2019,ACIW,66902469.0
2019,CINF,66895083.0
2019,PFPT,66837072.0
2019,TEUM,66808749.0
2019,TEUM,66808749.0
2019,RPD,66773700.0
2019,KBH,66697977.0
2019,GTLS,66684318.0
2019,AIZ,66545400.0
2019,SPLG,66536495.0
2019,CNI,66465747.5
2019,PB,66407391.0
2019,SPR,66399864.5
2019,URBN,66334016.0
2019,LYV,66286437.5
2019,PRAH,66265638.0
2019,EE,66248985.0
2019,USHY,66226196.0
2019,OHI,66180343.0
2019,WEN,66107960.0
2019,UDOW,66046431.0
2019,CUK,66041047.0
2019,AL,65933368.5
2019,MTG,65927804.5
2019,VFH,65801473.0
2019,SSNC,65738273.5
2019,VYM,65681757.0
2019,CHDN,65656149.0
2019,EWBC,65655028.0
2019,NLSN,65638664.0
2019,SABR,65623738.0
2019,WEX,65519411.0
2019,ST,65512925.5
2019,MDCO,65468085.0
2019,POST,65443794.0
2019,WH,65423214.0
2019,HAE,65405027.5
2019,WUBA,65400930.0
2019,SAFM,65370465.0
2019,CDAY,65343068.0
2019,KRYS,65319020.5
2019,ANSS,65277027.0
2019,ICPT,65266537.0
2019,NVR,65251979.0
2019,GES,65212294.0
2019,FAS,65133582.0
2019,PBCT,65021162.0
2019,GXC,64991676.0
2019,MSG,64965392.0
2019,THO,64955435.0
2019,XRX,64931551.5
2019,EGO,64911675.0
2019,VSS,64831510.5
2019,IONS,64797509.0
2019,EQT,64796873.0
2019,SDY,64778102.0
2019,FR,64748151.0
2019,NYT,64747339.0
2019,BAH,64729337.0
2019,TDY,64649061.0
2019,CBRL,64630575.0
2019,HSBC,64530583.0
2019,EWG,64475002.0
2019,SBGI,64466552.0
2019,WRB,64451688.5
2019,BBBY,64387192.5
2019,NTCT,64371535.0
2019,UL,64354486.5
2019,SWN,64323273.5
2019,CLB,64315299.5
2019,EWA,64310013.0
2019,FLEX,64207561.0
2019,GRMN,64161240.0
2019,QFIN,64139238.0
2019,PAAS,64125258.0
2019,AA,64123263.0
2019,ELY,64083109.5
2019,GPK,64079996.0
2019,ETRN,64074011.0
2019,VCLT,64029225.0
2019,ALSN,64014969.0
2019,IPGP,64006961.0
2019,MD,63991517.0
2019,DNKN,63960661.5
2019,SOXS,63900120.0
2019,SWAV,63864065.5
2019,HXL,63833297.0
2019,WES,63813476.0
2019,IXUS,63808210.0
2019,NNN,63754862.5
2019,REG,63697865.0
2019,OEF,63574084.0
2019,UWM,63567929.0
2019,ATO,63535534.0
2019,FIVN,63495520.5
2019,STNE,63468328.0
2019,ANF,63391732.0
2019,SPYG,63389995.0
2019,ALK,63388597.5
2019,NGG,63302464.0
2019,PRGO,63283249.0
2019,VAR,63208739.0
2019,WTR,63168106.5
2019,QTWO,63108218.0
2019,MT,63095418.5
2019,AVP,63059916.0
2019,STL,63057579.5
2019,PBF,63026554.0
2019,RAMP,62994604.5
2019,BKS,62950788.0
2019,LILAK,62947803.0
2019,PAA,62923319.0
2019,ALTR,62905043.5
2019,IVE,62878950.0
2019,ALLE,62778927.0
2019,RS,62768455.0
2019,TIER,62757296.0
2019,FRT,62732689.0
2019,SCHX,62650652.5
2019,IWP,62630327.0
2019,EVBG,62594021.5
2019,DGRO,62582039.0
2019,VAW,62561167.0
2019,ATHM,62552392.0
2019,VOYA,62517481.5
2019,TECL,62484615.5
2019,IPG,62462867.0
2019,WING,62456147.0
2019,LSTR,62455617.0
2019,LPLA,62446260.0
2019,HBI,62437189.5
2019,WBC,62429243.0
2019,MAN,62415595.0
2019,NBIX,62371984.5
2019,NDAQ,62359256.5
2019,DB,62357366.5
2019,ALRM,62332634.0
2019,DXJ,62308158.0
2019,ITA,62273409.0
2019,CARG,62218609.0
2019,YELP,62204683.0
2019,IGOV,62180299.5
2019,BWA,62161690.0
2019,ELS,62075756.0
2019,CACI,62064103.0
2019,FBHS,62063656.0
2019,UGLD,62042266.0
2019,DDS,62023234.0
2019,PNR,61999679.5
2019,ACGL,61981399.0
2019,L,61957404.0
2019,UPLD,61906902.0
2019,MLNX,61857567.0
2019,BPY,61856160.0
2019,NWL,61851408.5
2019,UNF,61829412.0
2019,ESV,61788408.5
2019,IT,61786107.0
2019,VIXY,61776844.0
2019,ENTA,61775219.0
2019,CASY,61756782.0
2019,LEG,61709601.0
2019,PLCE,61671746.0
2019,HOLX,61662427.0
2019,IYT,61626446.0
2019,KIM,61554497.0
2019,UGI,61549525.0
2019,RGLD,61501374.0
2019,GGB,61472905.5
2019,CROX,61427043.5
2019,GHC,61405551.0
2019,UN,61387292.5
2019,KNX,61349815.5
2019,OLN,61301273.0
2019,CDK,61300864.5
2019,TDOC,61278756.0
2019,EHC,61271510.5
2019,SCHB,61115066.0
2019,MASI,61101516.0
2019,SIX,61079030.0
2019,HF,61068095.0
2019,EWU,61037932.0
2019,GUSH,60971277.5
2019,MPWR,60957340.0
2019,SFM,60931043.5
2019,ERIC,60918982.0
2019,ALNY,60899846.5
2019,BC,60837372.0
2019,CONE,60834861.0
2019,CW,60827668.0
2019,IGT,60771586.5
2019,PRSP,60678272.0
2019,LBTYA,60625551.0
2019,LECO,60585581.0
2019,EFAV,60568529.0
2019,FEYE,60557708.5
2019,TGE,60435674.0
2019,EQNR,60429350.0
2019,PAM,60405146.0
2019,OGE,60365034.0
2019,SAIL,60364521.5
2019,I,60325929.0
2019,SPYV,60305305.0
2019,HUYA,60299982.0
2019,OAS,60173628.0
2019,CBD,60157649.0
2019,SPSM,59903490.0
2019,GFI,59848313.5
2019,ODFL,59824492.0
2019,VXUS,59810133.0
2019,TDC,59806155.0
2019,REXR,59768667.0
2019,RGA,59751806.0
2019,RNR,59737566.5
2019,BKI,59643034.0
2019,BKI,59643034.0
2019,AER,59607507.0
2019,NYCB,59590968.0
2019,DRE,59503019.0
2019,WLK,59463094.0
2019,TXT,59365830.0
2019,OUT,59360137.0
2019,TREX,59328204.0
2019,COHR,59301955.0
2019,SMG,59295047.5
2019,WAL,59227957.0
2019,SMFG,59206405.0
2019,HDV,59144924.0
2019,PII,59058512.0
2019,HII,58935225.0
2019,CGNX,58888758.0
2019,PZZA,58870876.0
2019,H,58805194.0
2019,PK,58779823.5
2019,QRTEA,58755268.0
2019,VIPS,58722807.5
2019,VBR,58545415.0
2019,FXY,58527552.0
2019,VGIT,58504172.0
2019,EEFT,58359013.0
2019,YETI,58302506.0
2019,OXM,58259434.0
2019,GDI,58249228.0
2019,CPT,58221197.5
2019,FND,58163776.0
2019,TWO,58104497.0
2019,TRMB,58049486.0
2019,FLS,58037008.5
2019,AR,58006474.0
2019,FCNCA,57986953.5
2019,AFG,57984687.0
2019,DOX,57971669.0
2019,IWS,57968526.0
2019,JLL,57958850.0
2019,MPLX,57937840.0
2019,RMD,57895058.0
2019,XT,57868172.0
2019,PPC,57864076.0
2019,RLJ,57856041.0
2019,DOG,57833323.0
2019,LNT,57806296.0
2019,SAGE,57729746.0
2019,MGEE,57717139.0
2019,SVMK,57630679.0
2019,SHAK,57596249.0
2019,GPC,57544121.0
2019,SMMCU,57527920.0
2019,KOS,57446536.0
2019,BOOM,57410781.0
2019,PDCE,57398877.0
2019,LBRDK,57390969.0
2019,BXMT,57322143.0
2019,TECK,57303894.0
2019,CPE,57300725.5
2019,BPR,57288093.0
2019,SNA,57279046.0
2019,SIEN,57273862.0
2019,BIO,57239898.0
2019,CHGG,57222478.0
2019,FXE,57193484.5
2019,CUBE,57154194.5
2019,ENR,57125277.0
2019,LPX,57123453.0
2019,GEF,57097390.0
2019,APO,57052079.0
2019,DK,57036431.0
2019,ITT,57027050.0
2019,IRBT,56974096.5
2019,BRFS,56908025.0
2019,SCO,56872035.0
2019,BIV,56865531.0
2019,VRNT,56848188.0
2019,PTEN,56843873.0
2019,APHA,56838539.0
2019,SGEN,56767576.0
2019,STOR,56652440.5
2019,ICLR,56628661.0
2019,MAA,56618351.5
2019,TD,56616626.0
2019,WW,56375582.0
2019,SAIC,56345740.0
2019,IXJ,56254409.0
2019,EXP,56180119.0
2019,MANH,56174433.0
2019,KEX,56144856.0
2019,NXST,56129199.0
2019,ICUI,56119513.0
2019,JKHY,56115616.0
2019,MTDR,56050228.0
2019,LABD,56011629.0
2019,TOL,55987434.0
2019,TPGH,55720606.0
2019,BOX,55706525.0
2019,BHF,55671034.0
2019,PTN,55654352.0
2019,BBL,55651311.0
2019,BTI,55504827.0
2019,CRAY,55478552.0
2019,AMG,55476758.0
2019,VSAT,55422420.0
2019,DSGX,55411790.0
2019,UNVR,55391970.0
2019,EPR,55381998.5
2019,PYX,55358410.0
2019,ARWR,55318867.5
2019,EAT,55261363.5
2019,SSFN,55147561.0
2019,AVY,55135892.0
2019,AG,55132899.0
2019,AYI,55121549.0
2019,AGCO,55114696.0
2019,BRX,55110834.0
2019,VNO,55080839.5
2019,IJJ,54994016.0
2019,SLYG,54955221.0
2019,JACK,54908087.5
2019,HEXO,54900619.0
2019,ARCC,54879391.0
2019,INGR,54771409.5
2019,DRIP,54743157.0
2019,TRCO,54714999.0
2019,HZNP,54666024.0
2019,BDXA,54625943.0
2019,NBR,54537260.0
2019,PACB,54484352.0
2019,STAY,54482461.5
2019,ARCH,54436711.0
2019,SBNY,54349677.0
2019,GBIL,54314133.0
2019,EPP,54185564.0
2019,CRZO,54185096.5
2019,GWR,54157055.0
2019,CODA,54077663.0
2019,SKX,53998566.5
2019,SNV,53933784.0
2019,GTHX,53891229.0
2019,MLCO,53875432.0
2019,KTOS,53867374.5
2019,FRPT,53857849.0
2019,CFX,53852775.0
2019,ALE,53838775.0
2019,IIIV,53792069.0
2019,FLIR,53761180.5
2019,WWD,53644723.0
2019,MBT,53639003.0
2019,EHTH,53620103.0
2019,ESNT,53589612.0
2019,SIG,53542065.0
2019,MKSI,53405137.0
2019,NITE,53317661.0
2019,MMP,53266485.0
2019,DEO,53116786.5
2019,VSGX,53062642.0
2019,EZA,53043423.0
2019,ZG,53035812.0
2019,DESP,53015669.0
2019,ACWV,52966194.0
2019,CRSP,52878978.0
2019,FNF,52866354.5
2019,HPT,52755583.0
2019,LSI,52745384.5
2019,LSI,52745384.5
2019,RDN,52640965.0
2019,CHFC,52603628.0
2019,IUSB,52547254.0
2019,ENTG,52512113.5
2019,ERIE,52500675.5
2019,PRO,52482320.0
2019,LOGM,52458849.0
2019,STWD,52262276.0
2019,CVET,52111623.0
2019,TS,52103832.0
2019,SHO,52018153.0
2019,PWR,51975902.0
2019,MUR,51914858.0
2019,BYD,51853940.0
2019,EIDO,51700857.0
2019,VPU,51691277.0
2019,HYS,51674410.0
2019,PXMG,51640997.0
2019,IWV,51593525.0
2019,HUN,51455222.0
2019,CDEV,51172650.0
2019,ATRI,51133250.0
2019,SKYY,50855927.0
2019,TLND,50826146.0
2019,VXF,50648298.0
2019,GRFS,50628496.0
2019,UA,50522108.0
2019,INGN,50477273.0
2019,IDA,50364542.5
2019,IXN,50343295.0
2019,TYL,50093757.0
2019,RGI,49962124.0
2019,VOX,49852381.0
2019,RP,49757704.5
2019,GLPI,49710233.0
2019,TWNK,49601527.0
2019,CNK,49174835.5
2019,FVD,49157784.0
2019,CTRV,49102532.0
2019,MGA,49012733.0
2019,RYH,48967454.0
2019,XAR,48847800.0
2019,CHL,48645148.0
2019,EWM,48520229.0
2019,AWI,48094804.0
2019,TLRD,47990262.0
2019,TLRD,47990262.0
2019,BOOT,47762363.0
2019,PEB,47647172.0
2019,ZUMZ,47361323.0
2019,TCF,47320478.0
2019,NOMD,47147764.0
2019,BLMN,45557677.0
2019,FGEN,45356529.0
2019,GLOB,45305341.5
2019,VTEB,45139319.0
2019,IDV,43954824.0
2019,SUPV,43522055.0
2019,HIW,43442107.0
2019,SCHA,43304752.0
2019,PGX,42991019.0
2019,MGP,42172126.0
2020,SPY,25001701091.0
2020,BA,11846640525.0
2020,AAPL,11767919769.0
2020,TSLA,9515899325.0
2020,AMZN,9401771588.0
2020,QQQ,8647376764.0
2020,MSFT,6057199852.0
2020,IWM,4892808960.0
2020,FB,4487388925.0
2020,NVDA,3610713712.0
2020,TQQQ,2987586826.0
2020,BABA,2947456033.0
2020,HYG,2857448976.0
2020,UAL,2682958087.0
2020,ZM,2638203840.0
2020,AMD,2596243310.0
2020,JPM,2188123840.0
2020,GOOGL,2182216983.0
2020,NFLX,2151867986.0
2020,GOOG,2146907485.0
2020,XLF,2107961396.0
2020,EEM,2051016914.0
2020,SHOP,2044625382.0
2020,LQD,1968819872.0
2020,BAC,1874040429.0
2020,EFA,1825779615.0
2020,AAL,1663285535.0
2020,BBIN,1640941843.0
2020,TLT,1636925629.0
2020,C,1619069985.0
2020,GLD,1583679283.0
2020,V,1569417984.0
2020,DIS,1459657757.0
2020,DAL,1374773841.0
2020,IVV,1345924725.0
2020,INTC,1330932508.0
2020,WFC,1320815868.0
2020,NCLH,1300098595.0
2020,RCL,1248628187.0
2020,SQ,1212394317.0
2020,TVIX,1210988141.0
2020,ADBE,1208075794.0
2020,DIA,1206258358.0
2020,BRK.B,1203075829.0
2020,VOO,1179263286.0
2020,MA,1126708214.0
2020,XLE,1123948684.0
2020,XLI,1123420474.0
2020,HD,1091350071.0
2020,PYPL,1084440225.0
2020,XOM,1084367852.0
2020,UNH,1073616556.0
2020,ROKU,1070914792.0
2020,XLV,1069840375.0
2020,JNJ,1063945733.0
2020,CRM,1040505414.0
2020,MU,1034639018.0
2020,VTIQ,1033828601.0
2020,XLK,1013696599.0
2020,EWZ,999910048.0
2020,GDX,993980456.0
2020,JNK,981133494.0
2020,T,979994407.0
2020,VXX,979798168.0
2020,BYND,979446160.0
2020,CSCO,966215274.0
2020,XLU,949282784.0
2020,WMT,948840174.0
2020,CCL,944792764.0
2020,PFE,925573949.0
2020,VZ,895756841.0
2020,DOCU,894447854.0
2020,AVGO,880183382.0
2020,LUV,831793891.0
2020,MRNA,829164439.0
2020,IMRN,815951703.5
2020,QCOM,810980945.0
2020,VXRT,810802456.0
2020,BKNG,807610210.0
2020,CRWD,799857616.0
2020,BMY,797945346.0
2020,WORK,785865841.0
2020,SBUX,770942391.0
2020,KO,769293915.0
2020,ORCL,765966150.0
2020,SGOV,758834208.0
2020,COST,743372148.0
2020,XBI,740629456.0
2020,UVXY,735798982.0
2020,CMCSA,734361010.0
2020,PG,728277666.0
2020,GE,716398085.0
2020,SPG,714261015.0
2020,ABBV,703586759.0
2020,MRK,701675075.0
2020,NKE,699071117.0
2020,CIDM,698143623.0
2020,JD,697044573.0
2020,OXY,696641571.0
2020,IEMG,693372824.0
2020,TNA,693292533.0
2020,UBER,688319394.0
2020,FXI,682895845.0
2020,POLA,671647612.0
2020,WKHS,669562275.0
2020,PEP,668630929.0
2020,RTX,664160270.0
2020,IBM,661156091.0
2020,CVX,660195072.0
2020,GS,657296388.0
2020,TZA,650128955.0
2020,MCD,649955750.0
2020,IEFA,649180332.0
2020,VTI,646800285.0
2020,LULU,641194397.0
2020,PDD,639424519.0
2020,TTD,635450520.0
2020,NOW,632943748.0
2020,GILD,624029151.0
2020,MS,623531639.0
2020,DKNG,617550829.0
2020,DKNG,617550829.0
2020,XLP,611365599.0
2020,SNAP,609195034.0
2020,XLY,609149301.0
2020,SPXL,604334948.0
2020,NIO,595423369.0
2020,MDT,592191517.0
2020,TXN,579595959.0
2020,UNP,577659763.0
2020,IYR,575806735.0
2020,AMGN,561647987.0
2020,NEM,560572858.0
2020,F,559665872.0
2020,TWLO,556725698.0
2020,AGG,556623512.0
2020,LRCX,553250013.0
2020,LOW,553058591.0
2020,LLY,548574137.0
2020,EKSO,544953744.0
2020,TWTR,539942846.0
2020,SMH,539231855.0
2020,MAR,535673910.0
2020,REGN,535124599.0
2020,AXP,534358416.0
2020,TMO,532748768.0
2020,SQQQ,531793404.0
2020,VNQ,521129921.0
2020,SAVE,520501874.0
2020,VCIT,517622508.0
2020,WYNN,513707347.0
2020,CHTR,511627592.0
2020,LMT,510995134.0
2020,TMUS,506982777.0
2020,KRE,506891593.0
2020,AMT,506215176.0
2020,HYS,505602586.0
2020,MGM,503147037.0
2020,VEA,502146363.0
2020,XOP,501659964.0
2020,HON,500405615.0
2020,SCHP,500068403.0
2020,VWO,498525380.0
2020,EBAY,496967754.0
2020,NEE,494818966.0
2020,ABT,492912661.0
2020,SE,486653684.0
2020,TGT,485583255.0
2020,BDX,483290207.0
2020,FIS,479293503.0
2020,ATVI,473568541.0
2020,TDOC,472121699.0
2020,BLK,470043892.0
2020,IBB,462274456.0
2020,ACN,461375646.0
2020,DXCM,459164958.0
2020,MDY,457051718.0
2020,NXPI,455995627.0
2020,VRTX,454761501.0
2020,SPXU,454625619.0
2020,SCHW,453705448.0
2020,GDXJ,452396061.0
2020,DG,452353341.0
2020,BIIB,447142744.0
2020,CAT,442601219.0
2020,EMB,442003637.0
2020,DHR,441642586.0
2020,FISV,441433380.0
2020,CVS,437382977.0
2020,UPRO,431533945.0
2020,SLV,426246008.0
2020,WAFU,423572964.0
2020,COUP,421654832.0
2020,ADSK,420282734.0
2020,UPS,420089399.0
2020,TJX,418586943.0
2020,OKTA,418545195.0
2020,TSM,416632728.0
2020,W,415532578.0
2020,AMAT,414613770.0
2020,BSX,413864602.0
2020,ECL,413575544.0
2020,PENN,412818566.0
2020,NVAX,412531117.0
2020,MSA,412094283.0
2020,PTON,407159088.0
2020,GM,407117919.0
2020,NTES,406195552.0
2020,LIN,405103862.0
2020,ALPN,404332692.0
2020,GOLD,402071822.0
2020,CME,401373005.0
2020,SPOT,396972361.0
2020,IEF,396729076.0
2020,KR,396225579.0
2020,VIAC,396074816.0
2020,PNC,394517816.0
2020,MELI,394386705.0
2020,MMM,389990543.0
2020,ANTM,385402263.0
2020,BIDU,384894578.0
2020,BND,380020316.0
2020,HTZ,376690315.0
2020,UDOW,374215959.0
2020,IJR,373545636.0
2020,CMG,372280624.0
2020,IAU,372102628.0
2020,SPGI,370284299.0
2020,FXD,368777105.0
2020,QURE,366367937.0
2020,DDOG,365105988.0
2020,EQIX,363119985.0
2020,EWJ,362423298.0
2020,SPXS,360118623.0
2020,SDOW,358818891.0
2020,ISRG,354469050.0
2020,NUGT,353132614.0
2020,HUM,352274076.0
2020,LHX,348231047.0
2020,IWF,346045841.0
2020,CLX,345194617.0
2020,LVS,340772380.0
2020,CLIR,340462500.5
2020,UCO,337176340.0
2020,MO,337129405.0
2020,INTU,336467397.0
2020,GPN,336405714.0
2020,GNUS,335654450.0
2020,USB,334847996.0
2020,D,334845456.0
2020,SH,333209833.0
2020,ZS,332982878.0
2020,COF,332852719.0
2020,PM,332486003.0
2020,CCI,331898939.0
2020,SCHR,331392401.5
2020,ERI,330744885.0
2020,M,329908160.0
2020,LYFT,329453711.0
2020,EXPE,326823879.0
2020,VALE,326609153.0
2020,MINI,325507366.0
2020,DPW,325266084.0
2020,DPW,325266084.0
2020,ESGE,322147857.5
2020,SOXL,321692431.0
2020,CI,321388279.0
2020,DFS,320864409.0
2020,WDAY,319253452.0
2020,ROST,319120957.0
2020,SLB,318939075.0
2020,EQM,318746274.0
2020,USMV,318089901.0
2020,BYFC,316561796.0
2020,LEGN,315800217.0
2020,MIME,315455751.0
2020,PLD,315424857.0
2020,EA,314885755.0
2020,ETSY,313644813.0
2020,COP,313393880.0
2020,SYNH,313265008.0
2020,FDX,313163071.0
2020,BIL,310356008.0
2020,MPC,309372522.0
2020,TDG,309051424.0
2020,NOC,308968282.0
2020,CB,307523858.0
2020,DUK,305712645.0
2020,XLB,303460535.0
2020,EDSA,301750701.0
2020,AON,300302263.0
2020,MDLZ,299555298.0
2020,ICPT,299158967.0
2020,SPLK,298743010.0
2020,FNDX,297210141.0
2020,SHV,297146414.0
2020,HLT,296659640.0
2020,SHW,295465275.0
2020,VCSH,294770921.0
2020,DLR,292834548.0
2020,RNG,291812140.0
2020,UONE,291775521.0
2020,SHY,291567043.0
2020,ULTA,289256002.0
2020,CRIS,288147455.0
2020,AEMD,286756600.0
2020,STRA,286304859.0
2020,ILMN,285975753.0
2020,SDS,285958029.0
2020,CNC,285015443.0
2020,ENPH,284088248.0
2020,BDXB,283678838.0
2020,VEEV,283620261.0
2020,VLO,283039928.0
2020,DD,282331175.0
2020,MRVL,281543401.0
2020,SWKS,281273615.0
2020,IAC,280152493.0
2020,TIF,279296633.0
2020,IWD,277464067.0
2020,SSO,276976875.0
2020,MCHP,274629373.0
2020,APVO,274514293.0
2020,CL,271634352.0
2020,TFC,271185620.0
2020,FAS,270048471.0
2020,HAL,269281236.0
2020,IGV,268843254.0
2020,EWY,267753684.0
2020,VGK,267142249.0
2020,BAX,266831618.0
2020,TEAM,266160309.0
2020,DPZ,265894681.0
2020,PINS,265813299.0
2020,SMMV,263141532.0
2020,PANW,262762695.0
2020,SAVA,262721345.0
2020,LVGO,262303575.0
2020,SINT,262241635.0
2020,IJH,259510393.0
2020,ICE,258935177.0
2020,NSC,258234505.0
2020,VTV,256824787.0
2020,SO,256545964.0
2020,ADP,256537093.0
2020,DRI,256090660.0
2020,TDC,255866703.0
2020,SYK,255206507.0
2020,LEN,254900712.0
2020,PH,253364810.0
2020,VEU,252850282.0
2020,TTWO,251321420.0
2020,PSX,251211245.0
2020,BHTG,251094602.0
2020,HPQ,251070921.0
2020,GLUU,250064378.0
2020,GIS,249252878.0
2020,PXD,248395631.0
2020,HCA,247841968.0
2020,ADI,247694642.0
2020,PBR,247607480.0
2020,BP,247318541.0
2020,AXE,247289357.0
2020,SYY,246924527.0
2020,AZO,246372225.0
2020,CSX,246049312.0
2020,VMBS,246043640.0
2020,MDB,245735440.0
2020,RH,244572034.0
2020,WLL,244278330.0
2020,EL,244147988.0
2020,FOUR,243355922.5
2020,XRT,242091626.0
2020,UONEK,241508054.0
2020,USO,241480658.0
2020,NAKD,241470428.0
2020,WDC,240074561.0
2020,IBTX,239677569.5
2020,FATE,239065113.0
2020,MSI,238789057.0
2020,INO,238754337.0
2020,MET,238044549.0
2020,AZN,236564705.0
2020,EOG,236144579.0
2020,DE,235921595.0
2020,DOW,235365050.0
2020,RPRX,235163718.0
2020,VISL,234762766.5
2020,FSLY,234702695.0
2020,PRU,233323773.0
2020,GD,233108245.0
2020,SHLL,232941629.5
2020,ASML,232841870.0
2020,SCHV,232006049.0
2020,ALGN,231414306.0
2020,LCA,231321353.5
2020,DLTR,231005658.0
2020,OKE,230356308.0
2020,ORLY,230222709.0
2020,IZEA,230170543.0
2020,AIG,229694614.0
2020,EW,229675585.0
2020,WM,228936692.0
2020,SBAC,228866016.0
2020,ZTS,227417498.0
2020,MMC,227077807.0
2020,GSX,226841373.0
2020,XLNX,225849336.0
2020,APD,225349135.0
2020,GBCI,225224220.0
2020,NETE,224816510.0
2020,SWK,224255064.0
2020,SYF,224009763.0
2020,IDEX,223746708.0
2020,EIX,223604590.0
2020,PZA,223055350.0
2020,JNUG,222588221.0
2020,Z,220737015.0
2020,EXC,220044917.0
2020,AFH,219902881.0
2020,KLAC,219049439.0
2020,BLNK,218969723.0
2020,CVNA,218881298.0
2020,MTCH,218280051.0
2020,ACWI,218167557.0
2020,ALXN,218031798.0
2020,PGR,217755762.0
2020,ALLO,216877839.5
2020,GRUB,215910925.0
2020,JBLU,215697017.0
2020,MCO,215122071.0
2020,JCOM,214942622.5
2020,APTV,214812410.0
2020,BBY,214371486.0
2020,QLD,213087311.0
2020,AMRH,212979115.0
2020,FCX,212754915.0
2020,MCHI,212648242.0
2020,CHWY,212303303.0
2020,AYX,211982300.0
2020,WMB,211980102.0
2020,EWT,211250411.0
2020,FLT,211121815.0
2020,CHGG,211056964.0
2020,AGZ,210908165.0
2020,AVB,209495484.0
2020,CMI,208555276.0
2020,BK,208423513.0
2020,URI,207665033.0
2020,CBLI,207610196.0
2020,KMB,207490604.0
2020,TRV,206351943.0
2020,SPCE,206108706.0
2020,ITW,205398038.0
2020,CTXS,204784222.0
2020,PAYC,204528150.0
2020,KMI,204276581.0
2020,LTPZ,204018467.0
2020,NET,203756173.5
2020,MDYV,203330698.0
2020,SRE,203065851.0
2020,VMW,202015171.0
2020,KSS,201866921.0
2020,STZ,201356241.0
2020,IBIO,201075315.0
2020,ROP,201019642.0
2020,BILI,200884737.0
2020,BLV,199666596.0
2020,XLC,198774116.0
2020,SITC,198633679.0
2020,KEY,197951357.0
2020,WMG,197935143.0
2020,ZNGA,197788250.0
2020,PLAY,197617781.0
2020,VFC,197397668.0
2020,ZBH,197023235.0
2020,GTH,196229792.0
2020,FFHL,196062065.0
2020,FLCO,195997125.0
2020,YUM,195731343.0
2020,DHI,195231843.0
2020,TSN,194468124.0
2020,QDEL,194438684.0
2020,SRG,194197065.0
2020,MRO,194058090.0
2020,STIP,193906379.0
2020,GLIBA,193391708.0
2020,MDRX,192676434.0
2020,SPLV,192274332.0
2020,VGT,192236517.0
2020,TLH,190713491.0
2020,ITUB,190606552.0
2020,TIP,190256541.0
2020,BRK.A,189880520.0
2020,WELL,189404663.0
2020,CXO,189064409.0
2020,HYLB,188924195.0
2020,WBA,188860797.0
2020,EZU,188664939.0
2020,AKAM,188541566.0
2020,JWN,188405324.0
2020,AMTD,188384410.0
2020,APA,188022154.0
2020,EQR,187656857.0
2020,PPL,187577366.0
2020,PSA,186967122.0
2020,KBE,186543126.0
2020,ETN,186115367.0
2020,GPS,186081310.0
2020,KHC,185892380.0
2020,FLGV,185846054.5
2020,ET,185055228.0
2020,TER,184861714.0
2020,SNPS,184518734.0
2020,ALL,183301327.0
2020,NULV,183085050.0
2020,GLW,182927767.0
2020,SCHA,182570872.0
2020,BURL,182387689.0
2020,BKLN,182380439.0
2020,IQV,181788874.0
2020,IQV,181788874.0
2020,BIPC,181532831.0
2020,BIPC,181532831.0
2020,RIG,180558833.0
2020,CNP,180269448.0
2020,PLUG,179489066.0
2020,RPAI,179305134.0
2020,SOXX,179257943.0
2020,AMP,179257328.0
2020,JCI,178895566.0
2020,TWO,178808777.0
2020,ZI,178798906.0
2020,JETS,178703503.5
2020,XEL,178601414.0
2020,LXP,177475550.0
2020,SCHF,176831850.0
2020,SGEN,176748494.0
2020,WERN,176486489.0
2020,BITA,176177628.0
2020,EWP,176121963.0
2020,BKU,175782324.0
2020,FITB,175665566.0
2020,STAG,175478965.0
2020,BBEU,175108875.0
2020,ON,174997692.0
2020,SIRI,174922488.0
2020,UGAZ,174453488.0
2020,STML,174396783.0
2020,ADSW,174251054.5
2020,MCK,173999772.0
2020,IYG,173861043.5
2020,O,173359490.0
2020,CXP,172926914.0
2020,TCBI,172898469.0
2020,KEYS,172482412.0
2020,AEP,172192626.0
2020,SPR,172152357.0
2020,BX,171791830.0
2020,RDS.A,171668001.0
2020,FTNT,171606814.0
2020,FNDF,171395793.0
2020,EMR,171361373.0
2020,MSCI,170992956.0
2020,PCG,170923834.0
2020,ITB,169514563.0
2020,STT,169498268.0
2020,VUG,169280022.0
2020,IDXX,169128364.0
2020,FNDE,168282020.0
2020,SAFM,168222991.0
2020,KAR,168116227.0
2020,K,168062225.0
2020,ROK,168060713.0
2020,FTV,167889494.0
2020,INSP,167875896.0
2020,TEL,167778648.0
2020,DGX,167499039.0
2020,CSGP,167082628.0
2020,RSP,166850415.0
2020,APPS,166805599.0
2020,SCHX,166774680.0
2020,FXH,166562012.0
2020,PFSI,166551190.0
2020,CFG,166163564.0
2020,VGLT,165529205.5
2020,KTOV,164820429.5
2020,RNA,164758813.0
2020,OTIS,164495137.0
2020,OTIS,164495137.0
2020,XNCR,164244180.0
2020,CDNS,163755214.0
2020,GO,163752356.0
2020,APY,163017587.0
2020,CAR,162920627.0
2020,FNDA,162655008.0
2020,TAL,162631606.0
2020,MXI,162526120.0
2020,CTAS,162253128.0
2020,BXP,162177172.0
2020,GOVT,162168202.0
2020,SRPT,161784172.5
2020,VXUS,161076833.0
2020,BE,160662242.5
2020,DCPH,160535344.0
2020,ESGU,160245392.5
2020,MITT,158110263.5
2020,MIK,158058402.5
2020,SPTS,158044285.0
2020,GOOS,157784659.0
2020,VT,157678992.0
2020,BUD,157674837.0
2020,STX,157594171.0
2020,IJS,157363256.0
2020,CTSH,156741158.0
2020,VTR,156701604.5
2020,SJNK,156684750.0
2020,OMC,156469886.0
2020,TSCO,156345593.0
2020,RGA,155841656.0
2020,BMRN,155815054.0
2020,VIG,155665325.0
2020,KZR,155422940.0
2020,TRNO,155216143.0
2020,FAST,154580804.0
2020,GCI,154548634.0
2020,GCI,154548634.0
2020,HQY,154542651.0
2020,APH,154515935.0
2020,FE,153977341.0
2020,CMD,153969122.0
2020,HST,153800671.0
2020,WSC,153619911.0
2020,REZI,153285180.5
2020,RPAY,153092268.0
2020,CPRT,152910033.0
2020,RAD,152730624.5
2020,TCF,152591336.0
2020,MLPA,152574830.0
2020,COHN,152510323.0
2020,MARK,152353722.0
2020,ZEN,152195464.0
2020,MAS,152004090.0
2020,KMX,151986752.0
2020,WIX,151653326.0
2020,JPST,151617691.0
2020,NOK,151587643.5
2020,VLUE,151423627.0
2020,CARR,151136649.0
2020,CARR,151136649.0
2020,HSY,150991656.0
2020,WEX,150698851.0
2020,EDU,150659156.0
2020,LYV,150422012.0
2020,LYB,150382080.0
2020,IGSB,149591625.5
2020,WEC,149578574.0
2020,SMCI,149456969.5
2020,JFIN,149110396.5
2020,MTCN,148557512.0
2020,JHG,148227318.5
2020,PLNT,147839117.0
2020,CZR,147758661.0
2020,INFO,147666109.0
2020,NLY,147534157.0
2020,RPTX,147464979.0
2020,VYM,146977959.0
2020,BHF,146925650.0
2020,BBJP,146537946.0
2020,VRSK,146157979.0
2020,IWN,146012437.0
2020,ZUO,145976306.0
2020,FXN,145880219.5
2020,EFX,145849804.0
2020,CPE,145841674.5
2020,FOXA,145740863.0
2020,ARE,145733265.0
2020,XLRE,145168444.0
2020,CG,144852521.5
2020,CLDR,144432291.0
2020,QID,144421809.5
2020,DGAZ,144393019.0
2020,ED,144323014.0
2020,KSU,144305749.0
2020,FXU,144280642.5
2020,NVS,144254454.0
2020,EVRG,144156660.0
2020,ALLY,144137047.0
2020,TME,144127058.0
2020,PHCF,144026856.0
2020,WLTW,143757239.0
2020,MNTA,143514992.0
2020,RYAAY,142980434.5
2020,SPTL,142679537.5
2020,HGV,142651556.0
2020,VVNT,142484200.0
2020,ICVT,142482181.0
2020,TROW,142425137.0
2020,GUSH,142402080.0
2020,API,142026809.0
2020,CHK,141966341.0
2020,PFFD,141964725.0
2020,BSV,141856301.0
2020,FOXF,141720773.0
2020,MD,141580206.0
2020,PGNX,141528326.0
2020,MTDR,141445333.0
2020,BILL,141381834.0
2020,FSCT,141173432.0
2020,NMIH,141066249.5
2020,PS,140960412.0
2020,NAVI,140714950.0
2020,BNTX,140601644.0
2020,NVTA,140576341.0
2020,ITOT,140411066.0
2020,PSQ,140279867.0
2020,VMC,139863661.0
2020,RRC,139602971.0
2020,SPTI,139565948.5
2020,SPTI,139565948.5
2020,RDS.B,139505173.5
2020,ATUS,139478033.0
2020,HOLX,139289595.5
2020,INCY,139287697.0
2020,EPZM,139196064.5
2020,DBX,139076474.0
2020,LTM,138567723.5
2020,X,138499665.0
2020,USHY,138491470.0
2020,IHI,138458327.5
2020,EWG,138343188.0
2020,ESTC,138322996.0
2020,WUBA,137916456.0
2020,EPP,137765617.0
2020,BLL,137713313.0
2020,AAXN,137517155.5
2020,IQ,137495366.0
2020,DELL,137436275.0
2020,ES,137165919.0
2020,DGLY,136998741.0
2020,ETRN,136827154.0
2020,VICI,136823981.0
2020,SEDG,136783242.0
2020,TCO,136755301.0
2020,PAYX,136504242.0
2020,BLD,136417032.0
2020,CVET,135632475.0
2020,PPC,135548176.5
2020,WY,135403015.0
2020,ALK,135174879.0
2020,GGB,135075100.0
2020,AVLR,135049778.0
2020,CARV,134989662.0
2020,A,134907917.0
2020,LAKE,134881556.0
2020,WU,134866819.0
2020,TYL,134779361.0
2020,AAP,134699369.0
2020,DCI,134695962.0
2020,EFV,134362790.0
2020,BORR,133732996.0
2020,LH,133230037.0
2020,PCRX,133220827.0
2020,BRMK,133126257.5
2020,INDA,133068659.0
2020,MBB,132941260.0
2020,EPD,132606333.0
2020,THO,132538907.0
2020,DT,132435556.5
2020,FIXD,132381067.0
2020,IR,132274956.0
2020,IVW,132270967.0
2020,RODM,132059445.0
2020,FLOT,131879296.0
2020,NLOK,131811500.0
2020,CERN,131797533.0
2020,LNTH,131785312.0
2020,PRF,131658271.5
2020,MAC,131206940.0
2020,ANSS,131063072.0
2020,RWM,130864284.0
2020,ETFC,130797020.0
2020,SPYG,130376805.5
2020,FCEL,130017411.5
2020,UNFI,129714175.0
2020,SHIP,129639521.5
2020,QRVO,129537290.0
2020,PLAN,129483640.0
2020,COTY,129442872.0
2020,RIO,129359819.5
2020,VRNS,129249612.0
2020,CSOD,129157511.5
2020,PPG,129149792.0
2020,LK,129079897.0
2020,DTE,129075513.0
2020,BCE,129045923.0
2020,ODFL,128887921.0
2020,RF,128678127.0
2020,HZNP,128571437.0
2020,DOMO,128561539.0
2020,EWQ,128458093.0
2020,YY,128202995.5
2020,GGG,128199091.0
2020,CCXI,128148357.0
2020,SRNE,127852161.5
2020,SJI,127688296.0
2020,FLR,127680161.0
2020,UFS,127608318.0
2020,ABR,127537322.0
2020,APT,127531529.0
2020,BIOC,127452244.0
2020,CBRL,127430346.0
2020,RMD,127339285.5
2020,WST,127335002.0
2020,PEAK,126975269.0
2020,PEAK,126975269.0
2020,EXAS,126923718.5
2020,DNOW,126920513.0
2020,BLDP,126892839.5
2020,TCOM,126875421.5
2020,BXMT,126721710.0
2020,CAG,126679413.0
2020,OAS,126627372.0
2020,FRC,126511831.0
2020,ONEM,126331497.0
2020,PFF,126282770.0
2020,EVOK,126242615.0
2020,SVXY,126105235.0
2020,ZLAB,126085575.0
2020,TENB,125930108.0
2020,OLN,125689042.0
2020,SCZ,125440144.0
2020,SVMK,125367419.0
2020,TT,125351835.0
2020,AFL,125220748.0
2020,CCH,125197976.0
2020,AZUL,125180356.5
2020,ARNC,124891074.0
2020,COO,124843466.0
2020,IGIB,124833983.0
2020,CHRW,124723621.0
2020,IVE,124692479.0
2020,FEZ,124487725.0
2020,L,124237492.0
2020,IEI,124030371.5
2020,IVR,123985786.0
2020,MFA,123937798.0
2020,CDAY,123916354.5
2020,SJM,123899814.0
2020,TECL,123828216.0
2020,CASY,123713760.0
2020,SMAR,123447664.5
2020,BNR,123404329.0
2020,STNE,123350343.5
2020,VB,123316556.0
2020,VBK,122963127.0
2020,PHM,122889553.0
2020,KGC,122833625.0
2020,NEAR,122594716.5
2020,PGEN,122585839.0
2020,KTOS,122446144.0
2020,IPHI,122289642.0
2020,WAT,122282436.0
2020,HPE,122123408.0
2020,CTVA,122075600.0
2020,FANG,122010391.0
2020,VRM,122008163.5
2020,AMBA,121999531.5
2020,AGNC,121865797.0
2020,HUBS,121620311.5
2020,EWH,121327955.0
2020,MASI,121306011.0
2020,OLLI,121177276.0
2020,UNG,121137169.0
2020,BBBY,121031949.0
2020,EXEL,121003589.5
2020,KKR,120936548.0
2020,EDV,120847006.5
2020,NTRS,120809257.0
2020,SOLO,120778237.5
2020,IWB,120761259.0
2020,ANET,120744714.5
2020,SBGI,120468280.0
2020,HELE,120446039.5
2020,MNST,120392021.0
2020,LTHM,120301077.0
2020,PEG,120250786.0
2020,MXIM,120182984.0
2020,HRTX,120035495.5
2020,CETX,119885909.0
2020,SABR,119687931.0
2020,EWW,119385959.5
2020,ACC,119243395.0
2020,WW,119137310.0
2020,INVH,119080181.0
2020,QUAL,119058781.0
2020,URBN,118786510.0
2020,ESS,118558353.5
2020,CM,118546622.0
2020,VIXY,118388932.0
2020,EWBC,118335594.5
2020,MINT,118279146.5
2020,ETR,118210852.0
2020,MLM,118202386.0
2020,RETA,118189437.5
2020,GDS,118186967.0
2020,GDDY,118151030.5
2020,RJF,117934457.0
2020,FNV,117889925.0
2020,SPYD,117863337.0
2020,ZTO,117844284.0
2020,FNF,117797420.0
2020,NK,117683649.0
2020,MTB,117677366.0
2020,TMDI,117651162.0
2020,UNVR,117468401.5
2020,LOVE,117427821.0
2020,PEB,117370899.0
2020,CAH,117358031.0
2020,VONG,117072708.0
2020,DISH,117021263.0
2020,EFG,116655046.5
2020,AMLP,116549425.5
2020,IRM,116535252.5
2020,HES,116190115.0
2020,ABC,116177204.0
2020,XLRN,116100830.0
2020,FAZ,116034397.5
2020,AJG,115952287.0
2020,MKC,115928139.0
2020,YNDX,115898453.0
2020,SCHD,115716331.0
2020,NVRO,115501596.0
2020,VIE,115442627.0
2020,BDN,115380724.0
2020,MUB,115328296.5
2020,APG,115293356.5
2020,LABU,115207893.0
2020,VHT,115186149.0
2020,QSR,115173816.0
2020,ADM,115120316.0
2020,HBAN,115094469.0
2020,VRSN,114968601.0
2020,BKR,114922801.0
2020,AZEK,114893458.5
2020,SLM,114789090.0
2020,IFF,114686669.0
2020,ARCT,114602997.0
2020,ARCT,114602997.0
2020,LB,114144595.0
2020,RAMP,113530232.0
2020,TXG,113478176.0
2020,TAP,113437711.5
2020,CHDN,113372134.0
2020,BNDX,113362037.0
2020,IGLB,113186414.0
2020,AVGOP,113166929.5
2020,MKTX,113148435.0
2020,RNR,113070626.5
2020,WPC,112733235.0
2020,UN,112713971.5
2020,YUMC,112635383.0
2020,VO,112556046.0
2020,SCHE,112509492.0
2020,CMS,112473183.0
2020,PVH,112249500.0
2020,MDYG,112163710.0
2020,BFAM,112144447.0
2020,GSK,112131358.0
2020,SCHB,112028532.0
2020,MYL,111984937.0
2020,BIO,111936060.0
2020,ALNY,111856320.0
2020,CDW,111598241.5
2020,CAKE,111591157.5
2020,PODD,111458142.0
2020,JAZZ,111434957.0
2020,MIDD,111411023.0
2020,IEUR,111333147.5
2020,HIG,111253485.0
2020,LNG,111203820.0
2020,CGC,111154140.0
2020,AWK,111123623.0
2020,FIVN,111117376.0
2020,LIVN,111097435.0
2020,SHYG,110847867.0
2020,VIR,110833926.0
2020,VFH,110699037.0
2020,AME,110696998.0
2020,RARE,110649112.0
2020,ADS,110561062.5
2020,TDY,110290679.0
2020,CACC,110257965.5
2020,TEVA,110194157.0
2020,BSIG,110153371.0
2020,WSM,110107240.5
2020,GLPI,110069447.0
2020,PCAR,109831329.0
2020,IOO,109749383.0
2020,SONO,109731541.0
2020,DNR,109483501.0
2020,WWD,109467193.0
2020,AEE,109272667.0
2020,VGIT,109049016.5
2020,HSBC,109034404.0
2020,BWA,108971540.0
2020,TWOU,108963028.5
2020,CTL,108832936.0
2020,DXD,108793283.0
2020,VNO,108745422.0
2020,STMP,108541698.0
2020,LITE,108534593.0
2020,GMAB,108463025.0
2020,AXSM,108442654.0
2020,PPD,108413375.0
2020,MOH,108327679.0
2020,HPP,108270799.0
2020,CCC,108262545.0
2020,G,108217085.0
2020,IGT,108170817.0
2020,SPIB,108155657.0
2020,REYN,108155064.0
2020,DUST,108154804.5
2020,STOR,108074317.5
2020,SPSB,107913672.0
2020,ALSN,107828290.0
2020,FIVE,107613321.0
2020,RLMD,107578894.0
2020,PAYS,107571821.0
2020,AES,107430512.0
2020,IRBT,107319957.0
2020,BBD,107302961.5
2020,CBRE,107215639.0
2020,CBRE,107215639.0
2020,SLG,107142393.0
2020,UUP,107018129.0
2020,CTLT,106857208.0
2020,ACI,106829553.0
2020,RHP,106829061.5
2020,MOMO,106735051.0
2020,VOE,106700060.0
2020,EB,106698518.0
2020,OIH,106506805.5
2020,PSTG,106457595.5
2020,DKS,106447037.0
2020,AMCR,106372246.0
2020,SUB,106301362.0
2020,CLGX,106236186.5
2020,ABMD,106235400.0
2020,CLDX,106112204.5
2020,CRON,106087150.5
2020,ARCE,106084424.0
2020,NHI,105940478.0
2020,STAA,105895858.5
2020,ZION,105887580.0
2020,NEWR,105880341.0
2020,LEA,105702310.0
2020,CUBE,105680709.0
2020,COLD,105603442.0
2020,CDLX,105585932.0
2020,PAGS,105478711.0
2020,PRFZ,105471831.0
2020,CREE,105431879.0
2020,INFY,105326337.0
2020,DVN,105325073.5
2020,NSP,105289291.0
2020,EPAM,105279878.0
2020,MLCO,105202712.0
2020,SOXS,105199013.0
2020,TRIP,105189549.0
2020,COR,105093285.0
2020,NTAP,104922786.0
2020,DISCK,104888630.5
2020,GWW,104874976.0
2020,TREX,104871165.0
2020,FMCI,104830798.5
2020,SUI,104824419.0
2020,SMLF,104790386.0
2020,VNET,104699986.0
2020,RSX,104688083.0
2020,CONE,104650217.5
2020,SPLG,104615434.0
2020,BB,104614068.0
2020,AMH,104590757.0
2020,HDS,104584760.0
2020,CRBN,104361320.0
2020,WPM,104342732.0
2020,LDOS,104305112.5
2020,POST,104151834.0
2020,XPO,104093030.0
2020,IWO,104060595.0
2020,CNQ,103969594.0
2020,AIV,103922982.5
2020,OSTK,103922423.0
2020,FRG,103891511.0
2020,FRG,103891511.0
2020,EAT,103820896.5
2020,MRTX,103622504.0
2020,VIPS,103602098.0
2020,VER,103584538.0
2020,EWA,103572185.0
2020,PD,103521507.0
2020,AAXJ,103401155.0
2020,NOV,103355480.0
2020,ADVM,103300846.0
2020,PFGC,103290941.5
2020,HTHT,103263204.0
2020,PRSP,103249787.5
2020,TRU,103225565.0
2020,TWST,103183930.0
2020,ASHR,103141956.0
2020,VAL,103055085.5
2020,DOG,102880528.5
2020,VSS,102839620.0
2020,OI,102835412.0
2020,PRNB,102791414.0
2020,ELAN,102753550.5
2020,FRO,102654498.5
2020,MTD,102639486.0
2020,QLTA,102630213.0
2020,XHB,102598008.5
2020,BRX,102566565.5
2020,VXF,102441697.0
2020,CRSP,102394953.0
2020,BGS,102372704.0
2020,CHD,102212527.0
2020,SAP,102193590.0
2020,SRTY,102135719.5
2020,GNRC,102120689.0
2020,EQH,102112105.5
2020,ERX,102100461.0
2020,CPB,101970548.0
2020,USLV,101950583.5
2020,WSO,101922488.0
2020,ARKK,101885747.0
2020,VCLT,101861267.0
2020,CGNX,101825094.0
2020,BHC,101800801.5
2020,MTUM,101789224.5
2020,GSAH.U,101754278.0
2020,YETI,101719047.0
2020,SHAK,101707655.0
2020,DISCA,101640569.0
2020,CODX,101591628.0
2020,TPX,101575583.0
2020,HEXO,101476419.0
2020,ACB,101429687.0
2020,EWI,101347991.0
2020,VG,101290394.0
2020,JKHY,101267907.5
2020,CUZ,101198785.0
2020,RSG,101197762.0
2020,AMRN,101167316.0
2020,EPR,101139871.0
2020,ATO,101118241.0
2020,LW,101089556.0
2020,BIG,101049955.0
2020,SNE,101041587.5
2020,HP,101019989.0
2020,LM,101006593.0
2020,IIPR,100987270.0
2020,KNX,100968218.0
2020,MRCY,100906938.0
2020,VDC,100890433.0
2020,IWV,100849209.5
2020,KDP,100828493.0
2020,GBIO,100826849.0
2020,ATH,100754917.0
2020,STLD,100710305.0
2020,HTA,100705556.0
2020,HTA,100705556.0
2020,CTIB,100702246.0
2020,PK,100647526.5
2020,DADA,100573630.0
2020,CIT,100475005.0
2020,HUBB,100424159.0
2020,VICR,100421254.0
2020,BIV,100287416.5
2020,USFD,100264201.5
2020,FICO,100185218.0
2020,BLMN,100134438.0
2020,ABM,100086346.0
2020,CRI,100068734.5
2020,RL,100052038.0
2020,SFIX,99995935.0
2020,SKT,99923864.0
2020,AVTR,99807312.0
2020,SDY,99795789.0
2020,DVA,99703581.0
2020,OPK,99686623.0
2020,NUAN,99548833.0
2020,CLNY,99426553.0
2020,CLNY,99426553.0
2020,PII,99416921.5
2020,CP,99302589.0
2020,ENB,99266682.0
2020,ATR,99220353.0
2020,TECD,99192647.0
2020,UTHR,99179837.0
2020,NBIX,99121667.0
2020,AMED,99048580.0
2020,SNX,99033860.0
2020,SNY,98966029.0
2020,EBND,98870043.0
2020,PBR.A,98797563.5
2020,SWBI,98782810.0
2020,SWBI,98782810.0
2020,COG,98671712.0
2020,AER,98662271.0
2020,REXR,98653830.0
2020,XSPA,98644828.0
2020,OVV,98559044.0
2020,OVV,98559044.0
2020,VTEB,98533014.0
2020,HIW,98526152.0
2020,ITA,98502263.0
2020,EVBG,98475500.0
2020,EHC,98309617.0
2020,BBGI,98098431.0
2020,ERIC,98086311.0
2020,VRT,98058591.5
2020,VRT,98058591.5
2020,ZYXI,98044138.5
2020,PE,98030391.0
2020,SCHH,97953662.0
2020,SIX,97938576.0
2020,TRGP,97888409.0
2020,SSYS,97818042.0
2020,HAIN,97775758.0
2020,TECB,97652921.0
2020,HDB,97622255.0
2020,AZPN,97611413.0
2020,RE,97551517.5
2020,WRTC,97506002.0
2020,SHO,97455194.0
2020,FTCH,97232087.0
2020,RS,97164302.5
2020,BR,97069638.0
2020,ACTT,97050575.5
2020,KPTI,96989077.5
2020,URTY,96972781.5
2020,EWC,96946630.0
2020,HSIC,96931479.0
2020,BHP,96772175.0
2020,MUR,96623373.0
2020,WAB,96618627.5
2020,AWI,96537023.0
2020,MGI,96527649.0
2020,IWR,96499558.5
2020,ST,96472223.5
2020,HBI,96338593.5
2020,TOPS,96281584.0
2020,ABEV,96265544.5
2020,HOG,96238206.0
2020,EWU,96225730.5
2020,FTSM,96222207.0
2020,NBL,96221649.0
2020,IOVA,96191181.0
2020,IOVA,96191181.0
2020,MYOK,96078880.5
2020,AYI,96063086.0
2020,ISTB,95990132.0
2020,AVCT,95972728.0
2020,AA,95968534.0
2020,CWB,95894559.5
2020,KBWB,95881020.0
2020,GRMN,95716163.0
2020,IVZ,95632423.0
2020,NRG,95599439.0
2020,ACM,95501969.5
2020,TOT,95487878.0
2020,DECK,95470426.0
2020,JBHT,95388060.5
2020,ESNT,95386747.0
2020,CXW,95148937.0
2020,TD,94995762.0
2020,MTN,94909798.0
2020,LAMR,94840654.0
2020,VGSH,94782065.0
2020,SPDW,94733693.5
2020,EXPD,94727074.0
2020,SCO,94627372.5
2020,IIVI,94592524.5
2020,SWN,94498669.0
2020,AEO,94470052.5
2020,GMED,94460902.0
2020,BOX,94458193.5
2020,SCHO,94446605.0
2020,PFPT,94446098.0
2020,CIEN,94432846.0
2020,PDSB,94410630.0
2020,ADAP,94380169.0
2020,QTS,94356783.0
2020,CNNE,94290935.0
2020,TXT,94189215.0
2020,TOL,94106003.5
2020,IPGP,94064781.0
2020,PBCT,93966866.5
2020,DGRO,93950360.0
2020,VDE,93848412.0
2020,TNDM,93829415.5
2020,CBOE,93747612.0
2020,PCVX,93743618.0
2020,PSXP,93729180.0
2020,OEF,93649506.5
2020,OVID,93608956.0
2020,SU,93542950.0
2020,VAR,93525053.0
2020,WB,93457269.0
2020,CVE,93444612.0
2020,PAAS,93412962.0
2020,NVR,93359386.0
2020,WH,93253555.0
2020,IYT,93181972.0
2020,IMMU,93169442.0
2020,FVD,93125293.5
2020,ARMK,93104444.0
2020,ARES,92948762.0
2020,ROL,92935056.5
2020,RGEN,92895972.0
2020,CHNG,92878307.0
2020,TFX,92872921.0
2020,DXC,92851648.0
2020,APO,92796810.0
2020,NYCB,92791229.0
2020,EFAV,92611039.0
2020,H,92593844.5
2020,HRL,92580512.0
2020,CLR,92580135.0
2020,FTI,92568405.0
2020,DVY,92567856.0
2020,EMLC,92524074.0
2020,EWL,92512198.5
2020,VST,92479282.0
2020,DEI,92479194.5
2020,MHK,92454920.0
2020,PKI,92453092.0
2020,SLAB,92333425.0
2020,UHS,92296371.0
2020,AL,92255019.0
2020,AU,92237581.0
2020,SPYV,92234772.0
2020,RHI,92194752.0
2020,RY,92156288.0
2020,IXUS,92074065.0
2020,GH,92049584.0
2020,NKLAW,91998405.0
2020,IP,91955955.0
2020,ING,91943111.0
2020,FLIR,91891746.0
2020,AUDC,91837704.0
2020,SAM,91795992.0
2020,CLB,91666868.0
2020,BBL,91652597.0
2020,HUGE,91645156.0
2020,GLOB,91617233.0
2020,MUSA,91537415.5
2020,HUYA,91481662.0
2020,THS,91452239.0
2020,KOMP,91428303.0
2020,MAA,91407399.5
2020,VOD,91401159.0
2020,CPRI,91374780.0
2020,MFC,91301068.0
2020,CDEV,91190723.0
2020,CMA,91128466.0
2020,KIM,91107797.5
2020,SCHG,91080559.0
2020,BZUN,90986868.0
2020,CRL,90946059.5
2020,PBF,90940564.0
2020,RWT,90912210.0
2020,AXTA,90884759.0
2020,AUY,90870929.0
2020,DIN,90760947.0
2020,SIVB,90618152.5
2020,NTLA,90615921.0
2020,MCEP,90595683.0
2020,VBIV,90572684.0
2020,PLRX,90377369.0
2020,CLF,90289038.5
2020,PNW,90287098.0
2020,CNST,90284581.5
2020,WCC,90269359.0
2020,REM,89968045.0
2020,FDS,89912506.0
2020,DOV,89885212.0
2020,BAH,89880588.0
2020,AEM,89835200.0
2020,TXRH,89745190.0
2020,FBHS,89701020.0
2020,OUT,89681657.5
2020,LKQ,89681105.0
2020,ESRT,89630028.0
2020,NNN,89534627.0
2020,LBRDK,89534550.0
2020,DVAX,89483988.0
2020,EXR,89417531.0
2020,FLEX,89408745.5
2020,VVV,89394554.0
2020,UAA,89336385.5
2020,NNDM,89318447.0
2020,UDR,89295433.5
2020,BJ,89287288.5
2020,TPR,89224035.0
2020,NE,89183487.0
2020,EEFT,89180529.5
2020,IWS,89178849.5
2020,ICSH,89085668.0
2020,BAP,88982579.0
2020,GT,88903803.0
2020,HXL,88861205.0
2020,NYT,88808875.5
2020,GKOS,88701869.5
2020,ACAD,88654180.0
2020,SIG,88639650.0
2020,ADC,88626121.0
2020,GNMK,88604674.0
2020,DRIP,88597179.5
2020,WGO,88422731.0
2020,HYD,88404167.0
2020,NVO,88313187.0
2020,CLSK,88293266.0
2020,IPG,88275479.0
2020,AFG,88163663.0
2020,GWRE,88104137.5
2020,NDAQ,87993486.0
2020,CHKP,87945750.5
2020,SERV,87867660.0
2020,FSLR,87848784.5
2020,STE,87798641.5
2020,CLSN,87762602.0
2020,LNC,87598864.0
2020,DRE,87550146.0
2020,LOGM,87420816.5
2020,CF,87410349.0
2020,DDM,87345288.0
2020,ILF,87323168.5
2020,LGND,87290823.5
2020,XOG,87284713.0
2020,PRGO,87210257.5
2020,APPN,87200252.0
2020,IAA,87109145.0
2020,TWM,87098094.0
2020,SLYV,87067506.0
2020,CCK,87050022.0
2020,BEN,86863038.0
2020,MPWR,86861685.0
2020,EQT,86837305.0
2020,CNI,86767568.0
2020,GNTX,86757932.0
2020,EHTH,86688699.0
2020,IYW,86673592.5
2020,NBR,86623126.0
2020,SBNY,86619463.5
2020,KRC,86595761.0
2020,CNX,86584238.0
2020,CE,86574312.0
2020,CABO,86527623.0
2020,HRC,86520940.5
2020,MYOV,86465913.5
2020,BKI,86431377.0
2020,BKI,86431377.0
2020,NUE,86365191.5
2020,FFIV,86353959.0
2020,HAS,86337711.0
2020,POOL,86332436.0
2020,MPW,86324082.0
2020,PFG,86305331.0
2020,FWONK,86282507.0
2020,ALB,86279803.0
2020,AMC,86228346.5
2020,CNK,86039174.0
2020,FL,85995863.0
2020,ACWX,85746582.0
2020,AIA,85745519.0
2020,SSNC,85738320.0
2020,WING,85715515.0
2020,SPEM,85674977.0
2020,CHE,85670643.5
2020,ZBRA,85669559.0
2020,XME,85665111.0
2020,CINF,85592273.0
2020,AOS,85577082.0
2020,OHI,85491468.5
2020,NLSN,85354158.0
2020,FHN,85342671.5
2020,BERY,85334668.0
2020,ARWR,85243811.0
2020,XRAY,85207218.0
2020,CWH,85144996.5
2020,BG,85120065.0
2020,FCN,85030688.5
2020,BNS,85010477.0
2020,VIRT,84862691.0
2020,DXJ,84752561.5
2020,SPMD,84703833.0
2020,SRC,84631725.0
2020,HAE,84569046.0
2020,KWEB,84531236.5
2020,PTC,84494421.0
2020,MDLA,84492212.0
2020,XYL,84434587.0
2020,JDST,84331557.0
2020,ARGX,84328318.0
2020,CPT,84287947.0
2020,XP,84264039.0
2020,CPA,84263593.0
2020,CIM,84242130.5
2020,WRB,84220295.5
2020,IBN,84127420.0
2020,STM,83966184.5
2020,HLF,83851197.5
2020,J,83790370.0
2020,J,83790370.0
2020,FVRR,83762519.0
2020,NDSN,83752549.5
2020,JNPR,83735332.0
2020,GBIL,83704250.0
2020,UA,83687162.0
2020,NAIL,83680460.0
2020,PKG,83657818.0
2020,UNM,83482245.5
2020,ELS,83411514.0
2020,NTR,83392413.0
2020,LII,83322309.0
2020,EQNR,83269052.5
2020,IEX,83209023.5
2020,WHR,83099233.0
2020,PZZA,83058682.0
2020,LMFA,83058581.0
2020,BTI,83057372.5
2020,ATHM,83030579.0
2020,HFC,82908284.0
2020,XRF,82763799.0
2020,NUVA,82604512.0
2020,HECCU,82555386.0
2020,HEAR,82516166.0
2020,TFLO,82496507.0
2020,OLED,82481960.0
2020,IGOV,82466093.0
2020,PCTY,82451423.5
2020,VREX,82434483.0
2020,VV,82410678.0
2020,CEMI,82382062.0
2020,BMO,82367561.0
2020,HLNE,82362854.0
2020,TLRY,82308552.5
2020,BAM,82216929.0
2020,FRPT,82192891.5
2020,HWM,82191981.0
2020,HWM,82191981.0
2020,ACGL,82139353.0
2020,FEYE,82055073.0
2020,SEAS,81993135.0
2020,RGR,81982431.0
2020,TRMB,81897397.0
2020,SKX,81817451.0
2020,SAIC,81805907.0
2020,SPAB,81670464.0
2020,OC,81663705.0
2020,FND,81611194.5
2020,CCEP,81415214.0
2020,SWAV,81405826.0
2020,TRP,81359087.0
2020,CSL,81335637.5
2020,XRX,81333825.0
2020,DB,81291628.5
2020,LSXMK,81208321.0
2020,TW,81187279.0
2020,SMG,81135520.5
2020,IYH,81089689.0
2020,FMC,81079509.0
2020,ALGT,81046371.0
2020,PLCE,81012700.0
2020,SPSM,81011108.0
2020,NI,80932226.0
2020,GDOT,80894625.0
2020,ALC,80845291.0
2020,RLJ,80815750.0
2020,UL,80771477.0
2020,DEA,80769414.0
2020,CRUS,80756748.0
2020,KL,80737517.5
2020,AM,80701435.0
2020,PRVB,80692610.0
2020,LPLA,80692505.5
2020,BYD,80620531.0
2020,WCN,80605751.0
2020,OSUR,80513684.0
2020,TREB.U,80509018.0
2020,NVCR,80477876.0
2020,LOPE,80453609.0
2020,NTNX,80431881.0
2020,ENTG,80372842.0
2020,BRO,80287907.0
2020,STWD,80287074.0
2020,ARNA,80233221.0
2020,SRLN,80176686.0
2020,IT,80124800.0
2020,SECO,79937093.0
2020,LNT,79883573.0
2020,MGK,79862833.5
2020,MGNX,79791666.0
2020,IXJ,79790441.0
2020,AVY,79786588.0
2020,RCI,79758804.0
2020,MTG,79720106.0
2020,TKR,79407696.0
2020,FLTB,79335439.0
2020,AR,79263549.0
2020,SNA,79131251.0
2020,REG,79106392.0
2020,GFI,79048262.5
2020,CSII,79005671.0
2020,EMN,78941479.5
2020,BLUE,78914675.5
2020,VBR,78776116.0
2020,WMGI,78753394.0
2020,ACWV,78747525.0
2020,ARCC,78709856.0
2020,MANH,78709254.0
2020,NRZ,78565719.0
2020,MAN,78420236.0
2020,QLYS,78391579.0
2020,REAL,78335662.0
2020,WPX,78333058.5
2020,ICLR,78092582.0
2020,RPM,78039513.0
2020,EDIT,77829420.0
2020,GPC,77788939.0
2020,GLDM,77643388.5
2020,BC,77635847.5
2020,WRK,77613519.0
2020,NWL,77607523.0
2020,ABB,77591628.5
2020,NICE,77572755.0
2020,LBTYK,77437963.0
2020,FRT,77276954.5
2020,HDV,77226536.5
2020,EE,77201599.0
2020,FDN,77181850.0
2020,FXF,77179977.0
2020,IUSG,77094783.0
2020,MKL,76992361.5
2020,SSL,76848008.0
2020,WES,76799294.0
2020,ENR,76784301.0
2020,FGEN,76759206.0
2020,MPLX,76739442.0
2020,RDFN,76734483.5
2020,NUAG,76734156.0
2020,VRNT,76698603.0
2020,VOYA,76538936.0
2020,SIZE,76406487.0
2020,BF.B,76280640.0
2020,ISEE,76244841.0
2020,MKSI,76195748.0
2020,HEI,76134175.0
2020,PWR,75955818.0
2020,MMP,75595143.0
2020,TECH,75584380.0
2020,MT,75545159.0
2020,COOP,75538771.0
2020,SDGR,75432915.0
2020,IYE,75386547.0
2020,UWM,75363981.5
2020,LANC,75285972.0
2020,TECK,75244140.0
2020,IWP,75218425.0
2020,RGLD,75195737.0
2020,SPGM,75186466.0
2020,SPGM,75186466.0
2020,FLCB,75153247.0
2020,OSK,75058252.0
2020,ALLE,75018832.0
2020,FR,74861115.0
2020,AVT,74858044.0
2020,KBH,74726721.0
2020,CRNC,74713335.0
2020,NOVN,74617386.0
2020,THC,74574090.0
2020,IUSB,74516902.0
2020,GRPN,74498786.0
2020,PXF,74429162.0
2020,HII,74332870.0
2020,TENX,74272162.0
2020,DNKN,74083585.5
2020,FOLD,73928189.0
2020,GAN,73902498.0
2020,KC,73790296.0
2020,JBL,73746710.0
2020,SPHD,73745389.0
2020,IUSV,73521819.0
2020,QTWO,73453583.0
2020,UPWK,73387800.0
2020,EBS,73311623.0
2020,WEN,73260362.0
2020,SFM,73141566.0
2020,OGE,73096204.0
2020,XEC,73068849.0
2020,ARKW,73045328.0
2020,PING,73024768.0
2020,GBT,72895824.0
2020,NVST,72871747.0
2020,ANGL,72699954.0
2020,BRZU,72389416.0
2020,REGI,71924470.0
2020,CLTL,71417201.0
2020,WTRG,71239585.0
2020,HRB,71168944.0
2020,ITCI,70676346.0
2020,FAMI,70644157.0
2020,CARG,70546190.0
2020,BAND,70521759.0
2020,PAA,70312164.0
2020,CCJ,70298430.0
2020,ZGNX,69750175.0
2020,GNW,69209177.0
2020,CACI,69182010.0
2020,DOX,69178508.0
2020,COMM,69173513.5
2020,COMM,69173513.5
2020,GL,69136157.0
2020,SCHC,69127218.0
2020,AIZ,69066717.5
2020,MGP,69035743.0
2020,PLMR,68821704.0
2020,XAR,68737062.0
2020,KLIC,68675072.0
2020,ANGI,68641096.0
2020,MOS,68570831.0
2020,AOR,68529297.0
2020,CPK,68292493.0
2020,HALO,68277697.0
2020,PNR,68214675.0
2020,RP,67896248.0
2020,AN,67500279.0
2020,SWX,67276105.0
2020,AG,66882662.0
2020,LLNW,66812667.5
2020,IRTC,66800136.0
2020,SCHZ,66794351.0
2020,FLWS,66385466.0
2020,IONS,66321097.0
2020,INSG,66253499.0
2020,QGEN,66144446.0
2020,ENV,66128685.0
2020,REET,66117741.0
2020,SEIC,66042892.0
2020,MAXR,65692119.0
2020,NFIN,65231554.0
2020,MOAT,65212760.0
2020,BGNE,65052446.0
2020,JEF,64957748.0
2020,NGG,64492433.0
2020,MTZ,64404341.0
2020,ARKG,64160078.0
2020,ADPT,64008161.0
2020,ATI,63935955.0
2020,HUSV,63661067.0
2020,TOTL,63533458.0
2020,FSKR,62672614.0
2020,BCRX,62421466.0
2020,YELP,62329965.0
2020,WATT,61892242.0
2020,Y,61519743.0
2020,GEO,61337481.0
2020,DEO,60625945.0
2020,INGR,60374570.0
2020,MGA,60018183.0
2020,SGMO,59773281.0
2020,CYBR,59342164.0
2020,SAIA,59030060.0
2020,VIS,58821024.0
2020,AXS,58533396.0
2020,INSU,58182260.0
2021,SPY,19021241642.0
2021,TSLA,13791009144.0
2021,QQQ,10164490617.0
2021,AMC,9919150616.0
2021,AMZN,9446404247.0
2021,AAPL,8486383533.0
2021,NVDA,7128634613.0
2021,MSFT,5308889305.0
2021,FB,4780580638.0
2021,IWM,4553565450.0
2021,GOOG,2785458883.0
2021,GOOGL,2749350244.0
2021,BA,2596773195.0
2021,TQQQ,2450446551.0
2021,AMD,2316045563.0
2021,NIO,2264804418.0
2021,BABA,2215486330.0
2021,JPM,2028370249.0
2021,MRNA,1926082758.0
2021,TLT,1805394851.0
2021,SHOP,1770711005.0
2021,XLF,1751972099.0
2021,LQD,1618459871.0
2021,NFLX,1558517984.0
2021,EEM,1557864696.0
2021,SQ,1532839361.0
2021,BAC,1525538349.0
2021,WISH,1491248169.0
2021,ROKU,1475609459.0
2021,V,1461937927.0
2021,MU,1429847621.0
2021,XLE,1424016720.0
2021,IVV,1409501576.0
2021,HYG,1383109619.0
2021,PYPL,1381148453.0
2021,EFA,1328109169.0
2021,NOVN,1314752152.0
2021,CERE,1280382254.0
2021,C,1277218576.0
2021,MEDS,1265640010.0
2021,GLD,1238160685.0
2021,AEMD,1233462089.0
2021,GME,1229882359.0
2021,UNH,1227095943.0
2021,ABNB,1217426615.0
2021,CRM,1197761944.0
2021,PLTR,1186864019.0
2021,CUEN,1173809433.0
2021,XOM,1131729512.0
2021,INTC,1116117002.0
2021,F,1081488073.0
2021,XLI,1079218980.0
2021,VOO,1073561123.0
2021,ADBE,1028692157.0
2021,EWZ,1028343971.0
2021,MA,1021322664.0
2021,DIA,1009252362.0
2021,DIS,1004002176.0
2021,RBLX,989136537.0
2021,HD,984535269.0
2021,ZM,967764367.0
2021,BRK.B,949925569.0
2021,ENTX,946540101.0
2021,BSQR,936609864.5
2021,ARKK,923931544.0
2021,JNJ,922000852.0
2021,GS,917726340.0
2021,TSM,895632987.0
2021,SNOW,886057486.0
2021,CVX,885274267.0
2021,WFC,881797074.0
2021,XLV,874924601.0
2021,CRWD,870264053.0
2021,WMT,868480665.0
2021,QCOM,865476817.0
2021,PTON,858176047.0
2021,S,856830897.0
2021,AMAT,855564707.0
2021,GM,829305562.0
2021,TCF,824079269.5
2021,XLK,811197379.0
2021,MRK,810675789.0
2021,TMO,798778796.0
2021,PLUG,798777917.0
2021,ORCL,792312544.0
2021,SNAP,789697296.0
2021,SMH,787851316.0
2021,T,787040472.0
2021,COIN,787033805.0
2021,UBER,786029513.0
2021,CAT,784716313.0
2021,NKE,776398112.0
2021,CSCO,774606744.0
2021,XELA,771689659.0
2021,XELA,771689659.0
2021,SPCE,762037236.0
2021,VZ,755320341.0
2021,QVML,751414394.0
2021,BIDU,747930501.0
2021,PG,745579172.0
2021,ABT,738585710.0
2021,NVAX,724323217.0
2021,CCL,717895785.0
2021,FCX,714697341.0
2021,BIIB,713503530.0
2021,JD,710708648.0
2021,PDD,710054226.0
2021,CLOV,709416919.0
2021,UPST,707750449.0
2021,DOCU,702808055.0
2021,AVGO,685700297.0
2021,CMCSA,682890564.0
2021,SE,678391768.0
2021,XBI,677749980.0
2021,IYR,669390963.0
2021,DE,662361097.0
2021,APRE,654647459.0
2021,PFE,653405995.0
2021,AGG,647816469.0
2021,VTI,644814740.0
2021,RMED,638918627.0
2021,GE,638274022.0
2021,VIAC,636845277.0
2021,KO,632883101.0
2021,VXX,629674333.0
2021,GDX,624196323.0
2021,BEPC,622914837.0
2021,BEPC,622914837.0
2021,DHR,618557804.0
2021,JNK,617331106.0
2021,COST,615025151.0
2021,ANY,614270463.0
2021,FDX,613693769.0
2021,TWLO,610099221.0
2021,GERN,609085427.0
2021,XPEV,607153116.0
2021,CLF,605409878.0
2021,MS,604803261.0
2021,UAL,603581467.0
2021,XLU,600810126.0
2021,IEF,599809852.0
2021,TWTR,599032902.0
2021,FXI,597323753.0
2021,PEP,590797426.0
2021,VALE,586127344.0
2021,X,585369198.0
2021,BRK.A,582385320.0
2021,NOW,579290397.0
2021,XOP,574646978.0
2021,LOW,573750107.0
2021,PINS,572144179.0
2021,INTU,571786309.0
2021,TXN,570292964.0
2021,XLP,568872408.0
2021,DKNG,562769575.0
2021,DKNG,562769575.0
2021,MRIN,562191957.0
2021,TGT,562114406.0
2021,BKNG,558251782.0
2021,SQQQ,556669674.0
2021,LRCX,553035096.0
2021,KRE,551595474.0
2021,XLY,549586091.0
2021,MSTR,547133352.0
2021,BB,544811324.0
2021,TNA,544729470.0
2021,UPS,544674337.0
2021,LLY,536660223.0
2021,BMY,532181123.0
2021,IEFA,531840339.0
2021,FUTU,530399234.0
2021,AAL,528245018.0
2021,IEMG,528192537.0
2021,SPGI,521627305.0
2021,XLB,519469755.0
2021,CHTR,515293653.0
2021,SCHW,513920365.0
2021,BLIN,512599861.0
2021,TRCH,511349847.5
2021,MELI,509182872.0
2021,UNP,507161646.0
2021,COF,506034641.0
2021,EQIX,505904536.0
2021,IBM,502904092.0
2021,SOXL,502245558.0
2021,ACN,499214055.0
2021,MDT,497923939.0
2021,AMGN,491031937.0
2021,LIN,482732293.0
2021,NEE,478962083.0
2021,EPP,476176600.0
2021,DASH,476149616.0
2021,ALF,475507979.0
2021,OXY,470832239.0
2021,LZ,466938001.0
2021,BCTX,466220032.5
2021,COP,464217287.0
2021,TMUS,461968701.0
2021,SLV,458633439.0
2021,MCD,455637893.0
2021,BLK,455377427.0
2021,FISV,453658795.0
2021,VRTX,452718513.0
2021,ETSY,451741381.0
2021,ABBV,450609168.0
2021,SPXL,449246857.0
2021,TAL,447341932.0
2021,BNTX,445270130.0
2021,MPLN,437524456.0
2021,TLRY,436459039.0
2021,RCON,432774664.5
2021,UVXY,432702150.0
2021,PXD,430487196.0
2021,CI,427500253.0
2021,SBUX,427277447.0
2021,NCLH,424696933.0
2021,IBB,423761734.0
2021,PM,423398113.0
2021,HON,422408304.0
2021,LI,420009240.0
2021,TTD,418191039.0
2021,FRPT,416578225.0
2021,MDY,416213813.0
2021,RTX,414215488.0
2021,TJX,412804362.0
2021,DAL,409683121.0
2021,BYND,409319659.0
2021,BND,407482450.0
2021,GILD,405997378.0
2021,PBR,403600014.0
2021,ATVI,402767273.0
2021,NXPI,401583380.0
2021,ADI,401534081.0
2021,REGN,400466646.0
2021,APLE,399933886.0
2021,EBAY,399881566.0
2021,AXP,394216243.0
2021,VNQ,393073667.0
2021,VWO,392708486.0
2021,XMTR,389080704.0
2021,IAU,388363636.0
2021,ENPH,388082617.0
2021,CMG,386365949.0
2021,MRVL,384885416.0
2021,CBT,381086323.0
2021,CVS,379755141.0
2021,AMT,378603920.0
2021,EQC,377810417.0
2021,ISRG,376933906.0
2021,ASML,376499509.0
2021,BX,376398653.0
2021,HP,374660739.0
2021,MPC,373896716.0
2021,TDOC,371268033.0
2021,USCR,370949251.0
2021,IWD,370408105.0
2021,AON,370124319.0
2021,OKTA,368908395.0
2021,AGIO,365720520.0
2021,LMT,365053157.0
2021,EMB,362729518.0
2021,CVNA,361008245.0
2021,EWJ,357256891.0
2021,NEM,352980219.0
2021,YOU,352311960.0
2021,ZS,351597678.0
2021,VEA,351302830.0
2021,WKHS,350125434.0
2021,TDS,346182064.0
2021,IVLU,344369871.0
2021,WINT,343169335.0
2021,LVS,342492677.0
2021,SLB,339553789.0
2021,NEXT,339483773.5
2021,RIOT,339045998.0
2021,PETS,338980986.5
2021,SF,338355325.5
2021,ANTM,337906167.0
2021,TIP,336188871.0
2021,CSX,334675930.0
2021,BDX,334586481.0
2021,LMBS,333231042.5
2021,JHG,332950654.0
2021,MMM,332792489.0
2021,MOXC,331608032.0
2021,DG,330582981.0
2021,LUV,330365710.0
2021,VTV,330149702.0
2021,CSTM,330051066.0
2021,FIS,326800530.0
2021,RSP,326678832.0
2021,SOXX,326039449.0
2021,AQN,323490025.5
2021,ORPH,321548709.0
2021,U,321243787.0
2021,ADSK,320645762.0
2021,IHF,320405531.0
2021,AZN,320111256.0
2021,BILI,318521872.0
2021,LPRO,318125517.0
2021,LULU,317539882.0
2021,KTOS,316625812.0
2021,QS,315987246.0
2021,MDLZ,315530289.0
2021,TFC,315528517.0
2021,USB,315249746.0
2021,EXPE,314723892.0
2021,ICE,314698050.0
2021,NSC,313455099.0
2021,HTBX,311856895.0
2021,ATHA,311651330.0
2021,NET,309941753.0
2021,MARA,309255422.0
2021,KIE,308317576.0
2021,SPOT,307759368.0
2021,IGV,306128827.0
2021,HUM,305616555.0
2021,PLD,305523162.0
2021,SPLK,304826888.0
2021,IJR,304329480.0
2021,AUUD,304297178.0
2021,UPRO,303685632.0
2021,THS,302560021.0
2021,CHWY,302515603.0
2021,MTCH,302318960.0
2021,ALKS,301926673.0
2021,WDAY,301407723.0
2021,TWOU,300754652.0
2021,ENR,298364465.0
2021,BDN,297056949.0
2021,Z,296694016.0
2021,W,296154541.0
2021,ALGN,295995693.0
2021,FUBO,294798905.0
2021,SHW,294544708.0
2021,KMB,293190697.0
2021,EOG,292607429.0
2021,DVN,291031372.0
2021,MDB,290675398.0
2021,MTP,290593133.0
2021,BLV,290426517.0
2021,ASB,287458048.0
2021,ASB,287458048.0
2021,KR,287233645.0
2021,DLTR,286920658.0
2021,OIH,286902910.0
2021,RUN,286859806.0
2021,OAS,286191857.0
2021,EL,285516739.0
2021,RH,285358925.0
2021,GTT,282333681.0
2021,DHI,281110038.0
2021,VLO,280937601.0
2021,SYKE,280797771.0
2021,GNRC,280433435.0
2021,CCIV,280144083.0
2021,SPG,279522988.0
2021,BP,279091644.0
2021,AEI,279034067.5
2021,APOP,278999943.0
2021,RCL,278238896.0
2021,CL,277749773.0
2021,CLGX,277299680.0
2021,NUE,276834968.0
2021,PENN,276731877.0
2021,ALT,276030567.0
2021,PEJ,275481791.0
2021,MET,274477892.0
2021,SKLZ,273698349.0
2021,IJH,272175173.0
2021,HPQ,271350910.0
2021,CZR,271054130.0
2021,GRUB,270650177.5
2021,TEAM,270545886.0
2021,CB,270361651.0
2021,DXCM,268806798.0
2021,WYNN,268704357.0
2021,PANW,268595248.0
2021,SYF,268529917.0
2021,HBAN,268421555.0
2021,CLNE,268269286.5
2021,GSLC,268046701.0
2021,COUP,267827069.0
2021,EAF,267702768.0
2021,OCGN,265871447.0
2021,RETA,265654327.0
2021,GDXJ,265142193.0
2021,MO,264719818.0
2021,RNG,264330731.0
2021,XLC,264237533.0
2021,GMAB,264101567.0
2021,WLL,263199644.0
2021,ALXN,261855450.0
2021,ILMN,261643099.0
2021,DUK,261631873.0
2021,LHX,261448487.0
2021,IFBD,261267817.0
2021,BRQS,261259693.0
2021,ADP,260799600.0
2021,PSX,260635854.0
2021,IWF,260239575.0
2021,ZTS,258699275.0
2021,CCI,258410834.0
2021,EA,257625362.0
2021,MAR,257377500.0
2021,NOC,257112362.0
2021,GPN,256383983.0
2021,UNFI,256367648.0
2021,PH,256329693.0
2021,CLSD,256258053.5
2021,PNC,256216488.0
2021,NUAN,255993043.0
2021,WLTW,255182856.0
2021,JCI,253710702.0
2021,EDU,253619428.0
2021,HAE,253357587.0
2021,CLVS,253111370.0
2021,PGR,252876412.0
2021,APD,249726439.0
2021,GOLD,249490594.0
2021,NUS,249343843.0
2021,VGK,248659346.0
2021,OCUP,248487692.0
2021,OCUP,248487692.0
2021,ROK,248193802.0
2021,LEN,248096432.0
2021,LB,247901137.0
2021,TIGR,247767601.0
2021,ROST,247621489.0
2021,TRN,247388645.0
2021,CRC,247129770.5
2021,BSX,246295190.0
2021,KLAC,246041538.0
2021,IQV,243698555.0
2021,IQV,243698555.0
2021,ITUB,243332352.0
2021,INFO,242540915.0
2021,URI,242504586.0
2021,AZO,242470634.0
2021,SDY,241647494.0
2021,DBGI,240566092.5
2021,GHC,239979332.0
2021,GBR,239686774.0
2021,PATH,239557020.0
2021,LYFT,239436389.0
2021,SRE,237639472.0
2021,O,237494494.0
2021,DOW,237296389.0
2021,M,237050925.0
2021,ASTS,236773169.0
2021,MRO,236708797.0
2021,LAMR,236398955.0
2021,GRVI,236391064.0
2021,KMI,235608020.0
2021,VTNR,235111385.0
2021,OM,234613964.0
2021,INO,233960431.0
2021,IWN,233676314.0
2021,MCHI,232919968.0
2021,ARKG,232765361.0
2021,DOCS,231831721.0
2021,HCA,231790942.0
2021,CTSH,231734556.0
2021,MMC,231657052.0
2021,VCIT,231340696.0
2021,AI,231153600.0
2021,NARI,230653384.0
2021,ACWI,230427354.0
2021,DLR,229422763.0
2021,EWY,229286937.0
2021,STM,228931577.0
2021,TASK,228550922.0
2021,LDL,228176814.0
2021,LGF.B,226187465.0
2021,VIPS,225831926.0
2021,IYW,225021475.0
2021,LOTZ,222542329.5
2021,UTME,221977879.0
2021,CLX,221910011.0
2021,MCHP,221822818.0
2021,NEGG,221796231.0
2021,NNOX,221543002.0
2021,AEP,221329631.0
2021,BBY,220397051.0
2021,D,219982266.0
2021,GIS,219978314.0
2021,DPZ,219768441.0
2021,TTWO,219641933.0
2021,IJS,218418296.0
2021,GSAT,218117857.0
2021,DDOG,218105632.0
2021,XSOE,218096087.0
2021,DNMR,218002566.5
2021,ESRT,217865492.0
2021,TPTX,217758093.0
2021,MCW,216240452.5
2021,BHG,215951623.0
2021,ETN,215554207.0
2021,ORLY,215503175.0
2021,CNC,214966425.0
2021,BLI,214848654.0
2021,USO,214415320.0
2021,AA,214196343.0
2021,EDIT,213405684.0
2021,SWKS,213181205.0
2021,VCSH,212758324.0
2021,SO,212485860.0
2021,SPAB,212433057.0
2021,ULTA,212165465.0
2021,SYK,212131274.0
2021,ZBH,211739018.0
2021,RAD,211541293.0
2021,ARES,211472731.0
2021,DRI,211234520.0
2021,FROG,210875580.0
2021,CMI,209939143.0
2021,OUT,209938979.0
2021,NDSN,209771991.0
2021,AHT,209699755.0
2021,DFS,208827586.0
2021,CME,208529213.0
2021,TZA,208255641.0
2021,EMR,208042508.0
2021,WDC,207666160.0
2021,FLT,207612265.5
2021,TSP,207432084.0
2021,MCK,206843152.0
2021,NTES,206783213.0
2021,VZIO,206628423.0
2021,FTV,206573714.0
2021,KSU,206222357.0
2021,BEKE,206115321.0
2021,EW,206050351.0
2021,FAS,205663162.0
2021,APTV,205594974.0
2021,CERN,205479422.0
2021,DISCA,204567185.0
2021,XRT,202916281.0
2021,HRB,202866983.0
2021,GOEV,202786019.0
2021,GOEV,202786019.0
2021,WEI,200841294.0
2021,HLT,200552247.0
2021,QVMM,200463651.0
2021,HYEM,200035758.0
2021,AGZ,199930710.0
2021,FSR,199308607.0
2021,FSLY,198975063.0
2021,GLW,197860236.0
2021,FANG,197727269.0
2021,SVC,197498233.0
2021,QTS,197196097.0
2021,KIN,196977725.0
2021,IKNX,196843106.5
2021,INMD,196346808.0
2021,BAX,195824000.0
2021,BBBY,195534977.0
2021,KTB,195083410.0
2021,ECL,194950084.0
2021,TDG,194381834.0
2021,KDP,193787299.0
2021,GD,193529231.0
2021,CARR,193342187.0
2021,CARR,193342187.0
2021,MGM,193297946.0
2021,STZ,192596153.0
2021,RDS.A,192570783.0
2021,QDEL,191956581.0
2021,CLOVW,191779359.0
2021,VUG,191258869.0
2021,OSMT,190684345.0
2021,RXN,190371265.0
2021,MDLY,190249033.0
2021,KWEB,189897232.0
2021,CSGP,189248487.0
2021,PSA,188811902.0
2021,SAM,188809209.0
2021,TKAT,188727540.0
2021,JCOM,188656883.0
2021,STX,188471183.0
2021,DELL,188319841.0
2021,XME,188282029.0
2021,MSCI,187353031.0
2021,DQ,186760800.0
2021,WMB,186727187.0
2021,SIVB,186679342.0
2021,HUBS,186539293.0
2021,CSIQ,186384620.0
2021,ITW,186294432.0
2021,SCHE,186126378.0
2021,WY,185642421.0
2021,SIG,185429783.0
2021,SHLS,185001417.0
2021,IWV,184777521.0
2021,USMV,184665272.0
2021,ACAD,184559527.5
2021,ALL,184321462.0
2021,CHPT,184229594.0
2021,LTHM,184224710.0
2021,NKLA,183675042.0
2021,ITB,183374833.0
2021,OPEN,183315195.0
2021,FTCH,182309280.0
2021,RAPT,181911608.0
2021,AFRM,181816117.0
2021,ON,181789141.0
2021,BK,181773418.0
2021,KHC,181149628.0
2021,CFLT,180991435.0
2021,EXC,180798065.0
2021,PGRE,180763255.0
2021,SPDW,180735571.5
2021,BEAM,180701702.0
2021,SBAC,180568408.0
2021,VXUS,180342549.0
2021,TT,180258426.0
2021,VEEV,179697223.0
2021,LEDS,179456533.0
2021,IDXX,179206030.0
2021,AVB,178836082.0
2021,SWBI,178834594.0
2021,SWBI,178834594.0
2021,CMS,178695476.0
2021,SAGE,178026672.5
2021,ALLY,177982955.0
2021,KOSS,177845537.0
2021,SHY,177753202.0
2021,CFG,177728543.0
2021,WKME,177690976.0
2021,LBRDK,177512807.0
2021,VINO,177441849.0
2021,XLNX,177282139.0
2021,FTNT,177133349.0
2021,MVIS,176603792.0
2021,FCEL,176465576.0
2021,ASAN,176012220.0
2021,HAL,175551322.0
2021,SSYS,175164891.0
2021,WBA,174683800.0
2021,GTLS,174373784.0
2021,CGNT,174089316.0
2021,CGNT,174089316.0
2021,CLDX,173962440.0
2021,A,173825565.0
2021,WORK,173309611.0
2021,APPS,173083020.0
2021,IAS,172907788.0
2021,RIO,172881896.5
2021,VERB,172641461.0
2021,IUSG,171525778.0
2021,KSS,171446558.0
2021,MQ,171338503.0
2021,SVXY,171306198.5
2021,XHB,171292632.0
2021,NLY,170959853.0
2021,IAI,170736149.0
2021,ATOS,170641630.5
2021,UTZ,170580593.0
2021,UTZ,170580593.0
2021,ATAI,170576480.0
2021,MCO,170372960.0
2021,MXIM,170147252.0
2021,CDNS,169627934.0
2021,IVR,169627207.0
2021,YUM,169552379.0
2021,SENS,169528182.0
2021,GL,169179120.0
2021,SPYG,169123699.0
2021,TWO,169107891.0
2021,VHT,169023734.0
2021,ROP,167637887.0
2021,LH,167595455.0
2021,KKR,167437449.0
2021,DKS,167085992.0
2021,BKLN,166864410.0
2021,DNLI,166841595.5
2021,OGN,166727668.5
2021,CXW,166657875.0
2021,SNPS,166473497.0
2021,SPTS,166261998.0
2021,HES,164978700.0
2021,PRU,164586640.0
2021,SOFI,163736507.0
2021,SAIL,163709189.0
2021,AFL,163690312.0
2021,LABU,163619295.0
2021,GOTU,163592803.5
2021,LMND,163537948.0
2021,FA,163507517.0
2021,SAVA,163385353.0
2021,SPMD,163284633.0
2021,VDC,163041564.0
2021,XPO,162861460.0
2021,SWK,162810035.0
2021,CRIS,162387378.0
2021,PKW,162379220.5
2021,ANPC,162305169.0
2021,TROW,161936053.0
2021,TEL,161425515.0
2021,BILL,161358670.0
2021,CNI,160965693.0
2021,EZU,160598224.0
2021,CNST,160349410.5
2021,ODFL,160132539.0
2021,IHRT,159941717.0
2021,WELL,159837999.0
2021,EQR,159741120.0
2021,MXI,159700256.0
2021,GPS,159544421.0
2021,HUBB,159278934.0
2021,LYB,158928267.0
2021,BKR,158754577.0
2021,RCII,158727645.0
2021,VXRT,158362374.5
2021,PFPT,158031487.0
2021,MNST,158009504.0
2021,AVAV,157763390.0
2021,AAP,157605194.0
2021,AVXL,157563591.0
2021,DPW,157277794.0
2021,DPW,157277794.0
2021,SKIN,157235228.0
2021,ARVN,157221294.0
2021,SEDG,157097178.0
2021,STL,156745497.0
2021,TXG,156738622.0
2021,GLOB,156597178.0
2021,EWT,156425628.0
2021,FITB,156425531.0
2021,TFI,156334012.0
2021,TER,156235913.0
2021,VIG,156215638.0
2021,WIX,155924852.0
2021,XRX,155815896.0
2021,FSLR,155786405.5
2021,MTD,155724410.0
2021,BLL,155036125.0
2021,IT,154912903.0
2021,CNVY,154871184.0
2021,DIBS,154587477.0
2021,RAVN,153805767.0
2021,MDYV,153790038.0
2021,AIG,153462596.0
2021,SNDL,153370107.0
2021,XLRE,153348472.0
2021,NXST,153316039.0
2021,EXAS,152997903.0
2021,XSW,152783055.0
2021,PDCO,152707034.5
2021,SYY,152408090.0
2021,QRVO,152395171.0
2021,ONEM,152264791.0
2021,APH,151914745.0
2021,ARE,151879772.0
2021,STT,151813075.0
2021,LPX,151773902.0
2021,FLQL,151564224.0
2021,XEL,151558969.0
2021,GUSH,151427473.0
2021,VMW,151331010.0
2021,AGL,151321413.0
2021,MOS,151299056.0
2021,BGS,151171525.0
2021,MDLA,151024671.0
2021,MANH,150938889.0
2021,IRTC,150864243.0
2021,CACC,150638909.5
2021,OKE,150241946.0
2021,UXIN,150115530.0
2021,PHM,149774558.0
2021,RKT,149683430.0
2021,Y,149680879.0
2021,IHT,149638161.0
2021,LMNL,149631804.0
2021,SYNH,149336526.0
2021,TRV,149211465.0
2021,IFF,149202114.5
2021,DBX,149149909.0
2021,NOG,149065927.0
2021,CLVT,148977950.5
2021,SHOO,148926393.0
2021,OMI,148664430.0
2021,OMI,148664430.0
2021,BSV,148563839.0
2021,WSM,148499884.0
2021,UDOW,148395119.0
2021,ENB,148357735.5
2021,OBLN,148346030.0
2021,VMC,148149410.0
2021,ANET,148069829.0
2021,WM,148063932.0
2021,IXN,147857321.0
2021,POWW,147735378.0
2021,VMBS,147599186.0
2021,EPAM,147522076.0
2021,APA,147153523.0
2021,CACI,147068929.0
2021,GEO,146934309.0
2021,TPR,146825026.0
2021,NAKD,146816565.0
2021,DD,146797315.0
2021,EDV,146752139.0
2021,SLQT,146319386.0
2021,REG,145761784.0
2021,NVS,145602222.0
2021,SU,145568798.0
2021,VIRT,145549031.0
2021,KC,145413788.5
2021,ED,145337178.0
2021,MTDR,145236360.0
2021,AMP,145159629.0
2021,ABG,144912385.0
2021,PPG,144825985.0
2021,MSGE,144528088.5
2021,PRAH,144504872.0
2021,HOLX,144366832.0
2021,FIVN,144206295.0
2021,OTIS,144201673.0
2021,OTIS,144201673.0
2021,PRPL,144160365.0
2021,AMRS,144044851.0
2021,RGLD,144030821.0
2021,QFIN,143412620.5
2021,AIZ,143278046.5
2021,IYC,143234283.0
2021,RVMD,143041702.0
2021,TEX,142712482.0
2021,ICLR,142698874.0
2021,MLM,142590458.0
2021,CRSR,141875303.0
2021,ANAT,141679272.0
2021,VRNS,141660732.0
2021,AMEH,141604424.0
2021,AIA,141490295.0
2021,AMBA,141431665.5
2021,IBKR,141405681.0
2021,VFC,141151697.0
2021,UONE,140758688.5
2021,TSCO,140065291.0
2021,SDGR,140042272.5
2021,ADM,139895232.0
2021,KNBE,139794120.0
2021,GEVO,139452281.0
2021,VGT,139398273.0
2021,SHV,139309790.0
2021,VYM,139045263.0
2021,CRSP,139035691.0
2021,LOOP,139016291.0
2021,VT,139004419.0
2021,RAMP,138982796.5
2021,STEM,138894584.0
2021,RF,138673530.0
2021,PBR.A,138616638.0
2021,NTAP,138272445.0
2021,CHE,138258924.0
2021,NOK,138218939.0
2021,SIZE,138205916.0
2021,LECO,138151077.0
2021,JAZZ,138147454.0
2021,FCFS,138025384.0
2021,DEN,137771531.0
2021,KEY,137702071.0
2021,BF.B,137698589.0
2021,GFI,137659548.0
2021,STAY,137640931.0
2021,CNK,137586111.0
2021,BLDR,137313894.0
2021,AEO,137110089.0
2021,ZOM,136817839.0
2021,CM,136815591.0
2021,INTA,136765916.0
2021,SLNO,136678427.0
2021,WCC,136531591.5
2021,PAGS,136455033.0
2021,TCOM,136162549.0
2021,UMC,135894526.0
2021,CYBR,135823875.0
2021,BURL,135778952.0
2021,LYV,135720493.0
2021,PAYX,135548829.5
2021,BPMC,135447040.0
2021,ROG,135254635.0
2021,SLAB,135225613.0
2021,UWMC,135207437.0
2021,ET,135061705.5
2021,LAZR,135008666.0
2021,LAZR,135008666.0
2021,EXPD,134904526.0
2021,KEYS,134768375.5
2021,STE,134765496.5
2021,AJG,134734643.5
2021,CPB,134662100.0
2021,SDC,134615105.0
2021,SMTC,134591224.0
2021,SCHV,134521326.0
2021,SPSM,134416924.0
2021,TRNO,134363798.0
2021,BNGO,134342695.5
2021,SCHG,134306008.0
2021,GSK,134111270.0
2021,CCCC,134082672.0
2021,WEX,134052664.5
2021,QLYS,134044231.0
2021,SJNK,133758459.0
2021,BBD,133721704.5
2021,FTI,133678563.0
2021,CDK,133544806.0
2021,AMCX,133539886.0
2021,SPIB,133479133.0
2021,IWO,133475825.0
2021,RCI,133387823.0
2021,VRSK,133347959.0
2021,COG,133340269.0
2021,OEG,133321287.0
2021,OEG,133321287.0
2021,PII,133056218.0
2021,NDAQ,133043219.0
2021,MBB,132833550.0
2021,JMIA,132819147.0
2021,MAXR,132803590.0
2021,HEI.A,132762143.0
2021,SFM,132755939.0
2021,PCAR,132755448.0
2021,PRTY,132602189.0
2021,K,132593764.0
2021,PIRS,132590944.0
2021,EH,132516983.0
2021,FMC,132408663.0
2021,BNL,132351316.0
2021,BSY,132197400.0
2021,EPD,132105772.5
2021,VLDR,131913168.0
2021,VLDR,131913168.0
2021,CTXS,131877088.0
2021,RIG,131847089.0
2021,JKS,131691351.5
2021,VNT,131536125.0
2021,VNT,131536125.0
2021,MGK,131518100.0
2021,IGT,131513226.0
2021,ACCD,131103043.0
2021,CTVA,131068303.0
2021,KBE,130761558.0
2021,FLEX,130541819.0
2021,CCS,130515087.0
2021,FAST,130465621.0
2021,ATUS,130461129.0
2021,FEYE,130373814.0
2021,TME,130270322.0
2021,APPN,130261962.0
2021,LDOS,130228107.0
2021,BEST,130226455.0
2021,GH,130164593.0
2021,IEI,130149649.0
2021,SNA,130131085.0
2021,CPT,130105399.5
2021,EPR,130070558.0
2021,SAFM,130000734.0
2021,DTE,129499367.0
2021,SSO,129404570.0
2021,CC,129391506.0
2021,MDXG,129202295.0
2021,JFU,129005730.0
2021,RIDE,128961801.0
2021,RIDE,128961801.0
2021,RMD,128933785.0
2021,BAP,128904475.0
2021,CVM,128603027.0
2021,EFX,128218046.0
2021,STLD,128195006.0
2021,MAS,128084602.0
2021,SPWR,128038132.0
2021,APO,127974492.0
2021,ANSS,127947720.0
2021,SCZ,127930543.5
2021,CIT,127913576.0
2021,ALB,127869887.0
2021,WEN,127808726.0
2021,ATH,127711186.0
2021,ACB,127692883.0
2021,PCT,127592069.5
2021,BNDX,127560520.5
2021,FOCS,127519138.0
2021,STAA,127464532.0
2021,HUYA,127459789.0
2021,DGX,127365203.0
2021,ARKW,127267368.5
2021,KYMR,127225388.0
2021,IRBT,127068399.5
2021,CTAS,127022691.0
2021,CDEV,126928796.0
2021,SCHA,126821190.0
2021,BLNK,126808644.0
2021,REET,126795321.0
2021,BXP,126788778.0
2021,ELAN,126774872.0
2021,EYES,126691627.0
2021,LFST,126589476.0
2021,INFY,126464060.5
2021,CNP,126398940.0
2021,PBCT,126340895.0
2021,SCHP,126320531.0
2021,NNDM,126318468.0
2021,LAD,126213597.0
2021,EWU,126196363.0
2021,PKG,126069115.0
2021,AGNC,125971717.0
2021,WSC,125948189.5
2021,LGF.A,125785687.0
2021,WBT,125744859.0
2021,SPLV,125744508.0
2021,NTR,125621854.0
2021,IUSB,125532236.0
2021,NCTY,125513338.0
2021,THO,125415524.5
2021,PPL,125279517.0
2021,CBRE,125014034.5
2021,CBRE,125014034.5
2021,SPTL,124998827.0
2021,HOME,124951839.5
2021,JBL,124935259.0
2021,EXPR,124729973.0
2021,SDS,124708973.0
2021,ALNY,124703522.0
2021,GRAY,124617346.0
2021,AVLR,124260938.0
2021,SWN,124093302.5
2021,QLD,124011923.0
2021,LU,123888150.5
2021,JPST,123612834.0
2021,AEE,123593449.0
2021,RDN,123541977.0
2021,OSK,123456309.0
2021,FRC,123426042.0
2021,AVTR,123220397.5
2021,MX,123123542.0
2021,NUGT,123115920.5
2021,KLIC,123102393.0
2021,WAT,123080490.0
2021,TRP,123061372.0
2021,EXEL,123042942.0
2021,SPXU,122930284.0
2021,IP,122918610.5
2021,IGSB,122681144.5
2021,ERJ,122628607.0
2021,KODK,122451516.0
2021,QSR,122426115.5
2021,UHAL,122286795.5
2021,JAMF,122230115.0
2021,AMG,122165485.0
2021,ELY,122112020.0
2021,AUVI,122043163.0
2021,MGA,121907926.0
2021,SCHD,121844962.5
2021,TRGP,121835674.0
2021,VLUE,121831004.5
2021,JBLU,121798781.0
2021,CAH,121788105.0
2021,INVH,121739183.5
2021,CXSE,121622028.0
2021,CNXC,121462599.0
2021,ES,121390714.0
2021,HZNP,121353875.0
2021,ALLK,121270352.0
2021,RPRX,121215434.5
2021,CMA,121171223.5
2021,IYF,121151991.0
2021,AVIR,121128833.0
2021,SDOW,120999538.0
2021,KMX,120915310.0
2021,CPNG,120879463.5
2021,INDA,120839331.5
2021,SABR,120796385.0
2021,WGO,120546645.0
2021,PAYA,120545228.0
2021,SUMO,120490506.5
2021,PEG,120468149.0
2021,RDS.B,120339355.0
2021,FVRR,120327922.5
2021,SIRI,120255980.0
2021,NLOK,120244373.5
2021,LOGI,120190003.0
2021,RHI,120169648.0
2021,PDBC,120096039.5
2021,MPW,120015828.0
2021,AEM,120015730.0
2021,SEAS,119749787.0
2021,PWR,119724262.0
2021,ROOT,119594032.0
2021,ARW,119506579.0
2021,LNG,119461560.5
2021,SPTI,119397268.0
2021,SPTI,119397268.0
2021,NVRO,119334357.0
2021,MOSY,119202628.5
2021,KBR,118975924.5
2021,CSL,118818813.0
2021,INCY,118750704.0
2021,WOOF,118646829.5
2021,SMG,118610657.0
2021,CVAC,118395164.0
2021,PSFE,118306591.5
2021,SNCY,118223955.0
2021,STNE,118207879.0
2021,DAR,118205897.0
2021,YUMC,118135489.5
2021,AFG,118045654.5
2021,HUN,117893193.0
2021,HL,117869133.0
2021,BRKR,117822671.0
2021,ATC,117736752.0
2021,NOVA,117611492.5
2021,IQ,117533304.0
2021,MSI,117500410.0
2021,CREE,117361266.0
2021,FIGS,117334566.5
2021,ZLAB,117299909.0
2021,CONE,117296102.5
2021,CWK,117167379.0
2021,MTB,117128740.0
2021,TDC,117034424.0
2021,NEP,116982303.0
2021,JOBS,116915340.5
2021,BBIG,116910385.0
2021,VICI,116840492.0
2021,NVR,116805213.0
2021,KBH,116794728.0
2021,HCM,116770680.0
2021,IWP,116615692.5
2021,RSG,116554473.0
2021,NGMS,116539897.0
2021,KBWB,116487906.0
2021,DDD,116484706.0
2021,ENV,116471513.0
2021,BGNE,116348036.5
2021,ALK,116098357.0
2021,WWR,116089483.0
2021,TTCF,115999879.0
2021,SPXS,115915125.0
2021,PLAY,115597956.0
2021,HYLB,115260756.0
2021,BAM,115191078.0
2021,PRPO,115190053.0
2021,SRNE,115162694.0
2021,OHI,115150369.0
2021,IAC,115101757.0
2021,IAC,115101757.0
2021,NTRA,115101017.5
2021,ZBRA,115067666.5
2021,IDEX,115034733.5
2021,SCHF,114890757.5
2021,CRL,114871224.0
2021,VB,114608888.0
2021,YETI,114270306.0
2021,GPRO,114184237.0
2021,SAN,114147441.0
2021,TAN,113833075.0
2021,GLTO,113763914.5
2021,HPE,113736454.5
2021,VEU,113732308.5
2021,VNET,113706940.0
2021,ALZN,113436905.0
2021,NFRA,113416778.0
2021,VERV,113373806.0
2021,HYLN,113262988.0
2021,QADA,113229329.0
2021,IPGP,113080392.0
2021,ITRM,113033320.0
2021,CDW,113004393.0
2021,BOX,112932571.0
2021,MT,112890549.0
2021,SRPT,112820706.5
2021,CAI,112810376.0
2021,SBNY,112667956.5
2021,GDDY,112661458.5
2021,EVRG,112641865.0
2021,EWW,112595790.5
2021,VRT,112505087.0
2021,VRT,112505087.0
2021,BZ,112331353.5
2021,SPYV,112257572.0
2021,NRG,112241668.0
2021,GSHD,112097543.0
2021,HIG,112086522.5
2021,VRSN,112048574.0
2021,MUB,112024213.0
2021,SEM,111955740.0
2021,SOS,111854566.5
2021,ADS,111845232.0
2021,UAA,111691285.0
2021,HSY,111568572.5
2021,ZNGA,111547803.5
2021,TSN,111492273.0
2021,DECK,111391926.5
2021,WPG,111314266.0
2021,CLDR,111195343.0
2021,EWH,111080123.0
2021,MLHR,110986865.0
2021,AMED,110954344.5
2021,AIRC,110943166.5
2021,DT,110877223.0
2021,INSP,110747907.0
2021,GOED,110745769.0
2021,JETS,110718248.5
2021,CAG,110690039.0
2021,FNV,110667954.5
2021,ARWR,110665045.0
2021,CROX,110664157.0
2021,BBIO,110535190.0
2021,CHK,110449814.5
2021,TOT,110257118.0
2021,ZEN,110040265.0
2021,VER,109989377.0
2021,EQNR,109983790.0
2021,WEC,109777841.0
2021,SHAK,109753294.5
2021,DBC,109749645.0
2021,FLGT,109747922.5
2021,AWK,109685790.5
2021,BMBL,109683886.5
2021,ZION,109668223.0
2021,BIG,109612218.5
2021,MGNI,109506519.5
2021,VNQI,109494098.0
2021,PK,109319492.0
2021,IYE,109318054.0
2021,STLA,109289877.0
2021,TDY,109263173.5
2021,AXTA,109187721.0
2021,BAH,109126845.5
2021,ESGU,109086244.0
2021,ME,109054875.0
2021,STIP,109049855.5
2021,MKC,109002346.0
2021,IR,108978338.0
2021,ESTC,108948245.0
2021,DM,108935778.0
2021,MKTX,108925996.0
2021,ANVS,108871338.0
2021,EWC,108807252.0
2021,SNN,108758849.0
2021,XL,108716242.5
2021,XL,108716242.5
2021,AAXJ,108686355.0
2021,XEC,108663915.0
2021,HST,108602794.0
2021,SBSW,108584097.0
2021,SBSW,108584097.0
2021,SCCO,108566053.0
2021,PUBM,108491243.0
2021,BARK,108474690.0
2021,PEAK,108339560.0
2021,PEAK,108339560.0
2021,CHD,108324274.5
2021,PCG,108272511.5
2021,TYL,108195493.0
2021,CTXR,108154729.0
2021,ITOT,108150904.0
2021,CPRT,108116579.0
2021,BG,107970995.0
2021,EFOI,107970669.0
2021,RHE,107966311.0
2021,VCEL,107852572.5
2021,IYT,107814035.0
2021,TBT,107785216.0
2021,LUMN,107683594.0
2021,MNDY,107647966.0
2021,WHR,107604281.0
2021,EIX,107511420.0
2021,CHDN,107468438.0
2021,OSTK,107443174.0
2021,EVFM,107344616.0
2021,EWBC,107339754.5
2021,PLAN,107283404.5
2021,NTNX,107129400.5
2021,TD,107097888.0
2021,GWRE,107060749.0
2021,SPEM,107043359.0
2021,KGC,107003929.5
2021,PNW,106885953.0
2021,PRGO,106870708.5
2021,TFX,106769292.0
2021,BIGC,106741282.0
2021,YNDX,106738344.5
2021,LCTU,106538122.0
2021,IWB,106373710.0
2021,CAKE,106355804.0
2021,NYT,106299809.0
2021,IVOL,106250744.0
2021,CABO,106238100.0
2021,NOV,106059845.5
2021,ENTG,106055537.0
2021,JEF,106055501.0
2021,CELH,106007950.0
2021,CPOP,105954130.0
2021,SPYD,105926439.0
2021,LSPD,105889391.5
2021,ITOS,105877777.0
2021,CBRL,105872028.0
2021,FNGU,105868826.5
2021,IXUS,105845905.0
2021,TECK,105816169.0
2021,CWH,105742505.0
2021,DISH,105707001.0
2021,MP,105689412.0
2021,DOX,105621391.0
2021,RCUS,105601617.0
2021,CBOE,105583933.0
2021,VO,105491042.0
2021,RNR,105376743.0
2021,BMO,105266717.5
2021,COPX,105258085.0
2021,SMAR,105257361.5
2021,BLD,105205748.0
2021,SSNC,105136390.0
2021,PVH,105126128.0
2021,PSTG,105090144.0
2021,ESS,104877143.0
2021,BHP,104811881.5
2021,AREC,104778944.0
2021,KL,104376089.0
2021,JBHT,104369506.5
2021,HTHT,104322862.5
2021,JWN,104284944.0
2021,COO,104262308.0
2021,SNY,104201990.0
2021,WST,104082545.0
2021,HQY,104051408.0
2021,VUZI,104018328.0
2021,TEN,103981511.0
2021,HDB,103958184.0
2021,PODD,103900463.0
2021,HFC,103824771.5
2021,EXR,103801808.0
2021,IRM,103776324.0
2021,MNMD,103755418.0
2021,MIC,103717509.0
2021,CP,103713774.0
2021,WAB,103640306.0
2021,VCLT,103623188.0
2021,ABEV,103620910.0
2021,MASI,103577761.0
2021,MTZ,103550292.0
2021,IEUS,103521591.0
2021,SAVE,103252373.0
2021,GRWG,103193316.0
2021,BTI,103141371.0
2021,AKAM,103078033.0
2021,AVY,103060435.0
2021,JBGS,102988182.0
2021,PFF,102983568.5
2021,LPLA,102918843.0
2021,PEN,102837374.0
2021,EWI,102781793.0
2021,ARVL,102780325.0
2021,TRIP,102665376.5
2021,FE,102655219.0
2021,KRC,102648222.5
2021,BERY,102604177.0
2021,THC,102550471.0
2021,CCK,102335616.0
2021,KNX,102261488.0
2021,TECL,102245463.0
2021,SUB,102182337.0
2021,UPWK,102175997.0
2021,PLBY,102172734.0
2021,AMLP,102117186.5
2021,FOUR,102050467.0
2021,SRLN,102007565.0
2021,OMC,101999392.5
2021,ACWX,101972950.5
2021,EWG,101959109.0
2021,COUR,101951886.5
2021,CHRW,101851219.0
2021,BR,101837847.5
2021,ERX,101820202.0
2021,PSTH,101799516.0
2021,ERIC,101768323.0
2021,BGCP,101685260.0
2021,RGEN,101618756.0
2021,NTLA,101616126.0
2021,SPMB,101403036.0
2021,SPMB,101403036.0
2021,CIEN,101363863.0
2021,PRVA,101351401.0
2021,SLM,101345977.0
2021,FBHS,101322079.0
2021,VIXY,101302830.0
2021,ZI,101228970.0
2021,AUY,101202594.0
2021,AYI,101200318.0
2021,PD,101169351.0
2021,VTR,101123737.0
2021,AYX,101100236.0
2021,ANGL,101054784.0
2021,TENB,100993965.5
2021,SGMS,100901423.0
2021,J,100854819.0
2021,J,100854819.0
2021,PSQ,100828854.0
2021,JNPR,100734865.0
2021,WAL,100716383.5
2021,FBC,100629009.0
2021,RSX,100418814.5
2021,NRGU,100411179.0
2021,PAVE,100409836.0
2021,CLR,100398133.0
2021,VAC,100387498.0
2021,BLMN,100313438.0
2021,APTX,100169111.0
2021,ARCB,100144948.0
2021,PGNY,100122504.0
2021,DVY,100117532.0
2021,APP,100113422.0
2021,PPD,100093053.0
2021,TXRH,100088553.5
2021,PACB,100072704.0
2021,BBJP,99994516.0
2021,EFV,99980601.0
2021,IPG,99976520.0
2021,CCJ,99949025.0
2021,EVRI,99945454.0
2021,DSS,99906004.0
2021,AN,99905292.0
2021,AMST,99838860.0
2021,VMEO,99804610.0
2021,FICO,99612567.0
2021,CWB,99573415.0
2021,RARE,99572483.0
2021,GDS,99563654.5
2021,CPRI,99532588.0
2021,IAA,99469988.5
2021,CGC,99421919.5
2021,PKI,99377450.0
2021,MAC,99377322.5
2021,MHK,99312438.0
2021,RAIL,99309528.0
2021,IIVI,99226535.5
2021,CTLT,99223509.0
2021,AMCR,99165586.5
2021,BPY,99088145.5
2021,TELL,99048871.0
2021,NI,99041780.0
2021,AU,99016706.0
2021,ZTO,98978765.0
2021,OC,98966228.0
2021,AME,98950989.0
2021,TW,98946646.0
2021,EVR,98890078.0
2021,CHGG,98879011.0
2021,CVE,98873206.0
2021,IWR,98841010.5
2021,WMS,98836501.5
2021,FIVE,98834873.0
2021,DDS,98822527.0
2021,GOL,98812997.0
2021,SPT,98689451.0
2021,ASO,98664089.5
2021,GBT,98659797.0
2021,FRT,98520704.5
2021,CX,98495778.5
2021,BWA,98392063.0
2021,ZIM,98304237.0
2021,ETR,98300225.0
2021,BHC,98273582.0
2021,CASY,98190462.5
2021,IGIB,98052219.0
2021,CUK,98043894.0
2021,SH,97993569.0
2021,DLO,97847862.0
2021,NTRS,97735693.0
2021,FRHC,97707297.0
2021,MTUM,97611168.0
2021,ADC,97587423.0
2021,MSEX,97447469.0
2021,VST,97443732.0
2021,SPLG,97434732.0
2021,COTY,97325056.0
2021,FEZ,97323105.5
2021,DISCK,97307913.0
2021,SGEN,97306225.0
2021,CPE,97250912.0
2021,POOL,97234029.0
2021,WLK,97230938.5
2021,OVV,97217092.0
2021,OVV,97217092.0
2021,CAR,97215989.0
2021,NVCR,97196963.0
2021,VTWO,97088019.5
2021,VTIP,97080884.0
2021,ABC,97058202.5
2021,ILF,97054191.0
2021,SI,97021136.0
2021,BNS,96999892.0
2021,QUAL,96987404.0
2021,REXR,96940590.0
2021,HWM,96927757.0
2021,HWM,96927757.0
2021,CBSH,96782953.0
2021,UDR,96686680.5
2021,SUI,96629232.0
2021,SFIX,96541421.5
2021,MTN,96367813.0
2021,TM,96324291.0
2021,PTGX,96243238.0
2021,TRMB,96213032.0
2021,NWSA,96130254.0
2021,ARAV,96125909.0
2021,IHI,96103481.0
2021,ARGX,96093713.0
2021,EWQ,96035492.0
2021,TREE,95953763.0
2021,ASHR,95872942.0
2021,IVZ,95793792.0
2021,CNQ,95712625.0
2021,WRK,95672348.0
2021,VGSH,95646310.5
2021,SWAV,95576583.0
2021,VBR,95459467.0
2021,NLSN,95444672.5
2021,MOH,95441101.0
2021,QID,95411867.0
2021,LBTYK,95396952.0
2021,FATE,95343588.0
2021,CAN,95256110.0
2021,BLDP,95221053.0
2021,BEN,95132344.0
2021,DOYU,95061595.0
2021,EXP,95019652.5
2021,LESL,95017383.0
2021,WPM,94990603.5
2021,MOAT,94972470.0
2021,EMLC,94958906.0
2021,EQH,94921679.0
2021,HYS,94867782.0
2021,NVO,94756540.0
2021,SPR,94694917.0
2021,ATHM,94661316.5
2021,MRTX,94587399.0
2021,MAT,94550239.0
2021,ALGT,94520970.0
2021,IONS,94505289.0
2021,AES,94399680.0
2021,BIO,94389675.0
2021,CFX,94385879.0
2021,CE,94258737.0
2021,LEA,94218833.5
2021,USIG,94125510.5
2021,USIG,94125510.5
2021,COR,94108314.0
2021,TMHC,94023164.0
2021,FND,94018962.0
2021,NICE,94014259.0
2021,BFLY,94004183.0
2021,DPST,93969665.5
2021,NVTA,93963694.5
2021,GRMN,93945277.5
2021,DRE,93838514.0
2021,IGLB,93699200.0
2021,CDNA,93673628.0
2021,SJM,93654887.0
2021,FTSM,93535141.0
2021,SBLK,93390129.0
2021,ZETA,93382764.0
2021,EXPI,93286745.0
2021,GOVT,93261075.5
2021,PAYC,93248514.0
2021,GENI,93219040.0
2021,FL,93201884.0
2021,LBRT,92968312.0
2021,SOXS,92923236.5
2021,SEE,92885691.0
2021,CF,92824607.0
2021,SNR,92804285.5
2021,SITE,92757927.0
2021,SPEU,92723397.0
2021,ALLE,92665942.0
2021,SLYV,92529861.0
2021,CXM,92523804.0
2021,YY,92495349.0
2021,SAP,92298766.0
2021,GGB,92285335.0
2021,PLNT,92264001.0
2021,SPLB,92096564.0
2021,VGLT,92058908.0
2021,RACE,91921613.0
2021,TOL,91912827.0
2021,MAA,91857133.0
2021,RLX,91842804.0
2021,JKHY,91757604.0
2021,MSGS,91714077.0
2021,MSGS,91714077.0
2021,MPWR,91664851.0
2021,IVE,91546784.5
2021,MINT,91451658.0
2021,FYBR,91442187.0
2021,IVW,91357175.0
2021,AZEK,91326433.0
2021,BBL,91314894.0
2021,OSH,91273244.0
2021,SAIA,91242144.0
2021,HLF,91236939.5
2021,TAP,91225460.0
2021,DXC,91214730.0
2021,PFG,91197747.0
2021,TTC,91153283.0
2021,UHS,91140594.0
2021,DOV,91096838.5
2021,TWNK,91054213.0
2021,HA,91013917.0
2021,BMRN,91000245.0
2021,FHN,90881066.0
2021,JAGX,90849473.0
2021,BKI,90823010.0
2021,BKI,90823010.0
2021,TUP,90769967.0
2021,GDRX,90743127.0
2021,RDFN,90701578.0
2021,CNMD,90660553.0
2021,CG,90648420.5
2021,BUD,90603847.0
2021,BRKS,90488753.0
2021,SLG,90488351.0
2021,TKR,90482744.0
2021,HRL,90427535.5
2021,BGFV,90382437.0
2021,WTS,90366718.0
2021,MIDD,90350487.0
2021,GNUS,90175128.0
2021,ATOM,90128043.0
2021,OLED,90121003.0
2021,COHR,90057677.0
2021,WU,89981898.5
2021,RCD,89976668.0
2021,JNUG,89975693.0
2021,OWL,89882975.0
2021,DEI,89850963.0
2021,AG,89792190.0
2021,EVBG,89745458.0
2021,FDS,89706874.0
2021,RJF,89684612.0
2021,LII,89556937.0
2021,AGCO,89507520.0
2021,STAG,89451444.0
2021,MRVI,89438509.5
2021,BIB,89431694.0
2021,GWW,89416355.0
2021,ARRY,89296362.0
2021,IJJ,89283513.0
2021,VTRS,89143784.0
2021,TXT,89141496.0
2021,AZPN,89135762.5
2021,CDAY,89020474.0
2021,ABR,88987132.0
2021,BIL,88964371.5
2021,DADA,88947067.0
2021,JLL,88764039.0
2021,WPC,88762120.5
2021,EFAV,88693582.0
2021,NAIL,88690760.0
2021,REGI,88669010.5
2021,ING,88633308.5
2021,CINF,88592795.5
2021,LKQ,88562174.0
2021,GLBE,88514316.0
2021,FAF,88505369.0
2021,ICLN,88487387.0
2021,HIMX,88382797.0
2021,PAAS,88333727.0
2021,ENSG,88323733.0
2021,ABCL,88236176.0
2021,TECH,88229460.0
2021,TPL,88166213.0
2021,FFIV,88100721.0
2021,FUV,88098833.5
2021,HYD,88098522.5
2021,RL,88098151.0
2021,SLGN,88088903.0
2021,CRNC,88020643.0
2021,FOXA,87987075.0
2021,NRZ,87921262.0
2021,HOG,87854770.0
2021,DEO,87847003.0
2021,CHKP,87775815.0
2021,GPK,87613475.0
2021,PSLV,87606437.0
2021,PINC,87550241.0
2021,CCXI,87521140.0
2021,TRU,87505681.5
2021,VFH,87499649.0
2021,BFAM,87455567.5
2021,SYNA,87293745.0
2021,RY,87288548.0
2021,USHY,87245594.5
2021,SM,87245340.5
2021,ANF,87148636.5
2021,NBIX,87070323.0
2021,OZON,87027122.5
2021,AMSC,86985946.0
2021,OPCH,86958567.0
2021,CCEP,86957132.0
2021,LNT,86867933.0
2021,ZGNX,86722942.0
2021,SKT,86667893.0
2021,PBTS,86626828.0
2021,FNF,86623947.5
2021,PAC,86531571.0
2021,BYD,86454683.0
2021,AXON,86432449.5
2021,TEVA,86407915.0
2021,ACGL,86351659.0
2021,GPC,86259879.5
2021,EQT,86206712.0
2021,HSBC,86098839.5
2021,ABMD,86053101.0
2021,EHC,86021486.0
2021,SQM,85994445.0
2021,IOVA,85939276.0
2021,IOVA,85939276.0
2021,OMF,85850590.0
2021,RMO,85738735.0
2021,LNC,85617081.0
2021,SKX,85610695.0
2021,USFD,85601147.5
2021,VOYA,85536614.0
2021,LW,85531494.0
2021,BE,85530609.0
2021,ATO,85525474.0
2021,RELX,85285884.0
2021,SBH,85253949.0
2021,ADMP,85222469.0
2021,UL,85166753.5
2021,VGIT,85059784.5
2021,IBN,85046671.5
2021,XYL,84992244.0
2021,EMN,84893210.0
2021,LSCC,84723833.0
2021,VDE,84718937.5
2021,TPX,84709552.0
2021,COLD,84663062.0
2021,DGRO,84622362.0
2021,GT,84539664.0
2021,BIV,84313662.0
2021,H,84254072.0
2021,IXG,84247369.0
2021,PNR,84225539.0
2021,NVST,84144416.0
2021,VXF,84092736.0
2021,NWL,84043521.0
2021,LHCG,84022234.0
2021,FR,83931392.0
2021,UA,83804919.0
2021,RE,83584367.0
2021,CHEK,83478027.0
2021,EWA,83288444.0
2021,ESGE,83224792.0
2021,LPI,83186207.0
2021,AMWL,83042209.0
2021,HBI,82999469.0
2021,SIX,82998553.0
2021,SONO,82891662.0
2021,WCN,82804634.0
2021,RRC,82777078.0
2021,LGIH,82756913.5
2021,URBN,82751511.5
2021,OLLI,82729139.0
2021,ASH,82717085.0
2021,BTBT,82698469.0
2021,GLUE,82660753.0
2021,EEFT,82598698.5
2021,CS,82580423.0
2021,AGQ,82579597.0
2021,NYCB,82555067.5
2021,AOS,82510784.0
2021,BLUE,82417469.0
2021,ALSN,82402848.0
2021,SWCH,82380007.0
2021,LITE,82301432.0
2021,EAT,82272898.0
2021,BC,82231634.0
2021,BOND,82224688.0
2021,MGP,82167809.0
2021,PFGC,82088469.5
2021,CYCN,82061881.0
2021,RVLV,81983221.0
2021,LABD,81881305.0
2021,WING,81870942.5
2021,RPV,81868276.0
2021,XRAY,81836707.0
2021,BCRX,81763027.0
2021,MKSI,81549579.0
2021,GRPH,81416590.0
2021,ALC,81354913.0
2021,BCE,81329519.0
2021,HTA,81322085.0
2021,HTA,81322085.0
2021,VOD,80957776.5
2021,HAS,80646626.0
2021,KIM,80614361.5
2021,HYFM,80590029.0
2021,UTHR,80556621.0
2021,MUR,80547515.0
2021,MOMO,80337584.0
2021,DVA,80186540.5
2021,VRM,80171396.0
2021,CMBM,80132168.0
2021,MFC,80028505.0
2021,FOA,79896216.0
2021,QYLD,79872590.0
2021,JBT,79841813.0
2021,MTLS,79818734.0
2021,DLPN,79811455.0
2021,LEV,79810445.0
2021,PAA,79574260.0
2021,LSI,79493529.0
2021,LSI,79493529.0
2021,TREX,79430308.0
2021,AR,79392223.0
2021,MPLX,79214392.0
2021,API,79025274.0
2021,OLN,78985481.0
2021,PEGA,78961317.0
2021,PTC,78814375.0
2021,WWE,78765328.0
2021,LSTR,78738309.0
2021,SPSB,78690908.0
2021,RGLS,78665627.0
2021,TWST,78640750.0
2021,XP,78589970.0
2021,HII,78578740.0
2021,VSS,78503659.0
2021,BOIL,78343733.0
2021,DNB,78337190.0
2021,IEX,78074288.0
2021,HEZU,77911075.0
2021,MDP,77765340.0
2021,NSIT,77673875.0
2021,AEHL,77605873.0
2021,ARMK,77565945.0
2021,ELS,77510585.5
2021,ARCC,77353516.5
2021,NCNO,77160448.0
2021,RS,77160144.0
2021,VTEB,76996377.0
2021,XTN,76991553.0
2021,NEWR,76931835.0
2021,AUTL,76745990.0
2021,CRI,76691168.0
2021,REAL,76685944.0
2021,WPRT,76668417.0
2021,ACIU,76647725.0
2021,WRI,76609832.0
2021,OGE,76556325.0
2021,HSIC,76554032.5
2021,WBS,76473453.0
2021,PING,76303346.0
2021,MMS,76264315.0
2021,AMH,76132671.0
2021,ZG,76062966.0
2021,RETO,75689048.0
2021,SCHX,75656179.5
2021,URTH,75484684.0
2021,VNO,75345224.0
2021,PNM,74924393.0
2021,CVA,74745425.0
2021,RBA,74555158.0
2021,SCHO,74197550.0
2021,URA,74158823.0
2021,VOE,74128233.0
2021,FLBR,73688286.0
2021,IXC,73524777.0
2021,EWL,73328138.0
2021,SR,73271553.0
2021,NCR,73066595.0
2021,FNCL,72920088.0
2021,FCVT,72893728.0
2021,IDRA,72516337.0
2021,FDN,72464122.0
2021,FTSL,72201854.0
2021,AZUL,71953726.0
2021,SNV,71918917.0
2021,CLNY,71700519.0
2021,CLNY,71700519.0
2021,PLCE,71444492.0
2021,BTAI,70937887.0
2021,NAV,70839058.0
2021,RGA,69452031.0
2021,LPTH,67809633.0
2021,XIN,67613643.0
2021,PGEN,67355927.0
2021,HEI,66872123.0
2021,COWN,66693639.0
2022,SPY,29317932213.5
2022,TSLA,20770194196.0
2022,QQQ,15676225452.5
2022,AAPL,9973650585.0
2022,AMD,8191378829.5
2022,AMZN,8047519056.0
2022,NVDA,7618485734.0
2022,MSFT,6296894089.5
2022,SQQQ,5559432225.5
2022,FB,4731017720.0
2022,IWM,4496415806.0
2022,TQQQ,4424871297.0
2022,GOOGL,3672292790.0
2022,GOOG,3054595197.0
2022,BABA,2799331214.5
2022,HYG,2796690906.5
2022,XLE,2690797658.0
2022,XOM,2546945662.5
2022,IVV,2213622028.0
2022,LQD,2042665177.0
2022,TLT,1984526679.0
2022,XLF,1905874364.5
2022,VOO,1875396476.0
2022,OXY,1800680828.0
2022,EEM,1744595418.0
2022,EFA,1692488265.5
2022,NFLX,1553928312.5
2022,BAC,1499332669.0
2022,UNH,1491573775.5
2022,CVX,1405880568.5
2022,BA,1377219236.0
2022,NIO,1354497148.0
2022,SHOP,1308057381.5
2022,FXI,1304225281.5
2022,INTC,1274046458.5
2022,JPM,1231020918.5
2022,JNJ,1227821139.5
2022,ARKK,1227468779.0
2022,CRM,1205510899.0
2022,XOP,1170747162.5
2022,SQ,1153757993.5
2022,XLV,1132250509.0
2022,HD,1095332833.0
2022,COST,1083814091.5
2022,DIA,1078007967.0
2022,ADBE,1044840687.0
2022,V,1018405415.5
2022,QCOM,1014165290.5
2022,XLU,1007272542.0
2022,XLP,999662966.0
2022,AVGO,992967098.5
2022,GLD,981044970.0
2022,XLK,972120597.0
2022,SMH,972034815.0
2022,MU,971418230.5
2022,PYPL,964444344.5
2022,BRK.B,942806031.0
2022,VTI,942432791.5
2022,VZ,937958788.0
2022,BRK.A,922254700.0
2022,PDD,914136276.0
2022,JNK,909721931.5
2022,BMY,900300798.5
2022,KO,889901493.0
2022,DIS,882431642.5
2022,XBI,870110523.5
2022,WMT,868085564.0
2022,MA,861849640.0
2022,MRK,851891578.5
2022,XLY,849567826.0
2022,CMCSA,849250000.5
2022,BKNG,845788373.5
2022,SOXL,844412999.0
2022,CSCO,843867226.0
2022,DVN,838285774.0
2022,COP,833671262.5
2022,C,832778911.5
2022,EWZ,829649014.5
2022,VLO,821605420.5
2022,TXN,818074001.0
2022,KWEB,808964194.5
2022,RBLX,799549791.0
2022,XLI,796915480.5
2022,SNOW,793536578.5
2022,IEFA,789934649.0
2022,MPC,785660595.0
2022,ADN,776045846.0
2022,AGG,775259239.0
2022,VEA,769520833.5
2022,PFE,762924271.5
2022,LLY,762792344.5
2022,IEMG,756125448.5
2022,PG,750107467.5
2022,ABBV,748913833.0
2022,PEP,738035721.5
2022,PXD,734460008.5
2022,SPGI,728561591.0
2022,JD,726927063.5
2022,MUB,719206911.0
2022,NEE,711549864.0
2022,UBER,701968502.5
2022,TGT,701250905.0
2022,TSM,697302766.5
2022,NKE,694144006.5
2022,GS,688019114.5
2022,WFC,683507898.0
2022,AMGN,683281087.5
2022,ABNB,681026198.5
2022,SPXL,680696405.5
2022,AMAT,680090969.5
2022,UVXY,673127457.5
2022,CRWD,662005160.0
2022,IYR,660837953.0
2022,MRNA,658948679.0
2022,LIN,657788734.0
2022,ROKU,644980480.0
2022,COIN,640678657.5
2022,ACN,630546732.5
2022,T,616054306.5
2022,IWF,610813188.5
2022,INTU,610766670.5
2022,GDX,610319051.5
2022,TMO,605293414.5
2022,IBM,594984772.0
2022,MCD,586467869.5
2022,CAT,584667261.5
2022,FCX,583991437.0
2022,SLB,582428722.5
2022,SH,580479299.5
2022,NOW,578920072.5
2022,MDT,578813289.5
2022,LOW,571683925.0
2022,AGRX,567922881.0
2022,TMUS,562349155.0
2022,XLB,557533083.0
2022,MO,557511139.0
2022,SBUX,553193588.5
2022,FDX,550393651.0
2022,VALE,549159867.0
2022,AMT,549020206.0
2022,F,544679378.5
2022,CCL,542008531.0
2022,VNQ,539963466.5
2022,VWO,537649588.5
2022,BLK,531195195.5
2022,DE,526058202.5
2022,ORCL,525308266.0
2022,MRO,524165424.0
2022,EOG,522582300.0
2022,IEF,520749884.0
2022,SCHW,518428057.0
2022,CHTR,514203471.0
2022,BX,513185982.5
2022,UPS,510902515.5
2022,EMB,509432573.5
2022,BND,507219529.5
2022,MS,506769093.5
2022,TIP,499497117.0
2022,SPXS,497926034.0
2022,SHY,496771803.5
2022,ON,496148980.5
2022,UNP,495584950.0
2022,LRCX,490209433.0
2022,ZM,483891087.0
2022,PM,481852595.0
2022,NSA,478784716.0
2022,AAL,478741851.5
2022,ANTM,475473160.5
2022,SNAP,473727081.0
2022,ENPH,473349506.0
2022,PANW,468156281.0
2022,DAL,466986531.5
2022,WDAY,464726724.0
2022,GM,463626500.0
2022,MDB,460159858.0
2022,IWD,452203795.5
2022,BIDU,451709451.5
2022,MRVL,451663582.0
2022,SDS,450323096.5
2022,GE,449613212.0
2022,EGP,447383667.0
2022,LMT,447346017.5
2022,ADI,446988338.0
2022,MELI,446865991.5
2022,NXPI,445323237.0
2022,UAL,444590417.0
2022,VTV,441918932.0
2022,DDOG,438317340.0
2022,KRE,438101710.5
2022,CI,436949468.5
2022,RPTX,433230198.0
2022,LI,430143768.0
2022,VCSH,428212527.5
2022,CSX,422909399.5
2022,SLV,422867468.5
2022,SOXS,421157115.0
2022,CVS,420906215.5
2022,SE,420685366.5
2022,REGN,418353364.5
2022,RIVN,417697452.5
2022,FANG,416535412.0
2022,SIDU,411670106.0
2022,ABT,410255386.5
2022,AXP,409270440.5
2022,GILD,408347813.0
2022,PLD,402914146.5
2022,AMC,402074002.5
2022,TBLT,401481692.0
2022,UPRO,400851017.5
2022,CYTK,400201064.0
2022,TWTR,398455650.5
2022,ASML,398382871.5
2022,DHR,394334215.5
2022,TTEK,391646755.5
2022,MDY,391610190.0
2022,VCIT,391492136.0
2022,MDLZ,391227609.5
2022,RTX,389421819.0
2022,PSX,389113153.0
2022,HAL,388794731.0
2022,BBJP,387994612.0
2022,HCA,386507855.0
2022,HON,385833931.0
2022,KLAC,384683359.0
2022,GME,383982680.0
2022,EL,382948116.5
2022,DOCU,381718428.0
2022,TNA,371273478.0
2022,IJR,371168167.0
2022,PBR,370423699.0
2022,NEM,369854676.5
2022,VTEB,369475293.0
2022,AZN,369171122.5
2022,MCHI,367990690.5
2022,SHW,367759093.5
2022,NOC,367291130.0
2022,SPXU,364460721.0
2022,USO,364266034.0
2022,SOXX,363001418.5
2022,MOS,362813823.5
2022,VICI,362481188.5
2022,CERN,358742174.5
2022,PSQ,357441231.5
2022,GOLD,356566033.5
2022,MAR,354732613.0
2022,DASH,354298307.0
2022,DOW,353831682.0
2022,ISRG,351708220.5
2022,VRTX,350678041.5
2022,EXPE,350510488.0
2022,EQIX,349850972.0
2022,APA,348642682.5
2022,SWN,348490880.5
2022,BP,342943927.5
2022,DG,341418353.5
2022,RAMP,336269312.0
2022,TWLO,335955834.0
2022,BHAT,335863357.5
2022,IGV,334875860.0
2022,SHV,331443461.5
2022,KDP,329985316.5
2022,RYT,328548693.0
2022,NTR,328032063.0
2022,VGK,326129064.5
2022,CF,325714158.5
2022,CCI,324552193.0
2022,ORLY,324294186.5
2022,XRT,324260252.5
2022,PEV,322761162.5
2022,CTRA,322342379.0
2022,ZS,321822972.5
2022,LABU,320732814.5
2022,USB,320359385.5
2022,IJH,319236523.5
2022,WMB,318323855.5
2022,ADP,318290570.5
2022,CB,315897984.5
2022,HES,315093233.0
2022,ATVI,312040567.5
2022,AERC,311857013.0
2022,PLUG,311793478.5
2022,TRN,311096193.0
2022,CLF,310908343.0
2022,LULU,308652249.5
2022,PLTR,308104297.0
2022,TZA,307388665.0
2022,FIXD,306689736.0
2022,AZO,305744046.0
2022,VUG,305574390.0
2022,TEAM,305154456.0
2022,OIH,303429007.0
2022,ACWI,303344013.5
2022,HUM,302796991.0
2022,SO,302490321.0
2022,JXN,302471684.0
2022,XPEV,302338662.0
2022,FIS,300597637.0
2022,PNC,300059152.0
2022,KHC,299287449.0
2022,HPQ,299154400.5
2022,NCLH,299125224.5
2022,FYBR,298671134.0
2022,BIL,298302612.5
2022,RSP,297730505.0
2022,ULTA,294285647.5
2022,CL,294256336.0
2022,ILMN,292627210.0
2022,XLRE,292276012.0
2022,AR,292260831.5
2022,MMM,290293532.5
2022,MCK,290211174.5
2022,LCID,288896173.0
2022,MCHP,287918853.0
2022,U,287508250.5
2022,BSX,287382922.5
2022,EQT,286395315.5
2022,X,285337914.0
2022,ALB,283135305.5
2022,SU,279765515.5
2022,DHI,279533274.0
2022,LNG,275789732.5
2022,BSV,275644324.0
2022,TFC,275585153.5
2022,AA,275217104.5
2022,GD,274868959.0
2022,ADSK,274588109.5
2022,APD,274041179.5
2022,XLC,274027217.5
2022,OKTA,273623401.0
2022,SCHF,273339175.5
2022,AFRM,273004003.5
2022,VEU,272904916.0
2022,AIG,272794151.5
2022,PGR,271904909.0
2022,ETSY,270973716.5
2022,RCL,270778714.5
2022,USMV,270521991.0
2022,VXUS,269607317.0
2022,MBB,269594769.5
2022,HLT,269181557.0
2022,KMI,268682413.0
2022,BDX,268598026.0
2022,EA,268505701.0
2022,POR,267856112.0
2022,GNRC,267833750.5
2022,NUE,265357089.0
2022,TJX,265055729.0
2022,BKLN,264995367.0
2022,ZTS,264695403.5
2022,O,264588196.0
2022,AEP,264269601.0
2022,DLTR,261753809.5
2022,CVNA,261109041.0
2022,FTNT,260470205.0
2022,EBAY,260426453.0
2022,ASHR,259459147.5
2022,WBD,259327105.5
2022,HTCR,258894730.0
2022,MET,258220683.5
2022,ALGN,257841973.0
2022,ICE,257366391.0
2022,NVAX,257220955.0
2022,VIG,256532674.0
2022,CMG,255583821.0
2022,FISV,255312002.0
2022,COF,255253596.5
2022,CME,253621908.5
2022,ITB,253383853.5
2022,XME,252218728.5
2022,ITOT,251008765.5
2022,EXC,250197673.5
2022,ADM,249160932.0
2022,ABCL,247531517.0
2022,DUK,246280677.0
2022,GDXJ,246244700.0
2022,IWB,245514369.0
2022,VPL,245139164.0
2022,M,244497418.0
2022,BEKE,243956862.0
2022,SBAC,243926098.5
2022,SIVB,243759415.5
2022,NET,243116108.5
2022,OVV,242474055.0
2022,OVV,242474055.0
2022,VYM,242447075.5
2022,QID,241318361.5
2022,EYE,240785890.0
2022,LVS,240378804.5
2022,KR,239769461.0
2022,IQV,239684552.0
2022,IQV,239684552.0
2022,IAU,239559590.0
2022,ROST,238479502.5
2022,ZEN,237744794.0
2022,MNST,237001231.5
2022,PRF,236942307.5
2022,ETN,236485862.0
2022,NSC,236018029.0
2022,SNPS,235529160.0
2022,EWJ,235218238.0
2022,TTD,235045027.5
2022,BKR,234630472.0
2022,IJJ,233999532.0
2022,LABD,233208643.5
2022,UPST,232946873.0
2022,PINS,232315833.5
2022,GIS,232009988.0
2022,ROP,231811370.5
2022,DKNG,231204925.0
2022,DKNG,231204925.0
2022,REV,230804924.0
2022,EW,230381420.0
2022,SSO,230030926.5
2022,LAZR,229946745.0
2022,LAZR,229946745.0
2022,NRSN,228314995.0
2022,TTWO,228034189.0
2022,SCHP,227466634.0
2022,SYK,227259506.5
2022,CTVA,227237114.0
2022,PSA,227154353.5
2022,D,225736884.5
2022,IBB,225662148.0
2022,SARK,225354850.5
2022,ZIM,224614577.0
2022,DXCM,224299679.0
2022,BBY,224193049.0
2022,DFSD,223637228.0
2022,YELP,223173710.0
2022,QLD,223089052.5
2022,RIO,222873028.5
2022,SSRM,222215301.0
2022,SPOT,221924206.0
2022,VEEV,221668707.5
2022,ET,221205241.0
2022,SPG,220321375.0
2022,MMC,219878800.0
2022,HSY,219150995.0
2022,SEDG,218980709.5
2022,GBF,215596734.0
2022,HAIN,214310438.0
2022,SWK,213671747.0
2022,SPLG,213368386.0
2022,EWT,213149658.5
2022,ROK,212962744.5
2022,EMR,212896135.5
2022,VGT,212700293.0
2022,EVFM,212247762.0
2022,BLUE,212127032.0
2022,OWL,211634576.5
2022,BILL,211515398.5
2022,WBA,211329331.0
2022,VT,210614315.0
2022,IVT,210567888.0
2022,LUV,209938918.5
2022,DLR,209170076.5
2022,JPST,208904237.5
2022,VO,208896543.5
2022,RH,208893842.0
2022,SCHD,208797980.0
2022,URI,208781893.0
2022,NLY,208600672.5
2022,ODFL,207685880.5
2022,GUSH,207023336.0
2022,IDXX,206753049.5
2022,MCO,206719031.0
2022,LYB,206504285.5
2022,HYS,206407932.0
2022,IEI,206148231.0
2022,XHB,205104614.5
2022,TECK,204805787.0
2022,TFLO,204064894.0
2022,GSK,204026137.5
2022,COGT,203822769.0
2022,XEL,203743789.0
2022,ITUB,203633159.5
2022,UDOW,203623706.5
2022,CHK,203200049.5
2022,YOU,202818525.0
2022,AXSM,202604515.0
2022,PCG,202321129.0
2022,HLF,201702324.0
2022,SDOW,201629829.0
2022,LEN,201463687.5
2022,CNC,201008810.0
2022,SPLV,200644687.0
2022,RDBX,200542688.5
2022,KZR,200342241.5
2022,MTCH,200131376.0
2022,PBTS,199781131.5
2022,BHP,199505308.5
2022,CVE,198942533.0
2022,TROW,198753233.5
2022,SGEN,198004727.0
2022,BOIL,197660979.0
2022,JCI,197172237.0
2022,SAGE,197156998.0
2022,OMCL,196970410.0
2022,IWN,196795358.0
2022,PAYX,196348565.5
2022,VIOO,196143791.0
2022,LH,194563446.5
2022,CMTG,194132853.0
2022,TSCO,193997947.5
2022,SYF,193970803.5
2022,AZPN,193843535.0
2022,AON,193840111.0
2022,EWC,193796785.0
2022,ENDP,193316331.0
2022,MTUM,193305703.0
2022,WM,192989390.5
2022,SOFI,192169300.5
2022,FLCB,190906979.0
2022,TRV,190906440.5
2022,SRLN,190853985.0
2022,CDNS,190760585.0
2022,AMLX,190136766.0
2022,RYAN,189759671.0
2022,LHX,188732982.0
2022,STZ,187910376.5
2022,FROG,187785180.0
2022,ITW,187702004.5
2022,ERX,187182400.0
2022,FUTU,187056683.0
2022,ARE,186128508.0
2022,HUBS,186108586.5
2022,CHWY,185755205.0
2022,SRE,185076675.5
2022,SJNK,184833563.0
2022,SBNY,184158801.5
2022,GOVT,184130447.0
2022,COMM,184071848.0
2022,COMM,184071848.0
2022,VMW,184002122.0
2022,EWY,183917487.5
2022,JAN,183400793.0
2022,CNQ,183325383.5
2022,PWR,183066379.0
2022,CFG,182472905.5
2022,AUPH,182359441.0
2022,DPZ,182206697.0
2022,NTES,181458482.5
2022,SPDW,180807576.0
2022,APTV,180515546.5
2022,SPTL,180482577.0
2022,PLAN,180373078.0
2022,DFS,179581049.0
2022,W,179544269.5
2022,IXUS,179436159.0
2022,WDC,179389846.0
2022,BIIB,178947369.0
2022,WYNN,178497355.5
2022,IEUR,178380378.5
2022,HYEM,178039469.5
2022,OKE,177868634.5
2022,DAWN,177866908.0
2022,ASPN,177681326.5
2022,KMB,177269215.5
2022,CLAR,177022160.0
2022,SWKS,176758620.0
2022,VB,176670794.0
2022,CLVS,176670735.0
2022,WFRD,176566430.0
2022,CLX,176159045.0
2022,ALL,176057951.5
2022,XEMD,175997872.0
2022,MGM,175815433.0
2022,HST,175625325.5
2022,WELL,175346356.0
2022,A,175166947.5
2022,EPD,174944938.0
2022,K,173992766.0
2022,VTIP,173986925.0
2022,BILI,173306391.5
2022,SRRK,172820427.0
2022,IWO,172709225.0
2022,PH,171319253.0
2022,ZI,170923204.0
2022,ZI,170923204.0
2022,FRC,170386420.0
2022,CTSH,170369939.0
2022,CMF,170307101.0
2022,MSCI,170283166.0
2022,PBR.A,169705381.0
2022,DRE,169584764.0
2022,PRM,169560789.0
2022,TDOC,169469255.5
2022,BAX,169405794.0
2022,IPOF,168152886.0
2022,SHYG,167982005.0
2022,TDG,167844096.0
2022,TPTX,167716903.0
2022,AMED,167141312.0
2022,COHR,167037747.0
2022,EDU,166989513.0
2022,WTFC,165577477.5
2022,ABC,165499372.5
2022,EFV,164485417.5
2022,TENB,164376638.0
2022,ENVX,164260782.0
2022,PPL,164109415.5
2022,MPWR,164085049.5
2022,SHC,163822529.0
2022,KSS,163691985.0
2022,HESM,163334116.0
2022,LYFT,163231396.5
2022,SPLK,163211880.5
2022,USHY,163165098.0
2022,VIXY,163071613.0
2022,EVA,162702521.0
2022,UNG,162499888.5
2022,PBW,162481640.5
2022,ITA,162311740.5
2022,HLMN,162301004.0
2022,CODI,162239768.0
2022,GPN,161124151.0
2022,VCR,160986671.0
2022,VONV,160618595.5
2022,QRTEA,160493150.0
2022,PRU,160459934.0
2022,IVE,160283038.0
2022,APO,160213831.0
2022,QUAL,160185777.5
2022,NARI,160097510.0
2022,SYY,160036970.5
2022,IYT,159975085.5
2022,EME,159869948.0
2022,KNBE,159612904.0
2022,MPW,159572835.5
2022,NOK,159232270.0
2022,TEL,159138681.5
2022,TFI,158544365.0
2022,NLOK,158424353.0
2022,IVW,158333497.5
2022,SCHB,158204476.0
2022,CMRA,157904703.0
2022,ARRY,157471952.0
2022,ECL,157218088.5
2022,TER,157105990.0
2022,HYLB,156759048.5
2022,NE,156392467.0
2022,FBRT,156259151.5
2022,STT,155898746.5
2022,BG,155880528.5
2022,CPG,155674199.0
2022,TBT,155093927.0
2022,WRBY,154902986.0
2022,OPCH,154869909.0
2022,EPAM,154813020.0
2022,AVGOP,154650285.0
2022,RUN,154576652.5
2022,WY,154377450.0
2022,DRI,153962812.0
2022,QLTA,153888135.5
2022,NVS,153819949.0
2022,RPM,153484661.0
2022,ACWX,153400994.0
2022,NFRA,153288563.0
2022,SQM,153239599.0
2022,HOOD,153172480.0
2022,CTAS,152855041.0
2022,INDA,152332884.5
2022,MTD,151898649.0
2022,POOL,151857571.5
2022,EMBC,151539303.0
2022,PPG,151523355.0
2022,WISH,151519658.0
2022,ACAD,151286314.0
2022,JPHY,151213707.0
2022,INFY,151175201.0
2022,ACC,151106591.0
2022,WEC,151037881.0
2022,BOX,150739250.0
2022,CP,150578568.5
2022,FITB,150494921.5
2022,EMLC,150257399.0
2022,BHC,150164078.0
2022,CZR,150111022.0
2022,ORA,149981014.5
2022,SAIL,149979457.0
2022,IFF,149837842.0
2022,CNI,149809335.0
2022,AI,149800380.0
2022,TT,149637764.0
2022,OMFL,149597385.0
2022,SNA,149496541.0
2022,CMP,149284461.0
2022,DXC,149018806.0
2022,MREO,148648970.0
2022,BBWI,148525729.0
2022,CBRE,148022616.5
2022,CBRE,148022616.5
2022,PBF,147690353.5
2022,CHGG,147600273.5
2022,KEY,147440410.5
2022,RSG,147389220.0
2022,JOBY,147384848.0
2022,IYG,147305900.0
2022,VRM,147065556.0
2022,BFH,146962786.0
2022,KMX,146913084.5
2022,MTB,146325446.0
2022,MOG.A,146178208.0
2022,IMPP,145993099.0
2022,CHPT,145868008.5
2022,VGSH,145624792.0
2022,PJUL,145352907.0
2022,ING,144925808.0
2022,IVOL,144878552.0
2022,BK,144855531.0
2022,CARR,144846028.0
2022,CARR,144846028.0
2022,EFX,144710287.0
2022,PCAR,144667656.5
2022,TRGP,144423579.5
2022,OGN,144175295.0
2022,VDE,144143141.5
2022,CINF,144070958.0
2022,LYT,143790465.0
2022,FEZ,143630063.0
2022,RRC,143496249.0
2022,BZ,143422956.0
2022,SPYV,143140631.5
2022,WSM,143109590.0
2022,NXTG,143042303.0
2022,GPOR,142547314.0
2022,RE,142243624.5
2022,MCY,142155125.0
2022,AEE,142012717.5
2022,DELL,141959810.0
2022,ENIA,141919372.0
2022,FLR,141896289.0
2022,STIP,141735441.0
2022,DD,141647149.0
2022,DQ,141623628.0
2022,BNTX,141507921.5
2022,SHLS,141230823.5
2022,ENB,141061919.0
2022,FNGU,140935989.5
2022,FE,140745947.0
2022,VSS,140656891.5
2022,TPX,140557718.0
2022,HDV,140535632.5
2022,KKR,140369040.0
2022,APH,139766213.0
2022,UL,139587920.5
2022,BLDR,139497505.5
2022,VFC,139491370.0
2022,LZ,139457522.0
2022,FLCO,139457455.0
2022,MSTR,139358758.5
2022,GLDM,139356123.5
2022,EQR,139268760.5
2022,LOPE,139224408.5
2022,BURL,139212090.0
2022,BBD,139163144.0
2022,CAR,138499445.0
2022,KOLD,138391270.0
2022,HPE,138358079.0
2022,SPTS,138161494.0
2022,CPRI,137977812.0
2022,SCHX,137951794.0
2022,BTU,137942075.0
2022,OTIS,137883205.5
2022,OTIS,137883205.5
2022,CCJ,137558635.5
2022,GCP,137294804.0
2022,FNDX,137276961.0
2022,DBC,137185024.0
2022,LOVE,137112172.0
2022,LSI,137057136.0
2022,LSI,137057136.0
2022,LFG,137049957.0
2022,BLKB,136897576.0
2022,Z,136860426.5
2022,BNDX,136808871.0
2022,STLD,136735623.5
2022,HZNP,136568267.0
2022,COMP,136382915.0
2022,INVH,136299566.0
2022,ESTC,136098687.0
2022,ALNA,136097292.0
2022,YUMC,135803944.0
2022,FAST,135660731.0
2022,HBAN,135631356.5
2022,BOXD,135621904.0
2022,EZU,135546635.0
2022,DKS,135529418.0
2022,QLYS,135476168.0
2022,GNR,135375956.0
2022,ZBRA,135349300.0
2022,SVXY,135279240.0
2022,CLR,135269173.5
2022,RF,135123371.0
2022,IWR,135007512.0
2022,PEG,134992863.0
2022,CM,134852894.0
2022,TCOM,134631572.0
2022,SWCH,134514859.0
2022,UUP,134491081.0
2022,IGSB,134376364.5
2022,AAP,134289423.0
2022,ZBH,133311129.5
2022,PTRA,132869616.0
2022,ACGL,132741689.5
2022,EWA,132576348.0
2022,EFOI,132493404.5
2022,G,132188223.0
2022,TRVI,132027153.0
2022,PDBC,131930310.0
2022,FTDR,131908121.0
2022,BPMC,131367730.0
2022,CTLT,131281888.5
2022,HUSA,131256402.0
2022,BERY,131037562.0
2022,TSN,130795046.0
2022,STWD,130788911.0
2022,OLO,130778951.0
2022,ED,130757143.5
2022,ENTG,130718978.5
2022,KSA,130547835.0
2022,PATH,130533493.5
2022,GSLC,130460247.0
2022,NVO,130372519.5
2022,LYV,130339480.5
2022,XENE,130051335.0
2022,CE,130031749.0
2022,ISTB,129941516.0
2022,PWZ,129748681.0
2022,LBRT,129718991.5
2022,FNDE,129541774.0
2022,QRVO,129478907.5
2022,SRPT,129222845.0
2022,AFL,129184747.0
2022,GLW,129060487.5
2022,AGNC,129000580.5
2022,AVB,128855788.0
2022,VG,128762094.5
2022,CRSP,128677564.0
2022,CANO,128632439.0
2022,NDAQ,128562823.5
2022,SPTI,128504501.5
2022,SPTI,128504501.5
2022,GEVO,128476476.5
2022,PECO,128382119.0
2022,IYM,128371913.0
2022,AWK,128339637.5
2022,WPC,128301995.0
2022,GWW,128136206.5
2022,ANET,127990913.5
2022,RXI,127925398.0
2022,AMP,127913844.5
2022,SPYG,127761428.0
2022,APTS,127702398.0
2022,CMI,127322412.5
2022,MNDT,127280375.0
2022,AVTR,127254841.0
2022,WHR,127022208.0
2022,BALL,126985165.0
2022,MINT,126903582.5
2022,AVDX,126881693.0
2022,TECS,126747375.0
2022,MGK,126137388.0
2022,FDS,126016153.5
2022,AKAM,125981150.0
2022,CEG,125879912.5
2022,DVY,125637288.0
2022,PAVE,125582450.0
2022,FPE,125413726.0
2022,NRG,125401379.0
2022,CGNX,125116375.0
2022,ABG,125103766.0
2022,FTV,125043086.0
2022,CNP,124859125.0
2022,DBA,124772096.0
2022,SJM,124749222.5
2022,AVNT,124619091.0
2022,FSLY,124600664.0
2022,BGNE,124520705.0
2022,GUNR,124504691.0
2022,ESGU,124297587.0
2022,WAT,124098619.0
2022,TD,123726419.0
2022,TECL,123673605.0
2022,CHX,123528290.0
2022,RMD,123354025.0
2022,AVAV,123216403.0
2022,EBIX,123190125.0
2022,LMBS,123074636.0
2022,PENN,123022557.0
2022,VONG,122995026.0
2022,AMR,122993873.5
2022,BJ,122991701.0
2022,TRU,122932270.0
2022,JBL,122903468.5
2022,JKHY,122758215.5
2022,IR,122742748.0
2022,AVYA,122564792.0
2022,DISH,122356028.0
2022,ALNY,121968237.0
2022,GL,121892644.5
2022,IGT,121857172.0
2022,ESS,121565878.0
2022,AES,121529612.0
2022,VMBS,121507938.0
2022,SPIB,121506408.0
2022,VPU,121329774.5
2022,CHD,121242558.0
2022,SWAV,121159771.5
2022,ADPT,121138045.0
2022,DRIP,120942777.0
2022,SIG,120923500.0
2022,FIVE,120846089.0
2022,FLT,120846066.5
2022,ES,120813407.0
2022,NSIT,120388059.0
2022,OEF,120355946.0
2022,CPE,120216955.0
2022,MTTR,120163024.0
2022,STX,120029026.5
2022,SSNC,120015897.0
2022,DINO,119950100.5
2022,PEAK,119853019.5
2022,PEAK,119853019.5
2022,WSO,119529596.0
2022,NDSN,119471821.0
2022,ANGL,119285109.0
2022,GTLS,119249812.0
2022,CCK,119202493.0
2022,SPIP,119148982.0
2022,SPIP,119148982.0
2022,PRFZ,119122580.5
2022,ANSS,119080960.0
2022,MKL,119060984.0
2022,IBN,119041706.0
2022,VV,118991909.5
2022,LBTYK,118775420.5
2022,NRZ,118732771.5
2022,AEM,118654834.0
2022,PDCE,118440791.0
2022,VTNR,118353989.5
2022,AJG,118286109.5
2022,FNDA,118215484.0
2022,SABR,118128294.0
2022,EWW,118095716.5
2022,ACVA,118068883.0
2022,LU,117983510.0
2022,USFD,117966368.0
2022,KGC,117964251.0
2022,DB,117918073.0
2022,VRSK,117865519.0
2022,WTW,117814413.0
2022,EXPD,117641137.5
2022,AFIB,117634382.0
2022,FIGS,117573967.0
2022,VCLT,117542334.0
2022,SPSB,117484001.0
2022,RIG,117377721.0
2022,TPR,117274298.0
2022,YUM,117033495.5
2022,MOH,116959567.0
2022,VGIT,116894102.0
2022,HTHT,116795562.0
2022,CPB,116725680.5
2022,EWU,116468405.5
2022,CLOV,116435255.0
2022,BNTC,116391660.0
2022,CPRT,116391109.5
2022,MGA,116310156.0
2022,SPYD,116215505.0
2022,SRRA,116170396.0
2022,UHS,116011906.0
2022,ILF,116003185.0
2022,BTI,115836868.5
2022,LAMR,115733554.0
2022,EMN,115646830.0
2022,SPCE,115577093.5
2022,HTA,115535593.5
2022,HTA,115535593.5
2022,LHCG,115469199.5
2022,MSI,115442498.0
2022,AYI,115438151.5
2022,COO,115213342.5
2022,IWP,115182968.0
2022,ADC,115147693.0
2022,WIX,115029714.0
2022,KEYS,114859895.0
2022,DAR,114721179.0
2022,COUP,114717058.0
2022,CTIC,114681778.0
2022,NI,114633959.0
2022,LDOS,114597606.0
2022,VBR,114543905.5
2022,MTZ,114528965.5
2022,SAVE,114523307.0
2022,MLM,114433565.0
2022,MXI,114386143.0
2022,EVBG,114325905.0
2022,CIEN,114297131.0
2022,LBRDK,114149844.5
2022,UNFI,113777899.0
2022,VST,113704183.5
2022,NYT,113695590.5
2022,HALO,113551219.0
2022,JEPI,113476998.0
2022,FND,113326202.5
2022,DGX,113305280.0
2022,VAC,113254753.0
2022,AMCR,113229514.5
2022,IP,113179884.0
2022,WGO,113101360.0
2022,HDB,113094026.0
2022,NU,113079417.0
2022,AMLP,113055063.0
2022,ICLR,112978278.0
2022,ALLY,112915089.5
2022,XRAY,112858310.0
2022,MQ,112780605.0
2022,BITO,112756258.0
2022,WEBR,112755073.0
2022,AUY,112746975.0
2022,SCHR,112671155.0
2022,RNG,112274477.0
2022,DFAC,112235893.0
2022,LQDH,112161035.5
2022,SPHQ,112127697.0
2022,KREF,112114942.0
2022,AGCO,112089778.0
2022,NCR,111741777.0
2022,PAA,111634119.0
2022,SPT,111560559.0
2022,EBND,111509188.5
2022,VOX,111489009.0
2022,ETR,111395241.0
2022,MAS,111366944.0
2022,CRL,111326833.0
2022,DOV,111311183.0
2022,QYLD,111260645.5
2022,PMVP,111247917.0
2022,WMS,111185105.0
2022,CMS,111102390.5
2022,FDN,110880198.0
2022,IUSB,110827990.0
2022,SAFM,110667911.0
2022,IGIB,110661913.0
2022,SAP,110650260.5
2022,IVLU,110606844.0
2022,OC,110511449.0
2022,LUMN,110407326.0
2022,OLN,110306224.0
2022,KIM,110236658.0
2022,SUB,110201809.0
2022,CNMD,110163261.0
2022,BKSY,110153111.0
2022,YINN,110116642.0
2022,CC,109645854.0
2022,LOGI,109621329.0
2022,CDW,109604144.0
2022,STM,109571645.0
2022,ATO,109521120.5
2022,NUAG,109503266.0
2022,IRWD,109409460.0
2022,CDK,109329899.0
2022,SGOV,109324903.0
2022,ASZ,109302783.0
2022,XELA,109123086.0
2022,XELA,109123086.0
2022,REVB,108975711.0
2022,CMA,108972129.0
2022,MULN,108912874.5
2022,SCI,108835602.0
2022,CWEB,108682455.5
2022,SEAS,108628871.0
2022,ARGX,108524931.5
2022,CPT,108523941.0
2022,FFIV,108387636.5
2022,EXR,108381986.5
2022,MTN,108269456.0
2022,AME,108177640.0
2022,CTXS,108045391.0
2022,CYRN,108040074.0
2022,VIS,108036525.0
2022,RL,108030196.5
2022,SCHO,107992125.0
2022,FCN,107969993.5
2022,SPAB,107943683.0
2022,RACE,107934151.5
2022,NTAP,107908110.5
2022,NUGT,107797431.0
2022,TRP,107714642.0
2022,IYJ,107586797.0
2022,STOR,107537971.0
2022,FTGC,107484290.0
2022,ARCH,107419552.0
2022,S,107380787.0
2022,GFI,107321468.0
2022,CAG,107307718.5
2022,OPEN,107128138.0
2022,BMRN,107058262.0
2022,DTE,106745676.0
2022,RJF,106599247.5
2022,SCZ,106563522.0
2022,PRGO,106544253.5
2022,ELAN,106401279.5
2022,MFC,106322561.0
2022,ICLN,106302903.5
2022,Y,106250865.0
2022,SM,106184953.5
2022,GFS,106176906.0
2022,PTON,106131362.0
2022,TME,106069908.0
2022,EXP,105891006.5
2022,HTH,105777878.0
2022,STE,105731003.0
2022,SDY,105717070.0
2022,WLK,105693016.0
2022,PDCO,105635728.0
2022,FTCH,105625485.0
2022,IGF,105589831.0
2022,SCCO,105571815.0
2022,ARES,105523195.0
2022,GLOB,105485856.5
2022,HP,105453189.0
2022,CHKP,105448296.0
2022,VMC,105334342.0
2022,ZION,105256560.0
2022,LPLA,105181834.5
2022,HCP,105150830.0
2022,PFF,105099095.5
2022,URA,105089368.5
2022,TOST,104967131.5
2022,VFH,104854934.0
2022,IWV,104848505.0
2022,SMAR,104825967.0
2022,EVOK,104801757.0
2022,DT,104705572.0
2022,BIV,104643528.5
2022,TOL,104620555.0
2022,EQNR,104531922.0
2022,BUD,104460413.0
2022,IQ,104320523.0
2022,DUOL,104236978.0
2022,WST,104135778.5
2022,CDAY,103976841.5
2022,FOXA,103936107.0
2022,PGX,103916677.5
2022,NLSN,103884243.5
2022,CNHI,103872596.5
2022,EIX,103802735.0
2022,HOLX,103757753.0
2022,CSGP,103725148.0
2022,GO,103692725.0
2022,CEAD,103687217.0
2022,YMTX,103544434.0
2022,YMTX,103544434.0
2022,HAS,103524979.0
2022,DVA,103524088.0
2022,KBE,103479255.0
2022,AAXJ,103403672.0
2022,SCHZ,103280901.0
2022,RPRX,103118305.0
2022,LPI,103075642.0
2022,WPM,103030279.0
2022,ARCC,102970024.5
2022,UEC,102892715.0
2022,ICSH,102836660.0
2022,PAYC,102815146.0
2022,DWAC,102619526.0
2022,HSBC,102543595.0
2022,TREX,102533416.5
2022,CHNG,102528697.0
2022,TTE,102439176.0
2022,SPHD,102402089.0
2022,REXR,102304152.5
2022,FALN,102262292.0
2022,CAH,102260150.0
2022,PTC,102241641.0
2022,GPC,102232742.0
2022,IDEV,102130185.0
2022,MPLX,102116127.0
2022,TDY,102028907.5
2022,JLL,101919204.5
2022,OMC,101895547.5
2022,PTCT,101867764.5
2022,SCO,101828321.0
2022,USFR,101813563.0
2022,IWS,101801782.0
2022,UTHR,101762456.0
2022,CG,101738862.0
2022,CNR,101676133.0
2022,STNG,101658525.0
2022,SPDN,101572738.0
2022,FLOT,101521988.0
2022,PETZ,101519284.0
2022,IEX,101515160.0
2022,SLQD,101398659.0
2022,L,101365244.0
2022,SPEM,101359788.0
2022,MKC,101300629.0
2022,VEDU,101182608.0
2022,MIDD,100931857.0
2022,VOE,100914898.0
2022,IXP,100859362.0
2022,IPGP,100852211.0
2022,DOX,100835497.0
2022,HYDW,100774865.0
2022,FTSM,100613267.0
2022,VOD,100601203.0
2022,GBIL,100518169.0
2022,WBT,100426629.0
2022,UVIX,100407788.0
2022,FICO,100286616.0
2022,JBHT,100283365.5
2022,SIRI,100191959.5
2022,AOK,100100100.0
2022,DEO,99957640.0
2022,ESGD,99949178.5
2022,MGY,99943655.0
2022,HWM,99822953.5
2022,HWM,99822953.5
2022,KBR,99787539.0
2022,RDUS,99781300.0
2022,VHT,99684928.0
2022,WRK,99682688.5
2022,QS,99528345.0
2022,VDC,99500490.0
2022,JWN,99331944.5
2022,INCY,99265567.0
2022,SONO,99243501.0
2022,SRTY,99126262.5
2022,IPG,99086344.0
2022,AUVI,99073563.0
2022,LTHM,99028989.5
2022,EWG,99012602.5
2022,MRTX,98939567.0
2022,BNS,98871190.5
2022,CPNG,98859596.0
2022,HYD,98822550.0
2022,CASY,98800936.5
2022,OAS,98752106.0
2022,SCHG,98696036.0
2022,GPS,98548992.0
2022,UDR,98547812.0
2022,IHF,98525196.0
2022,VSCO,98518711.0
2022,PK,98514421.0
2022,UBS,98495567.0
2022,SHM,98419002.0
2022,TTC,98383898.0
2022,HIG,98304568.0
2022,AZEK,98266817.0
2022,WWE,98230954.0
2022,MT,98185502.0
2022,TU,98068288.0
2022,FNF,98036258.5
2022,HTGM,98016434.0
2022,STLA,98000204.5
2022,EFG,97967234.0
2022,UNM,97883375.0
2022,PSTG,97881260.5
2022,BXP,97876786.0
2022,STNE,97854355.0
2022,VIRT,97827873.0
2022,CCMP,97803941.5
2022,CHRW,97771666.0
2022,QSR,97752684.0
2022,PKI,97665964.0
2022,JKS,97653231.5
2022,EVRG,97629224.5
2022,USIG,97615166.0
2022,USIG,97615166.0
2022,VXF,97588930.0
2022,WCN,97520244.5
2022,NVR,97513334.5
2022,GDS,97508716.0
2022,SUI,97504039.5
2022,GXO,97439382.5
2022,OLLI,97437454.5
2022,VLUE,97401067.0
2022,AN,97346133.5
2022,IJS,97274475.0
2022,MAA,97259154.0
2022,NTRS,97213914.0
2022,NRGU,97177233.0
2022,EUFN,97093194.0
2022,FAS,96978899.0
2022,BYND,96827507.0
2022,IOO,96745002.0
2022,TLRY,96743932.0
2022,PHM,96743426.5
2022,TAN,96734814.0
2022,IXC,96704128.0
2022,PSTH,96663559.0
2022,CXSE,96495700.0
2022,SPHB,96462049.0
2022,MTDR,96274846.0
2022,GTLB,96253241.5
2022,TMV,96178297.0
2022,EWD,96159145.0
2022,TWM,96089191.0
2022,HTZ,96081994.0
2022,FVD,96054761.5
2022,RWR,95918035.5
2022,AVUV,95892401.5
2022,LNC,95779151.0
2022,AVY,95765313.0
2022,IPAC,95676021.0
2022,CS,95619183.0
2022,EXAS,95561981.0
2022,GBT,95527506.0
2022,VRSN,95521898.0
2022,ACI,95511131.5
2022,SJB,95433267.0
2022,JBLU,95381286.0
2022,NOG,95215713.0
2022,LPX,95169156.0
2022,MP,95104863.0
2022,SUSL,95057737.0
2022,IGM,94894307.0
2022,YANG,94893183.0
2022,JETS,94888695.0
2022,HSIC,94799093.5
2022,SNY,94796437.0
2022,VXX,94723710.0
2022,SAIA,94599056.0
2022,ARKG,94474585.0
2022,OMF,94405345.0
2022,EQH,94360359.0
2022,HRL,94318952.0
2022,FLCA,94277935.0
2022,BYD,94233188.0
2022,SBLK,94186207.5
2022,RHI,94176003.0
2022,ELS,94117850.0
2022,HQY,94026041.0
2022,FNV,94002583.5
2022,WAB,93940875.0
2022,VBK,93933971.5
2022,WFG,93916233.0
2022,FSLR,93910303.0
2022,HII,93886381.0
2022,DECK,93852997.5
2022,HYMB,93786274.0
2022,SCHH,93780036.0
2022,RWM,93761001.0
2022,FNDF,93658982.0
2022,MHK,93634492.0
2022,NWL,93601885.5
2022,SONY,93574221.0
2022,HPP,93519274.0
2022,WEAT,93513244.0
2022,KNX,93498372.5
2022,ARW,93468840.0
2022,REM,93467636.5
2022,MARA,93418640.0
2022,IT,93336092.0
2022,JNPR,93140299.0
2022,BR,93132390.0
2022,MGV,92996124.0
2022,WOLF,92919115.0
2022,GDDY,92705912.0
2022,XP,92674062.0
2022,AMN,92563782.0
2022,R,92500707.0
2022,MASI,92442770.0
2022,CSL,92355981.0
2022,ERY,92330821.0
2022,PVH,92325118.0
2022,CLVT,92231773.5
2022,XYL,92013484.0
2022,RPV,91997551.0
2022,ITT,91953138.0
2022,TFX,91945762.0
2022,FHN,91791506.0
2022,DOCN,91765923.5
2022,FRT,91753788.5
2022,DGRO,91669442.5
2022,CBRL,91646516.0
2022,NVCR,91607396.0
2022,SMG,91532979.0
2022,HUN,91531174.0
2022,WRB,91509373.0
2022,IUSG,91495270.5
2022,UMC,91487795.0
2022,VGLT,91484062.0
2022,ALK,91427600.0
2022,LSCC,91401577.5
2022,BBBY,91391421.0
2022,TAP,91386400.0
2022,BMBL,91308843.0
2022,APPS,91259849.0
2022,FLEX,91251731.0
2022,MATX,91245469.0
2022,EWL,91166376.0
2022,LII,91142446.5
2022,FBHS,90996673.5
2022,ASAN,90983531.0
2022,IIVI,90979601.0
2022,EHC,90877432.0
2022,AEO,90848953.5
2022,FWONK,90808134.0
2022,TEVA,90799067.0
2022,ABEV,90778174.0
2022,VOOG,90675135.0
2022,PODD,90588460.5
2022,VTWO,90555174.5
2022,SCHM,90466066.0
2022,PNW,90429969.0
2022,VTRS,90386970.0
2022,DXJ,90307880.0
2022,AMH,90291592.5
2022,TELL,90142366.0
2022,SYM,90131766.0
2022,APP,90119330.5
2022,ALC,90103248.0
2022,MUSA,89844042.0
2022,ASO,89678728.0
2022,WAL,89648389.5
2022,VERU,89533197.0
2022,RY,89373649.5
2022,PLTK,89309803.0
2022,IHI,89305760.0
2022,AXTA,89240685.0
2022,FMS,89139053.0
2022,SCHV,89133181.5
2022,NOV,89043486.5
2022,ERIC,88965879.5
2022,FOUR,88948517.0
2022,WCC,88862583.0
2022,BAH,88832842.0
2022,CFR,88824028.0
2022,ABMD,88816411.0
2022,IYE,88786001.0
2022,OGE,88756558.0
2022,RGLD,88749778.0
2022,UAA,88704885.5
2022,RS,88694167.0
2022,THC,88567233.0
2022,PFG,88541993.0
2022,ATKR,88524304.0
2022,XPO,88483121.0
2022,ALLE,88436313.5
2022,MVST,88292391.0
2022,BAM,88290604.0
2022,CROX,88226456.0
2022,LRN,88117861.0
2022,COWZ,88084456.5
2022,IRT,88004532.5
2022,DBX,88000946.0
2022,INSP,87975196.0
2022,UUUU,87928387.0
2022,THO,87859871.5
2022,PACW,87789275.0
2022,CDEV,87777906.0
2022,MGNI,87734538.0
2022,FAZ,87730397.0
2022,TECH,87695584.0
2022,BRO,87613826.0
2022,NOBL,87588790.0
2022,ATSG,87398904.0
2022,BECN,87374532.0
2022,BTG,87359539.0
2022,RIOT,87248330.0
2022,BLD,87143101.0
2022,UCO,87091430.0
2022,NOVA,87087418.0
2022,VTR,87066355.5
2022,VIPS,87057569.0
2022,AVLR,87020377.5
2022,MMP,86977606.0
2022,PLAY,86927519.0
2022,NEWR,86802639.0
2022,QQQM,86760000.0
2022,CRC,86756963.0
2022,GGPI,86723214.0
2022,OHI,86582525.0
2022,FNGD,86547135.0
2022,SIX,86516690.5
2022,COLD,86370330.0
2022,LW,86360278.5
2022,BCE,86338379.0
2022,VRT,86310757.0
2022,VRT,86310757.0
2022,NYCB,86290792.0
2022,FERG,86273679.0
2022,ASH,86259480.0
2022,CELH,86164670.0
2022,BRX,86109474.0
2022,NFE,86073670.5
2022,GGB,85900656.0
2022,LAD,85863439.0
2022,EFAV,85771467.5
2022,HBI,85689277.0
2022,BEN,85682440.0
2022,GOGL,85642712.0
2022,ICVT,85589443.0
2022,DGRW,85536973.0
2022,EMXC,85536822.0
2022,BC,85437563.0
2022,FDL,85208539.0
2022,LNT,85185001.5
2022,GRAB,85019092.0
2022,FMC,84976127.0
2022,STRO,84913793.0
2022,ROL,84881058.5
2022,WLL,84857643.0
2022,DNA,84641206.0
2022,SCHA,84597888.0
2022,TRMB,84437185.5
2022,IRTC,84262345.0
2022,TXRH,84179482.5
2022,LNTH,84171214.0
2022,FIVN,84148866.5
2022,GVI,84115381.0
2022,AMPH,84110934.0
2022,VWOB,84048409.0
2022,LKQ,84025521.0
2022,SPLB,84009135.5
2022,BIO,83969886.0
2022,GRMN,83942581.0
2022,JNUG,83931684.0
2022,IEZ,83916680.0
2022,SPMD,83914571.0
2022,VOYA,83909576.0
2022,WH,83898666.0
2022,AOS,83734919.0
2022,KBH,83628603.0
2022,PFGC,83624827.0
2022,TW,83618671.0
2022,BBEU,83584755.5
2022,ZTO,83527505.0
2022,GSIE,83471169.0
2022,IUSV,83356074.0
2022,ARKW,83213898.0
2022,CNX,83185411.0
2022,VNO,83143553.0
2022,CIVI,83111050.5
2022,PTEN,83108655.5
2022,SLG,83097998.5
2022,GT,82947691.0
2022,CBOE,82794231.0
2022,RGEN,82759188.0
2022,OLED,82699064.0
2022,QURE,82642593.0
2022,FTI,82564777.0
2022,J,82468965.0
2022,J,82468965.0
2022,IMMX,82427976.0
2022,BMO,82402055.0
2022,SI,82367042.0
2022,AIZ,82311051.5
2022,GLPI,82182813.0
2022,FRG,82164601.0
2022,FRG,82164601.0
2022,LITE,82041295.0
2022,NBIX,81895598.0
2022,COTY,81847659.0
2022,REG,81786785.0
2022,LEA,81707460.0
2022,SPWR,81616616.0
2022,MUR,81598939.0
2022,FR,81495326.0
2022,KBWB,81428908.0
2022,WSC,81408394.0
2022,CIB,81128489.0
2022,H,80992863.0
2022,DK,80768028.0
2022,IVR,80618338.0
2022,EMHC,80582020.0
2022,SCHE,80556876.0
2022,TS,80507856.0
2022,PEN,80469652.0
2022,VOT,80424082.0
2022,ABB,80356572.0
2022,CUBE,80285906.0
2022,MKTX,80113178.0
2022,NNN,80094251.0
2022,MTG,80066721.0
2022,CNVY,80043298.0
2022,RDVY,80043280.0
2022,PKG,80036684.0
2022,WBS,79726109.5
2022,VET,79595046.0
2022,PSB,79542023.5
2022,JDST,79445856.0
2022,FAF,79409048.0
2022,CNYA,79399052.0
2022,DBRG,79271304.5
2022,DBRG,79271304.5
2022,NTLA,79099534.5
2022,ACES,78949876.0
2022,MKSI,78687584.0
2022,AMBA,78575284.0
2022,CFLT,78562925.0
2022,MOO,78392199.0
2022,ALV,78316356.0
2022,FL,78270451.5
2022,EWH,78205197.0
2022,IVZ,78157980.5
2022,NVST,77999106.0
2022,RWT,77948785.0
2022,TXT,77899357.0
2022,DOCS,77763148.0
2022,FTSL,77582764.0
2022,TNDM,77444561.0
2022,JAZZ,77399627.0
2022,ESTE,77197733.0
2022,ROUS,77080709.0
2022,CRI,76989739.0
2022,TWOU,76926988.0
2022,MAT,76805632.0
2022,HEFA,76581750.0
2022,EEMV,76558949.5
2022,BCS,76455366.5
2022,BWA,76247336.0
2022,ERF,75993391.0
2022,ESGE,75892957.0
2022,DDS,75817090.0
2022,FCEL,75644922.0
2022,ACM,75461015.0
2022,EWBC,75458823.0
2022,SEE,75371791.0
2022,HRB,75246950.5
2022,UGI,75215867.0
2022,GXC,75018643.0
2022,TYL,74718548.0
2022,QDEL,74683028.0
2022,BRKR,74504493.0
2022,KOS,74166368.5
2022,VAL,74116658.0
2022,IMTE,74086031.0
2022,CABO,74041254.0
2022,URBN,73973238.0
2022,FRSH,73949696.0
2022,TXG,73687861.0
2022,NKLA,73665375.0
2022,ABM,73636684.0
2022,WU,73564696.5
2022,BKI,73248413.5
2022,BKI,73248413.5
2022,PAGS,72773320.0
2022,MNKD,72713288.0
2022,CRK,72682862.0
2022,PII,72476988.0
2022,WEX,72467665.0
2022,STAG,72076557.0
2022,RPD,71870591.5
2022,UMPQ,71762491.0
2022,EGLE,71739008.0
2022,HUBB,71542549.0
2022,SHO,71441261.0
2022,WING,71407818.0
2022,INDO,71176862.0
2022,AG,71024951.0
2022,HAE,70965644.0
2022,IOVA,70941078.0
2022,IOVA,70941078.0
2022,MTOR,70914305.0
2022,GLNG,70910936.0
2022,JMST,70724678.0
2022,HOG,70633874.0
2022,BB,70101136.0
2022,SLM,69899716.0
2022,ADNT,69615883.0
2022,SSTK,69566080.0
2022,KIE,69505808.0
2022,IMUX,69373729.0
2022,SAIC,69170219.0
2022,GPK,69128681.0
2022,SPR,69123168.0
2022,ULST,69053915.0
2022,IRM,68926164.0
2022,BBVA,68920927.0
2022,WTI,68891904.0
2022,DAC,68744572.0
2022,IJK,68705276.0
2022,BF.B,68474833.0
2022,SOPA,68431293.0
2022,EXEL,68384027.0
2022,QTWO,68302827.0
2022,TAL,68033485.0
2022,YETI,67857743.0
2022,TRTN,67749847.0
2022,GSG,67665984.0
2022,FSR,67557853.0
2022,DEM,66910926.0
2022,NICE,66847328.0
2022,ONON,66669044.0
2022,KXI,66625697.0
2022,RLX,66527759.0
2022,IDCC,66382337.0
2022,REGI,66350963.0
2022,ATI,65931674.0
2022,AAAU,65844089.0
2022,BROS,65494944.0
2022,DLO,63989055.0
2022,DISV,63425373.0
2023,TSLA,39696002077.0
2023,SPY,30081753965.0
2023,NVDA,18311270705.5
2023,QQQ,16589848237.0
2023,AAPL,9159288267.5
2023,AMD,7632168719.0
2023,MSFT,7370416546.5
2023,AMZN,6256994398.0
2023,IWM,5827433427.0
2023,META,5256639849.0
2023,TQQQ,3686640610.0
2023,BRK.A,3300458930.0
2023,GOOGL,3271180144.0
2023,GOOG,2605911089.5
2023,NFLX,2597650948.0
2023,HYG,2435283234.0
2023,SQQQ,2326471407.5
2023,TLT,2128530326.5
2023,AVGO,2076899460.0
2023,ADBE,2017815944.0
2023,LQD,1824938176.5
2023,IVV,1694820565.5
2023,UNH,1655666902.5
2023,CRM,1590103022.5
2023,VOO,1517515680.0
2023,XLE,1492589096.5
2023,V,1452800644.0
2023,XLF,1288845322.5
2023,INTC,1288575706.0
2023,ORCL,1264764284.5
2023,JPM,1230123859.5
2023,PLTR,1205203601.5
2023,BAC,1187844914.5
2023,BA,1184006825.5
2023,HD,1147153522.0
2023,SOXL,1139025769.0
2023,XLK,1127831665.0
2023,AI,1127332363.0
2023,XLV,1117825884.0
2023,XOM,1114642503.0
2023,PANW,1106960073.5
2023,BABA,1096652379.5
2023,SNOW,1091635496.0
2023,EFA,1091082113.5
2023,XLI,1088216190.5
2023,GLD,1086048405.5
2023,TSM,1044705685.0
2023,PYPL,1029051574.0
2023,DIA,1015555860.0
2023,JNJ,986258672.5
2023,DIS,980374042.0
2023,EEM,956784315.5
2023,WMT,917644502.0
2023,MA,892434573.5
2023,EWZ,891428069.0
2023,SMH,887768388.5
2023,UBER,885603770.0
2023,NKE,870415164.0
2023,LLY,869148612.0
2023,CVX,865585208.0
2023,XLY,864197754.0
2023,MU,863665014.0
2023,COIN,859340818.5
2023,XLU,857719681.5
2023,QCOM,839159183.5
2023,SPXL,827044476.0
2023,KRE,816336138.0
2023,TMO,799736094.0
2023,BRK.B,797326836.5
2023,ACN,788102362.0
2023,XLP,787256343.5
2023,TMUS,787160673.5
2023,RSP,785684610.0
2023,BKNG,784931869.0
2023,SHOP,774220169.5
2023,KO,763262932.5
2023,CSCO,758286250.0
2023,PFE,754277585.5
2023,GS,743004822.5
2023,MRVL,740490202.5
2023,COST,738374552.5
2023,F,734079724.5
2023,TGT,722970638.5
2023,TXN,715366456.0
2023,NOW,710688072.5
2023,CAT,708544944.0
2023,AMAT,696923732.0
2023,U,694198548.5
2023,LRCX,691411674.0
2023,AGG,685481302.0
2023,CCL,683128483.5
2023,DE,682373047.0
2023,PEP,677939829.0
2023,MDB,667075138.5
2023,FXI,666248089.0
2023,INTU,652398569.5
2023,JNK,651422540.0
2023,ABNB,649326234.5
2023,ARKK,626920038.5
2023,MRK,624171858.5
2023,SMCI,622083672.0
2023,SCHW,622078791.5
2023,MCD,616526482.0
2023,ADI,612853038.5
2023,OXY,607282569.0
2023,ABBV,606653606.5
2023,VZ,606152402.0
2023,PDD,602764477.0
2023,VTI,600316955.5
2023,ELV,594655477.0
2023,XOP,593593563.0
2023,CMCSA,583723498.0
2023,PG,582951372.0
2023,SBUX,582873148.0
2023,WFC,581830009.5
2023,ASML,574428092.0
2023,IBM,571845294.0
2023,CVNA,560693152.0
2023,SOXS,557788415.5
2023,DHR,556351754.5
2023,DG,553456717.0
2023,XBI,549925854.5
2023,BDTX,545873956.5
2023,BIL,543697494.0
2023,LULU,537009949.0
2023,IEF,533854005.5
2023,C,533120026.0
2023,ENPH,532494479.0
2023,APAM,528268654.0
2023,FDX,526594364.5
2023,AZO,526141226.0
2023,IEMG,525999335.5
2023,ATVI,523821155.0
2023,IYR,517971916.0
2023,DAL,517844839.5
2023,LIN,515190375.0
2023,NERV,510404617.0
2023,NEE,510111411.0
2023,CVS,509083510.0
2023,XHLF,504256602.0
2023,GE,503380837.5
2023,AMGN,501405727.0
2023,GDX,501283963.0
2023,SQ,501089706.5
2023,XLB,500413216.0
2023,MARA,500055180.0
2023,MELI,498583007.0
2023,LOW,496250128.0
2023,NIO,493763694.5
2023,UPS,489468105.5
2023,COP,487205933.0
2023,VCIG,485957443.5
2023,IEFA,483718071.5
2023,TNA,473952571.5
2023,GM,472465784.5
2023,SOFI,468638695.0
2023,DAN,467582001.0
2023,MS,466661500.5
2023,ON,466635154.5
2023,SOXX,465030146.0
2023,UNP,456706410.0
2023,CMG,456319003.0
2023,BMY,453212997.0
2023,ABT,448269912.0
2023,MDT,446758321.5
2023,USB,446103465.0
2023,MDY,445560526.5
2023,ANET,440533531.5
2023,RIVN,439525019.5
2023,SPGI,439298456.0
2023,CRWD,437478399.0
2023,KWEB,437078734.0
2023,FULT,435972060.0
2023,ETN,431046548.5
2023,CDNS,428158482.5
2023,MDLZ,428052495.5
2023,RBC,426982655.0
2023,MAC,419681970.0
2023,HUM,418664060.0
2023,ISRG,417790990.5
2023,XONE,415370903.5
2023,T,412877928.0
2023,EL,411373974.0
2023,IJR,411364589.5
2023,GILD,411111450.0
2023,AXP,411001342.5
2023,VLO,410684615.0
2023,KLAC,410356762.5
2023,AMT,409675194.5
2023,WDAY,408190343.0
2023,FCX,408181816.0
2023,RTX,402019533.0
2023,SLB,400569799.0
2023,DVN,399729610.5
2023,EWJ,399283890.5
2023,ULTA,392527794.5
2023,VRTX,389291785.5
2023,ROKU,388690989.5
2023,VEA,387976092.0
2023,RLI,387102600.0
2023,SNPS,383175659.0
2023,FNGU,381773766.0
2023,FRSH,380817461.0
2023,REGN,379503627.5
2023,EOG,378359814.5
2023,NGVT,377305442.0
2023,PM,377162459.0
2023,VCIT,375743978.5
2023,RCL,373782459.5
2023,URI,371314497.5
2023,CI,370767648.0
2023,CB,369691627.0
2023,SHY,369489406.0
2023,NAVI,369420020.0
2023,XRT,366967889.0
2023,ORLY,364953852.5
2023,JD,362921166.0
2023,VNQ,361931222.5
2023,MCHP,357378728.5
2023,DDOG,356605584.5
2023,ALB,356501899.5
2023,JOBY,353606826.5
2023,NXPI,352638975.0
2023,UCAR,349841822.0
2023,CHTR,348771202.0
2023,CARG,348026528.0
2023,BLK,347222002.0
2023,PXD,346081369.5
2023,LMT,345691934.0
2023,BND,344582069.0
2023,BRC,343757809.0
2023,BSX,341856655.5
2023,EMB,341743837.0
2023,VWO,341212101.0
2023,FTNT,339687180.0
2023,ZS,338753095.5
2023,PLD,338211179.0
2023,XLC,337535714.0
2023,DLR,334760270.5
2023,PBR,333115125.5
2023,RBLX,332362589.5
2023,HLI,328462341.0
2023,MPC,327773635.5
2023,AAL,325832199.5
2023,DEI,324825368.0
2023,EQIX,322968860.0
2023,DXCM,322347878.5
2023,HCA,322285904.5
2023,CL,321901116.5
2023,TZA,320860023.5
2023,AZN,319063284.5
2023,SITM,317748563.0
2023,MRNA,317441738.5
2023,ILMN,314638434.0
2023,TJX,313766676.5
2023,FARM,312077556.0
2023,SYK,312043981.5
2023,UPST,311777078.0
2023,HON,308893114.0
2023,PSQ,308577854.0
2023,TIP,308506136.5
2023,CCI,307386892.0
2023,MMM,306450636.0
2023,LEN,305929019.0
2023,TFC,304651132.5
2023,FISV,302868255.5
2023,VALE,302850663.0
2023,ADSK,302593053.5
2023,CSX,302063281.0
2023,SPXS,302012010.5
2023,IJH,300634747.0
2023,IRDM,299779731.5
2023,UAL,299738028.0
2023,ERIE,298614038.0
2023,BDX,298277914.5
2023,ADP,297141202.5
2023,GIS,296606815.5
2023,IWF,296453307.0
2023,MRO,293730581.0
2023,PNC,293109639.0
2023,W,291403483.0
2023,TEAM,291286374.5
2023,SHW,291259704.5
2023,FSLR,288445694.5
2023,ZTS,288283277.0
2023,NET,287247957.0
2023,DHI,286607496.5
2023,NEM,286044696.0
2023,TSCO,283462547.0
2023,ODFL,282347642.5
2023,MO,281020324.0
2023,DLTR,280566937.0
2023,PSX,280118602.0
2023,MET,280045683.5
2023,ETSY,279656247.0
2023,PH,279455555.0
2023,NEXT,278713002.0
2023,NOC,278625258.0
2023,SEDG,278432109.0
2023,VRSK,278251517.0
2023,LCID,276495712.0
2023,EXPE,275290584.5
2023,HOTH,274828666.0
2023,MSTR,274481568.0
2023,IGV,273249831.5
2023,MAR,272512814.5
2023,LOGI,272479734.0
2023,BIIB,270706332.0
2023,NCLH,269316216.0
2023,MCK,268585027.5
2023,SLV,268424858.0
2023,SE,264937246.0
2023,CARR,264585225.0
2023,CARR,264585225.0
2023,SO,263587852.0
2023,SHV,262588830.5
2023,PCG,261549242.0
2023,CME,261201922.0
2023,FHI,260676478.5
2023,AEP,260398110.0
2023,LUV,258754731.0
2023,KHC,258631117.0
2023,SVV,258103206.0
2023,BX,256680716.5
2023,VTV,256259736.5
2023,KDP,255701124.0
2023,IWN,255159118.0
2023,MPWR,253794372.5
2023,VCSH,253704453.5
2023,COF,253479197.0
2023,WMB,252745739.0
2023,GEHC,251306118.5
2023,BIDU,251116208.0
2023,CWEN,250847478.0
2023,A,249736159.5
2023,HAL,249567364.5
2023,FRZA,249507801.0
2023,ZM,248963575.0
2023,O,248939908.0
2023,BBEM,248761067.5
2023,BLDR,246557062.0
2023,UPRO,245491516.0
2023,RH,245230375.5
2023,HUBS,245154423.5
2023,SIGI,241719270.0
2023,PINS,241230228.0
2023,HSY,240799326.5
2023,VSCO,240287180.0
2023,UFPT,239774571.0
2023,TSLL,239749869.5
2023,BP,239282590.5
2023,FIS,239092748.0
2023,IONS,239087672.0
2023,OSTK,237136665.0
2023,SGEN,237061344.0
2023,EA,235511043.0
2023,SPCE,235500455.5
2023,ICE,234873594.0
2023,ROST,234193206.5
2023,CMI,233926118.0
2023,ACWI,233853590.5
2023,SH,233635888.0
2023,APRN,233405940.0
2023,MMC,232991881.5
2023,JEPI,232903295.0
2023,GPN,232338052.0
2023,RIOT,230689581.0
2023,DKNG,230579854.5
2023,DKNG,230579854.5
2023,SPXU,230442650.5
2023,AON,228565800.0
2023,PSA,228349761.0
2023,XHB,226165922.5
2023,LNG,225881286.0
2023,YEXT,225747667.0
2023,AAP,223991476.5
2023,DUK,223815236.5
2023,MINT,223300498.0
2023,SGOV,223231783.0
2023,CEG,222566135.5
2023,SPOT,222436356.5
2023,KR,221375007.5
2023,DOW,221252981.5
2023,MSCI,220496315.5
2023,VUG,220259469.5
2023,IQLT,220210562.0
2023,CSGP,220207981.5
2023,GOLD,220118449.0
2023,STZ,219457154.5
2023,PGR,219424069.5
2023,KMI,219351647.0
2023,IWD,219102143.5
2023,DFS,218292514.0
2023,EWY,218113142.5
2023,NSC,216863563.5
2023,WBD,216836867.0
2023,SCHD,216362761.0
2023,DD,215142957.0
2023,VGT,214864937.5
2023,ITW,214769990.0
2023,TTD,214674341.0
2023,XEL,214533293.5
2023,ROK,214242932.5
2023,AIG,213331628.0
2023,PLUG,212811347.5
2023,RIDE,212282235.0
2023,RIDE,212282235.0
2023,MTCH,212231696.5
2023,JCI,212075901.5
2023,IQV,211934691.0
2023,IQV,211934691.0
2023,YUM,211888170.0
2023,MNST,211841852.0
2023,SNAP,211299155.5
2023,ABCL,211092573.0
2023,WM,210797945.5
2023,EXC,210309102.5
2023,EMR,209928277.0
2023,DOCU,209615134.5
2023,HPQ,209202878.5
2023,FERG,208513634.5
2023,ABC,207720351.5
2023,EBAY,207460780.5
2023,HPE,207399919.0
2023,MLTX,207140411.0
2023,HES,207078199.0
2023,DASH,206238517.5
2023,MCO,205973156.5
2023,ROCC,205960149.0
2023,FANG,204390774.5
2023,OCEA,203837916.0
2023,CAH,202905125.5
2023,DELL,202464974.5
2023,RXO,202069099.0
2023,LI,201895040.5
2023,BRZE,201730070.0
2023,NDAQ,200541509.0
2023,BURL,199882224.5
2023,GWW,199231467.5
2023,AFRM,198668787.0
2023,APD,198163502.5
2023,MRCY,197840947.0
2023,BLU,197394943.0
2023,TT,196366868.5
2023,JPST,196325004.5
2023,PCGU,196170405.0
2023,TWLO,194528673.5
2023,CTSH,194016660.5
2023,EQT,193684943.0
2023,USO,193519460.0
2023,TOP,193483734.0
2023,CNC,193451938.5
2023,QLD,193408453.0
2023,ROP,193262774.5
2023,HLT,193026522.0
2023,EW,192467825.0
2023,SDRL,192088173.5
2023,WELL,192024174.5
2023,NUE,191991685.0
2023,VEEV,191640084.5
2023,RXDX,191319593.0
2023,LVS,191293856.5
2023,BCE,190730798.0
2023,CFLT,190642188.5
2023,ADM,190414953.5
2023,VMW,189778261.5
2023,DEM,189150868.0
2023,TTWO,189011980.5
2023,IBB,188891414.0
2023,DECK,188864384.5
2023,MTD,188469797.5
2023,MSI,188421290.5
2023,PAYX,188279597.0
2023,GD,187856320.0
2023,APTV,187406781.5
2023,LESL,186904438.0
2023,TDG,186550222.0
2023,ITB,186538123.5
2023,DRI,185919516.5
2023,D,185594292.5
2023,IDXX,185559458.0
2023,XME,185304065.5
2023,APO,185184466.0
2023,XYL,184462199.5
2023,RIO,183880858.5
2023,BITO,183682842.5
2023,MANU,183200251.0
2023,BK,183024879.0
2023,WBA,182987669.0
2023,K,182939392.0
2023,TNET,182226807.0
2023,TRV,181624927.0
2023,CLB,181600408.0
2023,VXX,180928967.5
2023,BRBR,180651177.0
2023,UUP,179980151.0
2023,VV,179517700.0
2023,BILL,179220917.5
2023,NVO,178954806.0
2023,BBEU,178847266.0
2023,JBGS,178243380.0
2023,NCNO,177431868.5
2023,CTVA,177155764.0
2023,PHM,176767319.0
2023,APH,176745237.0
2023,KEY,176730936.0
2023,BLV,175918614.5
2023,ABG,175566080.0
2023,SBAC,175341473.5
2023,FAST,174363682.0
2023,BAX,174167494.5
2023,SPWR,173938457.0
2023,MEDS,173512818.0
2023,OKE,173326891.5
2023,BAOS,172648911.0
2023,WYNN,172506622.5
2023,TER,172281871.0
2023,PLRX,172022863.0
2023,KMB,171637328.5
2023,VVV,171518802.0
2023,OKTA,171423693.5
2023,ECL,171401904.5
2023,ALGN,171150700.0
2023,IPG,171077920.0
2023,ZBH,171024734.5
2023,AJG,170967224.5
2023,APG,170882362.0
2023,NSIT,170385863.0
2023,ENLC,169942926.0
2023,LABU,169926118.0
2023,VMC,169905176.0
2023,USFR,169356236.5
2023,CFG,168236824.0
2023,TEL,168148796.5
2023,SSO,168140093.5
2023,CTLT,167677448.0
2023,BBY,167544997.0
2023,QID,167419663.0
2023,MSGE,167247785.0
2023,IWB,167216012.0
2023,LHX,166570242.0
2023,MLM,166357036.5
2023,APA,165705010.0
2023,MUB,165586831.5
2023,AA,165430098.0
2023,GNRC,165330141.0
2023,ALL,165285365.5
2023,DPZ,165091917.0
2023,ETNB,165040349.0
2023,CPRT,164991610.5
2023,PATH,164790080.0
2023,USHY,164250398.0
2023,AHI,164222092.0
2023,PCAR,164127996.5
2023,CP,163986989.5
2023,EFX,163774594.5
2023,AUUD,163331003.0
2023,MBC,163159188.0
2023,MBC,163159188.0
2023,NU,163008614.0
2023,PPG,162811978.0
2023,SPTI,162291815.0
2023,SPTI,162291815.0
2023,GDXJ,162189401.5
2023,VGK,161518146.0
2023,IT,161451391.5
2023,MMV,160475082.0
2023,STT,160089534.0
2023,PODD,159907240.5
2023,PTEN,159644010.0
2023,WETG,159613228.0
2023,DICE,159267554.0
2023,SYY,158959741.5
2023,ABR,158609356.0
2023,ACIU,157690184.0
2023,SYF,157663326.5
2023,NVS,157341350.5
2023,SPG,157292982.5
2023,FDL,156740249.0
2023,PRU,156608476.5
2023,XPOF,155707127.5
2023,XLRE,155450871.0
2023,SAGE,155422125.0
2023,X,155343160.0
2023,LNW,155211008.5
2023,BHP,154834415.0
2023,PAYC,154610407.5
2023,M,154550296.0
2023,NRG,153841213.0
2023,BKLN,153657419.5
2023,CXM,153614002.5
2023,GLDM,153114530.0
2023,KKR,152905441.0
2023,CWST,152803073.0
2023,MGM,152740901.5
2023,BBAX,152464586.5
2023,QQQE,151953728.5
2023,EDTX,151953042.0
2023,CELH,151759728.0
2023,BSCP,151531808.0
2023,DTE,151457365.0
2023,DV,151014421.0
2023,PD,150809268.5
2023,BKR,150716873.5
2023,CJET,150219115.0
2023,SWKS,150157428.0
2023,STM,150022029.0
2023,GOVT,149944512.5
2023,USMV,149887877.0
2023,TCOM,149781577.5
2023,RSG,149622074.0
2023,LSCC,149543678.0
2023,ISEE,149354994.0
2023,SDS,149070953.0
2023,DKS,148982960.5
2023,HYDW,148746281.0
2023,CROX,148539894.5
2023,CF,148414828.5
2023,COHR,148219407.5
2023,AMR,148055717.0
2023,PSTG,148017130.0
2023,MKC,147958777.0
2023,KMX,147834135.0
2023,CE,147192856.0
2023,CDW,147171575.5
2023,OVV,147150317.5
2023,OVV,147150317.5
2023,SAIA,146655861.5
2023,CBAY,146573826.0
2023,CLX,146217333.5
2023,LYB,146196787.5
2023,DOLE,145719774.0
2023,EPAM,145603789.5
2023,GTLB,145596098.5
2023,IFF,145560109.5
2023,MTB,145430158.5
2023,AMP,144897347.5
2023,RUN,144867817.0
2023,ES,144592460.0
2023,NTAP,144564381.5
2023,DT,144497867.0
2023,PJUL,144491109.0
2023,VYM,144432741.0
2023,NTR,144244059.0
2023,SPIB,144217327.0
2023,XPEV,143456236.0
2023,IRBT,142182977.0
2023,CCJ,142135564.0
2023,BUD,141758304.0
2023,AGI,141753422.0
2023,QQQM,141672645.0
2023,HBI,141671096.0
2023,TSN,141657180.0
2023,EXR,141575019.5
2023,MOS,141530603.0
2023,BOIL,141520867.0
2023,FLYW,141383168.5
2023,OTIS,141330297.0
2023,OTIS,141330297.0
2023,BJ,141271133.5
2023,GLW,141228925.5
2023,TRP,141156191.0
2023,MBLY,140841538.0
2023,TOL,140210152.5
2023,POOL,140192983.0
2023,BSV,140181556.5
2023,IEI,140098980.0
2023,BTAI,139954182.0
2023,INFY,139949524.5
2023,CTAS,139933811.5
2023,PBR.A,139717834.0
2023,UDOW,139716291.5
2023,ZI,139691990.0
2023,ZI,139691990.0
2023,BOH,139676121.0
2023,KNF,139528861.0
2023,PECO,139328671.0
2023,AVDV,138939207.0
2023,JBL,138816349.5
2023,VIG,138743814.0
2023,ICLR,138716080.0
2023,LBRT,138674902.0
2023,HQY,138551879.0
2023,ASST,138386430.0
2023,TAP,138303057.0
2023,TECK,138110413.0
2023,MKL,138050749.0
2023,ALSN,137977009.0
2023,ODP,137940872.0
2023,STLD,137896843.0
2023,CZR,137820146.5
2023,HBAN,137810807.0
2023,S,137546906.5
2023,MCHI,137333787.0
2023,SPLG,136327489.0
2023,CGNX,136227624.0
2023,RF,136213126.5
2023,SPLV,136006637.0
2023,LPLA,135829876.0
2023,BEKE,135579746.5
2023,LH,135474536.5
2023,GSK,135417689.0
2023,SWK,135376664.5
2023,AES,135335769.0
2023,FDS,135281318.5
2023,EXAS,135238984.5
2023,BWA,134786393.5
2023,TROW,134625069.0
2023,CTRA,134220236.0
2023,FCNCA,134130776.0
2023,KEYS,134075095.0
2023,AMG,134059937.0
2023,FICO,134041123.5
2023,AFL,133672116.5
2023,SLRN,133466391.0
2023,TRU,133276782.5
2023,TMF,133196450.0
2023,BSJP,133156361.5
2023,RCM,133107252.0
2023,PEG,133005840.5
2023,FITB,132884886.0
2023,CCK,132790739.5
2023,EWW,132703877.5
2023,MOH,132688837.0
2023,OIH,132584462.0
2023,CHWY,132344783.5
2023,QUAL,132307423.0
2023,IGSB,131803118.0
2023,VGSH,131743805.0
2023,ED,131452344.0
2023,FXZ,131319600.0
2023,SHC,131309393.0
2023,GPC,131259931.0
2023,FOXA,131033056.5
2023,ENS,131025616.0
2023,EXPD,130997149.5
2023,PRI,130992726.0
2023,CPB,130565623.5
2023,PWR,130529913.5
2023,VFH,130505763.0
2023,ETR,130235283.0
2023,NNOX,130217364.0
2023,PLAY,130210899.0
2023,TBT,130149749.0
2023,KDNY,130118411.0
2023,ZGN,130093999.0
2023,FLJH,130062812.0
2023,BG,130035552.0
2023,AVTR,129978265.0
2023,ADT,129829547.0
2023,PCVX,129828657.0
2023,BTE,129596347.0
2023,GPOR,129585656.0
2023,SPLK,129579421.0
2023,BFH,129578061.0
2023,PKST,129521589.0
2023,ANSS,129308415.5
2023,CMA,129018798.0
2023,CMC,128818649.0
2023,IAU,128519882.0
2023,WCC,128471940.5
2023,KSS,128413171.0
2023,HESM,128233060.0
2023,TOST,128121951.5
2023,CVI,128100448.0
2023,MBB,127677113.5
2023,CWEN.A,127652660.0
2023,CWEN.A,127652660.0
2023,SJNK,127615934.0
2023,LYFT,127414534.5
2023,UNFI,126979619.0
2023,WSM,126920796.5
2023,MNDY,126868198.0
2023,BMEA,126556837.0
2023,GME,126401149.0
2023,HZNP,126344167.5
2023,BB,126305703.0
2023,VICI,125947257.0
2023,OEF,125927693.0
2023,SPB,125634211.5
2023,HCMT,125280344.0
2023,WSO,125276237.0
2023,ENTG,125158010.5
2023,FE,125076991.5
2023,IR,124807719.5
2023,AXSM,124344591.0
2023,BBAG,124329943.0
2023,APLS,124310625.0
2023,NVR,124285922.0
2023,SOUN,124256552.0
2023,IONQ,124202355.0
2023,BXRX,124163472.0
2023,VXF,124140637.5
2023,SNX,124083775.0
2023,AEL,124019042.0
2023,IEX,123991248.0
2023,SRE,123826519.0
2023,ALLY,123756919.0
2023,CRK,123729696.0
2023,SJM,123611982.5
2023,BBWI,123167642.0
2023,SPXC,123153415.0
2023,LYV,123015031.0
2023,DCI,122992073.0
2023,FDN,122930618.5
2023,MDGL,122693303.0
2023,MDGL,122693303.0
2023,AME,122638895.5
2023,SWAV,122477966.0
2023,SPTL,122395230.0
2023,DOV,122102804.0
2023,PDCE,122026573.5
2023,SLVM,121921170.0
2023,ACI,121916984.0
2023,FHN,121443016.0
2023,NVTS,121429121.0
2023,IOT,121361133.0
2023,AXON,121239916.5
2023,TD,120999127.0
2023,CVE,120900610.5
2023,WEC,120745107.5
2023,AWK,120626858.5
2023,RMD,120548373.0
2023,NKLA,120510725.0
2023,SWN,120474167.0
2023,RE,120297164.0
2023,VTEB,120239844.0
2023,EWT,120239310.0
2023,WAT,120191105.0
2023,AR,119963905.0
2023,NE,119881124.0
2023,FTDR,119870749.0
2023,KBE,119803273.0
2023,RHS,119656054.0
2023,CNXC,119287446.5
2023,CLF,119260678.0
2023,SLG,119186314.5
2023,FALN,119141314.0
2023,MTG,119035208.0
2023,TXT,118976135.5
2023,VO,118853261.0
2023,OMC,118697796.5
2023,MTDR,118636855.0
2023,NVCR,118605217.0
2023,XPO,118517860.0
2023,PACW,118466401.0
2023,ALLO,118123156.0
2023,CBRE,118052404.0
2023,CBRE,118052404.0
2023,KBR,117979510.0
2023,ARE,117911075.5
2023,CNI,117846092.5
2023,HST,117666401.0
2023,CHPT,117596568.0
2023,BFAM,117596538.0
2023,SIX,117370832.0
2023,STX,117351017.0
2023,WTW,117348206.0
2023,NEOG,117345375.0
2023,NWL,117275136.0
2023,ZION,116965283.0
2023,ACGL,116869854.0
2023,BHC,116850613.0
2023,SPSC,116797815.0
2023,TPG,116761317.0
2023,WAB,116733103.0
2023,JBHT,116714385.0
2023,EQR,116701879.0
2023,ET,116397045.0
2023,CHKP,116370889.0
2023,TUA,116305426.0
2023,Z,116259183.0
2023,QYLD,116002036.0
2023,CIEN,115948050.0
2023,DBX,115729356.5
2023,GPK,115642484.0
2023,CRH,115635835.0
2023,LMBS,115589004.0
2023,VFC,115582730.5
2023,TM,115567638.0
2023,INCY,115546337.5
2023,WKC,115293529.0
2023,BXSL,115262083.0
2023,FLJP,114605822.0
2023,AKAM,114580508.5
2023,TALO,114476689.0
2023,SCI,114428618.0
2023,AEHR,114425141.0
2023,VB,114363647.5
2023,UNG,114303010.0
2023,ATR,114221952.0
2023,IPGP,114174446.5
2023,QURE,113990817.0
2023,ONON,113963012.5
2023,FND,113942562.0
2023,ASGN,113862636.0
2023,CHD,113624840.5
2023,ARMK,113563757.0
2023,FREY,113484346.0
2023,SAIC,113339033.0
2023,TME,113186062.0
2023,LNTH,113124541.0
2023,RYTM,113123879.0
2023,WY,113053946.5
2023,SFIX,112970678.0
2023,POR,112955195.0
2023,CBT,112803754.0
2023,PPL,112726677.0
2023,BYND,112672712.0
2023,TRGP,112235783.0
2023,EWX,112222162.0
2023,CPNG,112219423.0
2023,BC,112101972.0
2023,DXC,112079256.0
2023,CIVI,111997198.0
2023,WAL,111973041.0
2023,SDOW,111964421.5
2023,VT,111905706.0
2023,NXT,111873628.5
2023,CNQ,111749197.0
2023,VGIT,111724684.0
2023,BNDX,111460061.0
2023,AMED,111396394.0
2023,QDEL,111120034.0
2023,IMGN,111049414.0
2023,HELE,111026763.0
2023,FIVE,110920570.0
2023,BECN,110885060.0
2023,RBA,110850654.0
2023,SPTS,110764467.5
2023,VXUS,110582552.5
2023,EZU,110242478.0
2023,WST,110141719.5
2023,PEAK,110100719.5
2023,PEAK,110100719.5
2023,MGEE,109947542.0
2023,BTI,109797264.0
2023,CAG,109748615.0
2023,CRBG,109607867.0
2023,CIR,109594968.5
2023,AMKR,109476792.0
2023,WCN,109467660.0
2023,UNVR,109101163.0
2023,IYM,109068592.0
2023,AVB,109051626.0
2023,MAG,109044443.0
2023,HWM,108916545.5
2023,HWM,108916545.5
2023,ARES,108760722.0
2023,FTV,108373881.0
2023,INVH,108292640.0
2023,NEP,108017948.0
2023,MDC,107966039.0
2023,PAG,107926147.0
2023,OPEN,107829486.0
2023,STAA,107810718.0
2023,CMS,107750548.5
2023,EQH,107575756.0
2023,JAAA,107534373.5
2023,TEVA,107505840.0
2023,TDY,107388303.0
2023,ETRN,107359099.0
2023,RDNT,107322062.5
2023,CHE,107130408.0
2023,HDB,106846419.5
2023,FOCS,106821750.0
2023,DPST,106674663.0
2023,NXST,106563501.0
2023,OGN,106526329.0
2023,MVIS,106449719.5
2023,JNPR,106449116.0
2023,UL,106430025.0
2023,TPR,106426033.5
2023,VST,106408057.5
2023,BILI,106407436.0
2023,DAWN,106383258.0
2023,WDC,106383258.0
2023,HUBB,106308238.0
2023,PEN,106295374.0
2023,SRPT,106034949.0
2023,HOLX,106025211.5
2023,RETA,106021307.0
2023,DGX,105917101.0
2023,WLY,105718255.5
2023,REXR,105587566.0
2023,RACE,105547457.0
2023,CHRW,105502611.0
2023,FTSM,105453823.0
2023,RPRX,105417420.5
2023,VEU,105352545.5
2023,WWE,105324557.0
2023,VONV,105087753.0
2023,PDCO,105079375.0
2023,FMC,104988111.0
2023,PTON,104929860.0
2023,ZTO,104846060.0
2023,TTE,104754148.5
2023,GLBE,104672541.0
2023,SU,104530548.0
2023,DCP,104428157.0
2023,RVMD,104352275.0
2023,RJF,104320358.0
2023,UHS,104028288.0
2023,AEM,103998533.0
2023,EWU,103762289.5
2023,PLNT,103652598.0
2023,BSY,103612236.5
2023,ZWS,103601155.0
2023,IEUR,103492049.0
2023,PGX,103487656.0
2023,JKS,103373655.0
2023,ENVX,103337803.0
2023,ESTC,103271414.5
2023,NEX,103224947.5
2023,ISTB,103211103.5
2023,FN,102935725.5
2023,IWV,102848421.0
2023,TXRH,102836703.0
2023,CVT,102824352.0
2023,AZPN,102750544.5
2023,BL,102737332.0
2023,TECL,102682390.0
2023,SPYG,102681958.0
2023,VTR,102656548.0
2023,AVNT,102550289.0
2023,ARCC,102546288.5
2023,TMDX,102465046.0
2023,BE,102323654.5
2023,ITUB,102056363.0
2023,XP,101760163.5
2023,VRT,101721291.0
2023,VRT,101721291.0
2023,LNT,101597609.5
2023,NYCB,101577917.5
2023,VIPS,101569392.0
2023,LW,101539781.5
2023,SEE,101494624.5
2023,PI,101312441.0
2023,KNX,101310337.0
2023,WOLF,101299619.0
2023,ESGD,101298076.5
2023,ELAN,101218301.0
2023,AGNC,101043768.0
2023,IRTC,100949041.0
2023,VKTX,100781022.0
2023,RDFN,100771417.0
2023,AMH,100569648.5
2023,ASHR,100457959.0
2023,PKG,100373838.0
2023,INSP,100371796.5
2023,FWONK,100075340.0
2023,MPW,100069287.5
2023,ANGL,100056226.0
2023,PAX,100045800.0
2023,SPDW,100004417.0
2023,NTES,99991906.5
2023,FLRN,99794282.0
2023,UVXY,99789496.0
2023,GKOS,99691232.0
2023,SMAR,99490374.0
2023,CASY,99484117.0
2023,EWBC,99480728.0
2023,AEE,99450096.0
2023,HIG,99289580.0
2023,SKX,99247058.0
2023,TYL,99204068.0
2023,BALL,99145063.0
2023,INDA,99075276.0
2023,JAMF,99062681.0
2023,PBF,98899811.0
2023,LANC,98878280.0
2023,HDV,98875373.0
2023,LEA,98793521.0
2023,LII,98779438.0
2023,EQNR,98725718.5
2023,BLD,98632263.5
2023,BXP,98577978.0
2023,SCHH,98572284.0
2023,NI,98483577.0
2023,ASAN,98392910.0
2023,EPD,98356659.0
2023,NATI,98332192.0
2023,RL,98185262.5
2023,TECH,98156926.0
2023,WIX,98072392.0
2023,QRVO,98013049.0
2023,IWO,97991855.0
2023,ACWX,97863192.0
2023,TRI,97848159.0
2023,JWN,97807279.0
2023,KOLD,97790686.0
2023,RGEN,97754801.0
2023,BF.B,97697179.0
2023,IGT,97672275.0
2023,ELF,97607818.0
2023,GMS,97564579.0
2023,G,97458467.5
2023,LUMN,97396175.0
2023,STE,97292238.5
2023,SCHX,97235351.5
2023,SGRY,97189005.0
2023,IUSG,97147359.0
2023,LAUR,97131173.0
2023,EIX,97097303.5
2023,FCN,96993950.0
2023,BRKR,96874107.0
2023,ZBRA,96862053.5
2023,RIG,96845567.0
2023,WING,96780840.0
2023,CNHI,96718846.5
2023,AAC,96711663.0
2023,ASO,96621935.0
2023,JKHY,96604626.5
2023,KRTX,96594719.5
2023,APP,96520958.5
2023,VCLT,96520908.0
2023,LITE,96503976.5
2023,VTWO,96501053.0
2023,IPAC,96476723.0
2023,SYNH,96378279.0
2023,ARCH,96307660.5
2023,VRSN,96229996.0
2023,ESS,96050664.5
2023,RY,95935876.0
2023,CAR,95930205.0
2023,AUR,95761072.0
2023,HOOD,95759716.0
2023,AZTA,95730078.5
2023,ROIV,95570432.0
2023,MRSN,95560895.0
2023,WHR,95515238.5
2023,ARRY,95432397.5
2023,IAUM,95421115.0
2023,YINN,95412887.0
2023,DUOL,95308283.0
2023,WGO,95230523.0
2023,TW,95169255.0
2023,OC,95145805.5
2023,NTRS,95092964.0
2023,FIVN,95079658.0
2023,EMN,95008652.0
2023,IVZ,94977922.5
2023,SUI,94837703.5
2023,CSTL,94779825.0
2023,CBOE,94713840.0
2023,SIG,94710325.5
2023,SCHF,94679727.0
2023,VNO,94655817.5
2023,COLD,94615980.0
2023,VTRS,94527044.0
2023,GLOB,94483140.0
2023,PTC,94472453.0
2023,DAR,94446050.5
2023,NBIX,94406157.0
2023,DOCN,94198755.5
2023,SHM,94169296.0
2023,FLOT,94133322.0
2023,IBN,94047591.0
2023,HCP,94024345.0
2023,AYI,93998040.0
2023,NICE,93992905.5
2023,SPSB,93950649.5
2023,CNP,93938066.0
2023,ITA,93824168.0
2023,FAS,93676514.0
2023,WMG,93591107.0
2023,IEP,93519711.0
2023,PFF,93428678.5
2023,SAP,93417663.5
2023,ITOT,93305565.0
2023,EXPI,93281252.5
2023,FSLY,93222042.5
2023,SIEN,93175467.0
2023,BAH,93129332.0
2023,RVTY,92995239.0
2023,RRC,92961454.0
2023,ABCM,92908136.0
2023,CPRI,92876284.0
2023,IP,92872847.0
2023,SCZ,92817654.0
2023,VBIV,92595250.0
2023,DOCS,92499568.0
2023,ACM,92494911.5
2023,AVUS,92351832.0
2023,J,92125465.0
2023,J,92125465.0
2023,SPR,92083347.0
2023,MAS,91962175.0
2023,NEAR,91916097.0
2023,JAZZ,91899132.0
2023,AN,91898681.0
2023,SPYV,91865393.0
2023,TENB,91834703.0
2023,ENB,91817980.0
2023,MMP,91743661.0
2023,OLLI,91687526.5
2023,AXTA,91655492.5
2023,PULS,91536947.0
2023,FLR,91490318.0
2023,SCHZ,91475272.0
2023,CBRL,91471447.5
2023,BNS,91450576.0
2023,AJRD,91437473.0
2023,BNTX,91328781.5
2023,VGLT,91285780.0
2023,OZK,91259759.5
2023,PNR,91179074.0
2023,UCO,91176229.0
2023,CHDN,91171517.0
2023,BPMC,91119006.0
2023,JLL,91022321.5
2023,COO,90989352.0
2023,BMRN,90979143.5
2023,H,90948380.0
2023,MASI,90929806.0
2023,NTLA,90812476.0
2023,MAA,90725794.0
2023,PII,90615147.0
2023,VUSB,90543467.0
2023,OPCH,90498712.0
2023,RVNC,90489099.0
2023,ARNC,90459248.0
2023,PLAO,90441913.0
2023,TS,90413334.0
2023,L,90399969.0
2023,TTC,90373927.0
2023,CHK,90359762.0
2023,TSLQ,90352492.0
2023,CRSP,90288375.0
2023,ACLS,90223242.0
2023,AMC,90201896.5
2023,BR,90177968.5
2023,GWRE,89966822.5
2023,ALGM,89909690.5
2023,CRC,89794955.0
2023,NVST,89774253.0
2023,CSIQ,89678039.0
2023,FTI,89676218.5
2023,CSL,89605844.5
2023,KBH,89471804.0
2023,ALLE,89468369.0
2023,IGM,89422921.0
2023,MKTX,89392265.0
2023,DQ,89234172.0
2023,CRL,89179237.0
2023,ALV,89151988.0
2023,SDY,89147391.0
2023,CPT,89120731.0
2023,UDR,89047595.0
2023,SDGR,88960933.5
2023,NLY,88929655.0
2023,KBWB,88897354.0
2023,QJUN,88642910.0
2023,QSR,88612791.0
2023,AU,88596996.5
2023,VMI,88592557.5
2023,CC,88409610.5
2023,MTN,88391586.0
2023,IVE,88390381.5
2023,SRLN,88374417.0
2023,PCT,88370821.0
2023,EFV,88198146.0
2023,BKI,88185120.0
2023,BKI,88185120.0
2023,RS,88092050.5
2023,GTLS,88076485.0
2023,JBLU,88055580.0
2023,BSCO,87892951.0
2023,VTIP,87889351.0
2023,TDC,87827201.0
2023,FYBR,87672331.0
2023,GDDY,87649967.0
2023,JETS,87525961.5
2023,MAXN,87512832.0
2023,CDAY,87512765.0
2023,ACHC,87409861.0
2023,AUPH,87364390.0
2023,PDBC,87329703.0
2023,FLTR,87220047.0
2023,MP,86980408.0
2023,WU,86928824.0
2023,GBX,86819476.0
2023,ROOT,86741225.0
2023,PAVE,86716071.5
2023,EWA,86701705.0
2023,FNGD,86617818.0
2023,IVW,86496368.0
2023,CM,86454024.0
2023,HYLB,86450500.0
2023,FMX,86421872.5
2023,GBIL,86388329.0
2023,HTHT,86377245.5
2023,COWZ,86367232.0
2023,GFS,86238352.5
2023,AGCO,86208629.0
2023,ULCC,86197237.0
2023,IDCC,86181666.5
2023,PNW,86175308.0
2023,CABO,86137513.5
2023,PRVA,86101083.0
2023,DINO,86082018.0
2023,UTHR,86062577.5
2023,RHP,85914579.0
2023,LPX,85893353.0
2023,JEF,85791748.0
2023,MULN,85782528.0
2023,GPS,85749535.0
2023,CNMD,85706749.0
2023,FFIE,85704089.0
2023,FFIE,85704089.0
2023,GH,85630516.5
2023,IHI,85582578.0
2023,ATO,85571192.0
2023,HRL,85567201.0
2023,MTUM,85534129.5
2023,RPM,85529636.0
2023,HUT,85483348.0
2023,HSKA,85474404.5
2023,RMBS,85414642.0
2023,HEI,85402320.0
2023,STIP,85393400.0
2023,TTEK,85376162.0
2023,SVXY,85325803.0
2023,LTHM,85269232.5
2023,TGTX,85189342.5
2023,LSI,85151705.0
2023,LSI,85151705.0
2023,QS,85099335.0
2023,SGH,85044045.0
2023,WMS,85035059.0
2023,BIV,84985872.0
2023,LAD,84933121.0
2023,EAT,84902431.0
2023,HAS,84831999.0
2023,EXEL,84800781.0
2023,ALNY,84647075.0
2023,GGG,84576799.0
2023,TDOC,84565707.0
2023,CEIX,84442250.0
2023,FFIV,84433473.0
2023,MEDP,84365222.5
2023,DEN,84332776.0
2023,FEZ,84307691.0
2023,ATI,84281225.0
2023,PFG,84094327.0
2023,SYNA,84076842.5
2023,FLEX,83968676.5
2023,TFI,83953774.0
2023,CFR,83945642.0
2023,FRT,83896783.0
2023,SMG,83864165.5
2023,RRX,83838564.0
2023,GRAB,83799504.0
2023,TMHC,83760622.5
2023,BGNE,83712920.0
2023,NVT,83652719.0
2023,CLSK,83650970.0
2023,IXUS,83649772.0
2023,PVH,83553287.5
2023,OHI,83549856.0
2023,SYM,83538898.0
2023,THC,83529257.0
2023,SIMO,83523824.5
2023,LAZR,83492150.5
2023,LAZR,83492150.5
2023,HP,83490849.0
2023,DIHP,83418546.0
2023,EWH,83407376.0
2023,NDSN,83405606.0
2023,NOV,83387869.0
2023,SIRI,83384752.0
2023,EXTR,83364934.5
2023,BEN,83357833.0
2023,NWSA,83263614.5
2023,SLAB,83254810.5
2023,VOD,83249805.0
2023,PR,83229528.5
2023,SPAB,83154960.0
2023,NVDS,83146776.0
2023,WPC,83125741.5
2023,EVH,83119957.0
2023,SHYG,83103444.0
2023,HOG,83054175.0
2023,AMCR,82952204.0
2023,BN,82786588.0
2023,AAXJ,82743755.0
2023,FLT,82725842.0
2023,ASH,82645166.0
2023,WRK,82638996.5
2023,LBRDK,82637276.0
2023,BERY,82636451.0
2023,PACB,82622401.0
2023,RNR,82621473.5
2023,DXJ,82585787.0
2023,IBKR,82458748.0
2023,IWR,82376688.0
2023,MTH,82365744.5
2023,JEPQ,82351758.5
2023,MGK,82274545.5
2023,GXC,82242187.0
2023,FL,82200136.5
2023,SCHG,82067185.0
2023,SPSM,82050355.5
2023,USFD,81987358.5
2023,ALC,81986964.5
2023,PAGS,81916600.0
2023,DFIV,81870822.0
2023,ICSH,81833196.0
2023,EVR,81772635.5
2023,STNE,81764800.0
2023,EWL,81728383.0
2023,AMN,81700119.0
2023,GJUN,81553279.0
2023,ELS,81532095.0
2023,SM,81517996.0
2023,FRO,81506807.0
2023,LVTX,81485612.0
2023,SSNC,81447502.0
2023,AEO,81433682.0
2023,SUB,81404676.0
2023,LNC,81380933.0
2023,SCCO,81375413.0
2023,YEAR,81272253.0
2023,SARK,81231674.5
2023,DVY,81186252.0
2023,CAVA,81085240.0
2023,IRM,81049583.0
2023,OWL,81047079.5
2023,CCEP,80966692.0
2023,TLH,80886019.0
2023,MPLX,80724773.0
2023,LBTYK,80699357.0
2023,DEO,80684260.0
2023,SAND,80629327.0
2023,GPI,80606929.0
2023,SNV,80602175.0
2023,WRB,80587900.0
2023,DISH,80571165.0
2023,CWB,80540726.0
2023,TXG,80509895.0
2023,XRAY,80490032.0
2023,TFX,80470384.5
2023,OXM,80468518.0
2023,MUSA,80446672.0
2023,BIG,80425977.0
2023,LABD,80371532.5
2023,UBS,80366291.0
2023,KVUE,80340433.5
2023,RGLD,80320292.0
2023,IYW,80312765.5
2023,FOUR,80290889.0
2023,ALK,80280716.0
2023,LECO,80246601.5
2023,BRO,80215553.0
2023,WLK,80186923.0
2023,TRMB,80178769.0
2023,SHLS,80128573.0
2023,HRI,80122715.0
2023,EXP,80112089.0
2023,AGLE,80109528.0
2023,RSPN,80052927.0
2023,EGP,79994185.0
2023,FTCH,79983038.5
2023,ROL,79969104.0
2023,USIG,79817050.5
2023,USIG,79817050.5
2023,EME,79791960.0
2023,SHAK,79760860.0
2023,COTY,79668173.0
2023,PFGC,79661441.0
2023,STLA,79566783.0
2023,MHK,79563490.0
2023,ESGU,79551010.0
2023,RNLX,79547501.0
2023,TDW,79458066.5
2023,WIRE,79281105.0
2023,DFAC,79186463.0
2023,BRX,79172084.0
2023,FUTU,79143305.0
2023,YUMC,79109442.0
2023,IGIB,79089315.5
2023,NUGT,78932747.0
2023,GT,78869360.0
2023,HRB,78853677.0
2023,IRT,78761488.0
2023,MUR,78621902.0
2023,SCHP,78515624.0
2023,SFM,78513489.0
2023,BIO,78430351.0
2023,SQM,78400334.0
2023,AYX,78363043.5
2023,BITI,78338592.5
2023,CLH,78329894.5
2023,SNY,78327009.5
2023,DBI,78312186.0
2023,GFI,78295852.5
2023,EWC,78240573.0
2023,ERIC,78155373.0
2023,BBD,78126433.5
2023,STAG,78025938.0
2023,PRGS,78021980.0
2023,URA,77973202.0
2023,YETI,77970384.0
2023,SCHO,77956673.0
2023,HII,77945049.0
2023,LKQ,77904321.5
2023,PK,77829287.5
2023,IQ,77790011.5
2023,CINF,77773550.0
2023,CRDO,77754057.0
2023,ATKR,77661248.0
2023,FNV,77586694.0
2023,PICK,77581880.0
2023,AVY,77579244.0
2023,INMD,77568335.0
2023,KIM,77541977.5
2023,UAA,77537933.0
2023,BXMT,77530536.0
2023,VHT,77490800.0
2023,CG,77490303.0
2023,SSB,77488579.0
2023,FGEN,77392423.0
2023,VBR,77314457.5
2023,GEN,77308751.0
2023,MITA,77243578.0
2023,USDU,77218961.0
2023,EWG,77120796.0
2023,SNN,77081380.0
2023,LEGN,77048663.0
2023,CUK,76866750.5
2023,EOSE,76865966.0
2023,EOSE,76865966.0
2023,KOS,76823210.0
2023,AGL,76823159.0
2023,PCOR,76762953.0
2023,MTZ,76755506.0
2023,ASTS,76751683.0
2023,GUNR,76749240.0
2023,MODG,76716052.0
2023,CYBR,76646857.0
2023,BAP,76632567.0
2023,IUSB,76632030.5
2023,KGC,76620245.5
2023,VONG,76456897.0
2023,AIZ,76434153.0
2023,IGLB,76421472.0
2023,DGRO,76367379.0
2023,PENN,76357801.0
2023,EXLS,76342716.0
2023,TFLO,76303105.0
2023,TPX,76188395.0
2023,HSIC,75982463.0
2023,CHRD,75936738.5
2023,TFII,75884193.0
2023,CRI,75858764.0
2023,BBJP,75813426.0
2023,MC,75627703.5
2023,RYAAY,75602562.0
2023,GRMN,75600705.0
2023,DMBS,75550462.0
2023,BOOT,75547716.0
2023,MIDD,75493445.5
2023,OLN,75474867.5
2023,WH,75369924.0
2023,CHH,75369137.0
2023,VIXY,75343582.5
2023,NTNX,75305356.0
2023,SPT,75268601.0
2023,BWXT,75261778.0
2023,FCEL,75258092.0
2023,MAT,75096965.0
2023,WHD,74987875.0
2023,FBIN,74967094.0
2023,SPDN,74892064.0
2023,CNM,74748657.0
2023,THO,74742231.0
2023,RGA,74733889.0
2023,AKRO,74651196.0
2023,ARKG,74624010.0
2023,VDE,74498617.0
2023,BYD,74444292.0
2023,ACLX,74433305.0
2023,RHI,74262750.0
2023,CUBE,74233634.5
2023,MANH,74216983.0
2023,NVEE,74174931.0
2023,FSR,74101219.0
2023,COPX,74089528.0
2023,WPM,74030232.5
2023,SITE,74006200.0
2023,MOAT,73983171.5
2023,BCS,73979849.0
2023,NEWR,73978044.5
2023,PAAS,73910102.0
2023,GUSH,73902488.0
2023,PCTY,73613810.0
2023,AQN,73530500.5
2023,GL,73500555.0
2023,HUN,73477470.0
2023,WFRD,73396975.0
2023,NOVA,73303517.0
2023,ARGX,73293565.0
2023,CPE,73247026.0
2023,ZIM,73153298.0
2023,DVA,73059772.0
2023,WBS,73057344.5
2023,UMC,73026735.0
2023,URBN,73018612.0
2023,ZJYL,72988736.0
2023,NTRA,72860192.0
2023,EDU,72764009.5
2023,NOK,72758185.0
2023,MKSI,72674805.5
2023,LSTR,72646059.0
2023,PAA,72598947.0
2023,WSC,72579652.0
2023,DNA,72441879.0
2023,LDOS,72392920.0
2023,SNA,72313330.5
2023,XM,72203772.0
2023,MSM,72173903.0
2023,QGEN,72171335.0
2023,STWD,72072972.0
2023,CPA,71821103.0
2023,AVAV,71814425.0
2023,REG,71760586.5
2023,INTA,71668697.0
2023,GLPI,71627483.0
2023,TIO,71574317.0
2023,PEB,71559510.0
2023,ADNT,71466777.0
2023,BOTZ,71454015.0
2023,NFE,71399972.0
2023,IMNM,71274033.0
2023,EDIT,71209012.0
2023,SMTC,70863553.0
2023,VOE,70537707.0
2023,DUST,70524492.0
2023,ICLN,70443797.0
2023,ALKS,70246897.0
2023,EFG,70201794.0
2023,AOS,70144685.0
2023,IWP,69988432.0
2023,ADC,69962238.0
2023,AER,69944132.5
2023,NOG,69934215.0
2023,BTU,69809878.5
2023,MFC,69575635.5
2023,VMBS,69561855.0
2023,NNN,69344660.0
2023,ORI,69275375.0
2023,CHX,69148799.0
2023,HSBC,69145695.0
2023,FVD,69068158.0
2023,SKYW,69067566.0
2023,ARW,69049971.0
2023,EVRG,69049527.5
2023,FTEC,68911252.0
2023,VAL,68905706.0
2023,SCHB,68688777.0
2023,GSLC,68599002.0
2023,WNS,68558168.0
2023,WEX,68518038.0
2023,PIXY,68483354.0
2023,IMTM,68359448.0
2023,PFLT,68317142.0
2023,CXAI,68073546.0
2023,TRIP,68010834.0
2023,RNXT,67908987.0
2023,WEN,67807057.0
2023,FENY,67385838.0
2023,PCRX,67129738.0
2023,FNF,67013934.5
2023,FIHL,66986203.0
2023,SONY,66846049.0
2023,UWM,66759919.5
2023,AZEK,66676210.0
2023,ABEV,66555772.0
2023,KNSL,66554032.0
2023,MGRX,65995548.0
2023,TAL,65946409.0
2023,SCO,65774811.0
2023,ANF,65757986.0
2023,OSK,65512268.0
2023,TRUP,65373254.0
2023,VBK,64993079.0
2023,AMBA,64716701.0
2023,TREX,64454377.0
2023,STNG,64372956.5
2023,CLVT,64367809.0
2023,SPEM,64346626.0
2023,PGNY,64324960.0
2023,KGS,64063363.0
2023,CERT,64032931.0
2023,SGTX,63934990.0
2023,IAT,63932863.0
2023,GXO,63824190.0
2023,VICR,63783679.0
2023,UGI,63760417.0
2023,CACI,63364789.0
2023,SNCY,63351795.0
2023,FOX,63162662.0
2023,NARI,62948079.0
2023,PL,62773503.0
2023,BNTC,62708149.0
2023,CNX,62467318.0
2023,FROG,61952970.0
2023,YPF,61940509.0
2023,IBDO,61631065.0
2023,VSS,61440823.0
2023,UNM,60272857.0
2023,ATEC,59025122.0
2023,VC,57194322.0
2024,NVDA,40298597728.0
2024,SPY,19340797337.0
2024,AAPL,15069254409.0
2024,TSLA,11739878648.0
2024,QQQ,10966840040.0
2024,AMD,7285322175.0
2024,AVGO,6233810604.0
2024,MSFT,6157411391.0
2024,AMZN,6028475968.0
2024,META,5199805838.0
2024,SMCI,4917095413.0
2024,IWM,4760215920.0
2024,GOOGL,3149099381.0
2024,TLT,2769390758.0
2024,TQQQ,2711374650.0
2024,LQD,2579625879.0
2024,MU,2554227231.0
2024,GOOG,2420742521.0
2024,SOXL,2377970159.0
2024,HYG,2287448677.0
2024,CRM,2271132203.0
2024,TSM,2223583534.0
2024,GME,2134019547.0
2024,DELL,2104533757.0
2024,QCOM,2069045582.0
2024,LLY,2048846495.0
2024,SMH,1939497290.0
2024,V,1820541440.0
2024,COIN,1814430791.0
2024,IVV,1787100595.0
2024,MSTR,1779088951.0
2024,VOO,1774573291.0
2024,CRWD,1763804225.0
2024,ARM,1580673145.0
2024,ADBE,1544089280.0
2024,XLF,1512359652.0
2024,UNH,1492005864.0
2024,JPM,1490070696.0
2024,NFLX,1472972731.0
2024,NVDL,1466788781.0
2024,BRK.A,1428157845.0
2024,XOM,1338815677.0
2024,COST,1230116354.0
2024,BAC,1189765785.0
2024,ORCL,1186861986.0
2024,XLE,1182222530.0
2024,BRK.B,1175216058.0
2024,GLD,1105628011.0
2024,EEM,1075368260.0
2024,BA,1055120578.0
2024,HD,1053688405.0
2024,XLI,1037904937.0
2024,CAT,1021355784.0
2024,EFA,1017125875.0
2024,XLK,1013957148.0
2024,AMAT,1012422353.0
2024,TMUS,1008086297.0
2024,SNOW,994202698.0
2024,SQQQ,985820157.0
2024,PDD,982737223.0
2024,CMG,977243771.0
2024,MA,976302543.0
2024,INTC,971089783.0
2024,ACN,935152633.0
2024,ASML,933009587.0
2024,UBER,931599383.0
2024,DIA,930232007.0
2024,CVX,899686981.0
2024,VRT,895480148.0
2024,VRT,895480148.0
2024,LRCX,881082093.0
2024,BABA,871704302.0
2024,WFC,859473045.0
2024,PLTR,859336439.0
2024,MARA,855684845.0
2024,NOW,846803704.0
2024,WMT,843374055.0
2024,PG,839559229.0
2024,INTU,829690603.0
2024,IBIT,829173825.0
2024,GE,817125605.0
2024,JNJ,804756986.0
2024,MRK,801762274.0
2024,NKE,788568617.0
2024,MCD,786656210.0
2024,SOXS,784264773.0
2024,RSP,782910527.0
2024,GS,779241533.0
2024,CEG,779078967.0
2024,DHR,769097033.0
2024,XLV,758881124.0
2024,PFE,752150527.0
2024,CSCO,739982078.0
2024,FSLR,738681838.0
2024,SBUX,738367157.0
2024,TMO,731460744.0
2024,TXN,730177837.0
2024,PEP,723473077.0
2024,ETN,718527648.0
2024,ABBV,715663105.0
2024,NEE,713893073.0
2024,DIS,710441044.0
2024,XLU,707730285.0
2024,XLP,693132950.0
2024,PYPL,692420879.0
2024,PANW,683318574.0
2024,EWZ,681700580.0
2024,XBI,668144339.0
2024,FXI,662169082.0
2024,C,657497850.0
2024,ADSK,656080226.0
2024,BKNG,634755530.0
2024,CVS,634040548.0
2024,GM,630065710.0
2024,MRVL,629785008.0
2024,VZ,628486736.0
2024,RGS,626917421.0
2024,VTI,622364958.0
2024,LULU,618923201.0
2024,SOXX,617494219.0
2024,VST,610061487.0
2024,COP,603021782.0
2024,AXP,597395601.0
2024,GEV,594445498.0
2024,AMGN,586642036.0
2024,CMCSA,576357447.0
2024,RTX,576157859.0
2024,CRH,576106343.0
2024,KO,576091512.0
2024,ADI,575904534.0
2024,BMY,574911787.0
2024,ANET,565448313.0
2024,GDX,559792989.0
2024,VRTX,557094338.0
2024,IGEB,554447360.0
2024,SLB,552067472.0
2024,IBM,551998207.0
2024,KKR,548966533.0
2024,AGG,548316601.0
2024,APD,548193792.0
2024,EMB,545678005.0
2024,KLAC,537811743.0
2024,SHOP,529907776.0
2024,KRE,528339696.0
2024,SSD,523704432.0
2024,ISRG,521845766.0
2024,MDT,520055623.0
2024,F,518633910.0
2024,FCX,517366200.0
2024,TNA,504031038.0
2024,IEF,499018216.0
2024,IEFA,494477118.0
2024,TJX,492473890.0
2024,ABNB,489342955.0
2024,T,487178568.0
2024,LOW,485874265.0
2024,DE,485593378.0
2024,TGT,485371912.0
2024,SHW,483890653.0
2024,MRNA,483763461.0
2024,SLV,482102970.0
2024,PGR,479011821.0
2024,MBIO,476367611.5
2024,MNST,474906871.0
2024,SPXL,472689385.0
2024,SPOT,472639975.0
2024,SNPS,470684812.0
2024,CLSK,469398093.0
2024,IEMG,468908665.0
2024,ABT,464015653.0
2024,UNP,460869534.0
2024,BIL,460425503.0
2024,MCHP,458361316.0
2024,PM,455669635.0
2024,XLY,454772465.0
2024,MS,454033962.0
2024,REGN,453921606.0
2024,WDAY,453046890.0
2024,UPS,448803451.0
2024,ZS,446759106.0
2024,NVO,435779223.0
2024,NOC,435078857.0
2024,OXY,435029586.0
2024,ENPH,434224837.0
2024,CVNA,431874332.0
2024,CCL,431426972.0
2024,LIN,431319513.0
2024,AISP,426415743.0
2024,CDNS,426255811.0
2024,MPC,424075261.0
2024,MDB,420776280.0
2024,VEA,420287055.0
2024,DDOG,418422736.0
2024,CI,414696523.0
2024,EAGG,414647950.0
2024,GILD,410022151.0
2024,MELI,409959139.0
2024,ORLY,407226570.0
2024,AZO,406713545.0
2024,BSX,406568268.0
2024,MDY,404598061.0
2024,HON,403071163.0
2024,LMT,403000302.0
2024,XMMO,402155829.5
2024,AMT,399248550.0
2024,AON,399088786.0
2024,SCHW,394322572.0
2024,IWF,393826974.0
2024,VCIT,391935096.0
2024,KAVL,391515938.0
2024,SQ,391228913.0
2024,MO,391200483.0
2024,MUB,390941819.0
2024,NXPI,389522944.0
2024,BUR,387908379.0
2024,TT,387751800.0
2024,MLGO,387012465.0
2024,DKNG,386864730.0
2024,DKNG,386864730.0
2024,BLK,385671376.0
2024,HPE,384098583.0
2024,VLO,384073700.0
2024,WNS,376972050.0
2024,SPGI,376058386.0
2024,URI,373325574.0
2024,APH,371744994.0
2024,ICUI,371734287.0
2024,ZTS,367862410.0
2024,MPWR,363239930.0
2024,ACWI,360364593.0
2024,CMTL,357616878.0
2024,CELH,357455925.0
2024,ELV,357162491.0
2024,VUG,355944036.0
2024,CL,354956410.0
2024,XOP,354659983.0
2024,ADP,351230893.0
2024,HUM,350563129.0
2024,PH,349851571.0
2024,PLD,349698481.0
2024,ALB,349068066.0
2024,CME,347576983.0
2024,MDLZ,347274592.0
2024,VWO,347272959.0
2024,FDX,346930314.0
2024,FI,346902600.0
2024,KWEB,345413292.0
2024,MPLX,343863813.0
2024,KVUE,342688671.0
2024,SPLG,341723569.0
2024,MMM,338080680.0
2024,IYR,338062859.0
2024,SGOV,337569031.0
2024,LEG,336180251.0
2024,LEN,334599670.0
2024,DLTR,328975559.0
2024,WDC,327583599.0
2024,HUBS,327321745.0
2024,SYK,326046497.0
2024,CB,322930138.0
2024,IJH,322787707.0
2024,BND,321698046.0
2024,MCK,320505031.0
2024,A,319238982.0
2024,IGV,318897523.0
2024,ON,316654469.0
2024,CSX,315131084.0
2024,TSCO,310609516.0
2024,AAL,310120588.0
2024,DG,309930191.0
2024,HPQ,309851025.0
2024,RIVN,309341718.0
2024,WM,309049001.0
2024,XLB,308867449.0
2024,IJR,308787246.0
2024,INCY,307891643.0
2024,HLT,307780556.0
2024,FIS,306921384.0
2024,IART,305620335.5
2024,WSM,305344366.0
2024,MAR,303388134.0
2024,LVS,303347603.0
2024,ROST,303074306.0
2024,XRT,301816409.0
2024,EQIX,301352618.0
2024,ULTA,301221427.0
2024,HOOD,300653022.0
2024,NATL,299226748.0
2024,GOLD,298574058.0
2024,DASH,298460239.0
2024,MMC,298374175.0
2024,EOG,298322156.0
2024,SO,297602135.0
2024,DAL,295869412.0
2024,JNK,294504976.0
2024,COF,294502727.0
2024,ICE,293381151.0
2024,XLC,291169787.0
2024,HEFA,289530726.5
2024,TZA,289472667.0
2024,PHIN,288755705.0
2024,DXCM,288205649.0
2024,NU,287256871.0
2024,ARKK,286427565.0
2024,ODFL,286237552.0
2024,BERY,286125766.0
2024,NYCB,285914345.0
2024,STZ,285603338.0
2024,INFN,285321749.0
2024,AIG,283227384.0
2024,FNGU,282950577.0
2024,BX,282732237.0
2024,TTD,281922790.0
2024,UAL,281159987.0
2024,SE,280995936.0
2024,GOVX,280212338.0
2024,DECK,279944646.0
2024,JCI,279941493.0
2024,BDX,279270892.0
2024,BBY,276973506.0
2024,EL,276513047.0
2024,JD,275879406.0
2024,CABO,275707236.0
2024,HCA,275560942.0
2024,BAR,275464341.0
2024,ILMN,274567140.0
2024,APO,272965624.0
2024,PINS,270260636.0
2024,COR,269745221.0
2024,INGR,269569146.0
2024,DHI,269391867.0
2024,NEM,268125530.0
2024,HAL,267999952.0
2024,EA,267993669.0
2024,GIS,267655660.0
2024,KHC,267158605.0
2024,EWJ,265036758.0
2024,HES,264909689.0
2024,IQV,264632075.0
2024,IQV,264632075.0
2024,TFC,264510128.0
2024,IPAC,264500319.0
2024,RCL,264253197.0
2024,AREB,264162679.0
2024,ELF,264031818.0
2024,FERG,262419510.0
2024,TDG,262337242.0
2024,TMF,261562926.0
2024,VALE,261233559.0
2024,CHTR,260928884.0
2024,FBTC,260473451.0
2024,AJG,260386613.0
2024,BKLN,259698264.5
2024,IR,258930302.0
2024,KWE,258770707.0
2024,PINC,258643546.0
2024,DVN,258292123.0
2024,NUE,257866724.0
2024,PSX,257058032.0
2024,GLW,256496499.0
2024,FFIE,255759487.5
2024,FFIE,255759487.5
2024,CWAN,255540050.0
2024,KR,254938188.0
2024,KMB,254740274.0
2024,BIDU,254705789.0
2024,LNG,254137700.0
2024,APP,254053201.0
2024,EQT,252914178.0
2024,TER,252825921.0
2024,FTNT,252687526.0
2024,PCAR,252470029.0
2024,USB,250552653.0
2024,NRG,250259539.0
2024,VTV,250180016.0
2024,VIRT,249947681.5
2024,GO,249422638.0
2024,QID,249179963.0
2024,IWY,249029888.0
2024,SDRL,248815400.0
2024,NWG,248771051.0
2024,AZN,248129243.0
2024,LGVN,247670700.0
2024,EBAY,247577694.0
2024,LUV,246329798.0
2024,CTAS,246290092.0
2024,ICVT,244248446.0
2024,VGT,243970933.0
2024,SCHP,242803438.0
2024,NTAP,242635444.0
2024,HBAN,241018138.0
2024,DUK,240960541.0
2024,BMR,240685465.0
2024,WKME,240567726.0
2024,ECL,239904398.0
2024,SWKS,239254087.0
2024,QQQM,238855184.0
2024,MLM,238851315.0
2024,EXC,238388743.0
2024,IVW,238352795.0
2024,TEAM,238171088.0
2024,EXPE,238009639.0
2024,AGL,237314985.0
2024,YUM,236610950.0
2024,MSCI,236033501.0
2024,SHV,235384191.0
2024,JBBB,234943483.0
2024,TSLL,234491256.0
2024,TTWO,234316780.0
2024,CCI,233752636.0
2024,AVDL,232615909.0
2024,IDXX,232491960.0
2024,NET,231995473.0
2024,WELL,231859990.0
2024,DOW,231492441.0
2024,CHWY,231273807.0
2024,AX,230584134.0
2024,UDOW,230500918.0
2024,NVAX,230036109.5
2024,MCO,227488048.0
2024,WMB,227452232.0
2024,SPG,227244822.0
2024,VNQ,226997241.0
2024,GFF,226540139.0
2024,CAVA,225900596.0
2024,UPRO,225852460.0
2024,TEL,224933478.0
2024,PBR,224791020.0
2024,AFMD,224220074.0
2024,HIMS,223925377.0
2024,BMRN,223356977.0
2024,DDS,223198459.0
2024,EMR,223149887.0
2024,SPXS,222996492.0
2024,GD,222729670.0
2024,PAYX,222382306.0
2024,PSTG,221603283.0
2024,CSGP,220946902.0
2024,WENA,220815417.0
2024,HSY,220331088.0
2024,VPL,219808548.0
2024,SPIP,219376599.0
2024,SPIP,219376599.0
2024,ALGN,219329497.0
2024,PNC,219176219.0
2024,CARR,219106326.0
2024,CARR,219106326.0
2024,JXN,218205031.0
2024,FANG,218185637.0
2024,VEEV,217929822.0
2024,IREN,217658771.5
2024,SDS,217545608.0
2024,TRV,217288446.0
2024,STX,217200393.0
2024,CMI,217198286.0
2024,MSI,217093408.0
2024,IWD,217028426.0
2024,O,216536211.0
2024,EW,215957821.0
2024,BLDR,215669528.0
2024,CRNX,214138481.0
2024,GPN,214047921.0
2024,BITX,213330789.0
2024,APTV,213233135.0
2024,KMI,213116514.0
2024,BIIB,212627844.0
2024,GTLS,212626243.0
2024,XHB,212458387.0
2024,ANF,212057921.0
2024,BURL,212047676.0
2024,CNC,211762977.0
2024,CCCS,208706902.0
2024,SHY,208494181.0
2024,PWR,208084645.0
2024,WERN,208014103.0
2024,SAVA,207556915.0
2024,DPZ,207525150.0
2024,SCHD,207222152.0
2024,INSM,207048641.0
2024,PSA,206821897.0
2024,INDA,206740035.0
2024,WES,206645987.0
2024,SH,206305823.0
2024,SPXU,206266042.0
2024,AESI,206064202.0
2024,RMD,205981161.0
2024,SNAP,205957537.0
2024,IP,205736914.0
2024,NSC,205475026.0
2024,RH,203988953.0
2024,OPCH,202658629.0
2024,ITW,202270495.0
2024,MTD,201937790.0
2024,KDP,201907887.0
2024,ADT,201611852.0
2024,MBOT,201472234.0
2024,RIOT,201142025.0
2024,CTSH,200663009.0
2024,WAY,200393865.0
2024,VNOM,200233058.0
2024,DLR,199730837.0
2024,GGUS,199430540.0
2024,ALL,198306248.0
2024,NCLH,197915292.0
2024,SYY,197812296.0
2024,HUBB,197371403.0
2024,PCG,197359066.0
2024,CPRT,197273682.0
2024,GDDY,196786373.0
2024,PPG,196521186.0
2024,UFPI,196219184.0
2024,AVDE,196004160.0
2024,RBLX,195917519.0
2024,ROP,195798556.0
2024,GWW,195601721.0
2024,PULS,195446110.5
2024,MET,195394571.0
2024,FLUT,195328898.0
2024,HWM,194853579.0
2024,HWM,194853579.0
2024,AME,194642883.0
2024,ETR,194454838.0
2024,ADM,194358703.0
2024,AEP,194176820.0
2024,MRO,193827340.0
2024,BP,193738980.0
2024,DT,193542202.0
2024,TIP,193336959.5
2024,D,193260110.0
2024,VSAT,193042133.0
2024,SMMD,192266382.0
2024,DOV,191977364.0
2024,SDOW,191789713.0
2024,ZM,191666205.0
2024,OKE,191258317.0
2024,VONV,191165405.0
2024,KNF,190817062.0
2024,CHRD,190270254.0
2024,VRRM,190223526.0
2024,TRNR,190040835.0
2024,VCSH,189358961.0
2024,SRE,189040498.0
2024,AFRM,188928650.0
2024,JEF,188731158.0
2024,VVV,188659670.0
2024,HDB,188628790.5
2024,LYFT,187279092.0
2024,LBTYA,187026287.0
2024,TRGP,186903054.0
2024,GJUN,186346952.0
2024,PBA,186282046.0
2024,W,186011054.0
2024,GPS,185104831.0
2024,DJT,184756539.5
2024,XLRE,183562599.0
2024,GDXJ,183516350.0
2024,IBN,183411494.5
2024,RNR,183260989.0
2024,RXRX,181654844.0
2024,ROK,181104435.0
2024,LAZ,180786232.0
2024,ABM,180774761.0
2024,DKS,180407396.0
2024,ARES,180359225.0
2024,WEC,180243946.0
2024,AFL,179588867.0
2024,ONON,179492153.0
2024,FICO,179452834.0
2024,CDW,179396036.0
2024,NXT,178399134.0
2024,ODP,178288756.0
2024,SOFI,177956365.0
2024,GEHC,177012764.0
2024,AUR,176045790.0
2024,EXR,175995168.5
2024,FAST,175980141.0
2024,CAH,175547988.0
2024,PEG,175502892.0
2024,OTIS,175429257.0
2024,OTIS,175429257.0
2024,GTES,175153925.0
2024,BK,174992111.0
2024,FIVE,174168827.0
2024,RNA,174119708.5
2024,ETSY,174030398.0
2024,LYV,173545958.0
2024,ITRI,173091411.0
2024,WST,172970965.0
2024,VMC,172635655.0
2024,HCC,172635420.0
2024,RBA,172397102.5
2024,QLD,172344262.0
2024,JUNW,172006748.0
2024,EWW,171438036.5
2024,TENB,171404879.0
2024,KEY,171246315.0
2024,MHO,170593094.0
2024,VTEB,169859420.0
2024,USFR,169814244.0
2024,WCN,169802188.0
2024,HEI.A,169615922.0
2024,CFG,169595993.0
2024,ITB,169517212.0
2024,LABU,169048370.0
2024,GERN,169034639.0
2024,AMN,168856185.0
2024,ZBH,168667689.0
2024,IWB,168633504.0
2024,LBTYK,168554711.0
2024,IOT,168419701.0
2024,IAU,168408183.0
2024,TEX,167837710.0
2024,VRSK,167725571.0
2024,CNI,167577714.0
2024,USHY,167553107.0
2024,SRCL,167426786.0
2024,RDDT,167162309.0
2024,QUAL,167015863.0
2024,CP,166916213.0
2024,TOST,166787693.0
2024,VERX,166762344.5
2024,DRI,166397374.0
2024,RPD,166386027.5
2024,CROX,166361146.0
2024,EFX,166306164.0
2024,XSOE,165980013.0
2024,RGLD,165722768.0
2024,NVCR,165670705.0
2024,SRPT,165557488.0
2024,SON,165282157.0
2024,CTVA,164995081.0
2024,WFG,164680303.0
2024,NNE,164639908.5
2024,LAMR,164599862.0
2024,PHM,164558877.0
2024,EME,164543907.0
2024,SGH,164216111.0
2024,AMP,164206412.0
2024,STLD,164085015.0
2024,SMMT,164067005.0
2024,DBD,164042087.0
2024,ASNS,163935339.5
2024,ZAPP,163775955.0
2024,OPRA,163439698.0
2024,PRMW,163345866.0
2024,PRMW,163345866.0
2024,ALUR,163207532.0
2024,VKTX,163108345.0
2024,SPTS,163046970.0
2024,ROKU,162239756.0
2024,TPL,161894737.0
2024,XSMO,161853635.0
2024,SPYG,161786714.0
2024,LYB,161779647.0
2024,AROC,161776297.0
2024,Z,161008370.0
2024,VV,160777276.0
2024,GFL,160349012.5
2024,JANW,160295386.0
2024,IT,160205818.0
2024,NOG,160106952.0
2024,CNQ,159698780.0
2024,AMC,159362316.0
2024,VCLT,159326937.0
2024,XPO,158910290.0
2024,SAM,158615070.5
2024,PRF,158501191.0
2024,SQSP,158406437.0
2024,QLYS,158347732.5
2024,DDC,158320352.0
2024,IYT,158311931.0
2024,PIPR,157842069.0
2024,PIPR,157842069.0
2024,NVDX,157621668.5
2024,PRI,157472297.0
2024,BITO,156879704.0
2024,NIO,156872868.5
2024,XME,156375001.0
2024,ROIV,156365519.5
2024,ICLR,156193444.0
2024,JPST,155437172.0
2024,CZR,155066795.0
2024,UGI,154602840.5
2024,IRM,154192153.0
2024,SAIA,154152180.0
2024,IWN,153830584.0
2024,WING,153811208.0
2024,SAP,153758141.0
2024,DSY,153715443.0
2024,APLS,153448307.5
2024,SIXD,152994136.0
2024,PTGX,152872057.0
2024,SSO,152712205.0
2024,LPG,152593607.0
2024,HCP,152138628.0
2024,VMBS,151979185.0
2024,APA,151767420.0
2024,TOL,151759330.0
2024,ODD,151745962.0
2024,CTRA,151427107.0
2024,RVMD,151370501.5
2024,IWS,151179767.0
2024,WBD,150938280.0
2024,ENTG,150652383.0
2024,EWY,150601502.5
2024,ANSS,150585629.0
2024,NTCT,150348782.0
2024,XEL,150261783.0
2024,SU,150050837.0
2024,VPU,150035184.0
2024,RSG,149952243.0
2024,LUCY,149902288.0
2024,EPRT,149806273.0
2024,CPNG,149640096.0
2024,SPSB,149513080.0
2024,SYF,149237561.0
2024,THC,149233887.0
2024,WAT,149099900.0
2024,CF,148750517.0
2024,NICE,148405289.5
2024,WIRE,148396621.0
2024,ESTC,148290407.0
2024,RARE,148257230.0
2024,BHVN,148253907.0
2024,JEPI,148227350.0
2024,HLNE,148097530.0
2024,SNY,148068528.5
2024,VRNA,147709323.0
2024,CNP,147580197.0
2024,EVR,147525086.0
2024,NWSA,147469646.0
2024,PCVX,147466341.0
2024,QRVO,147464457.0
2024,TMHC,147462544.0
2024,ALT,147224286.0
2024,ANNX,147171453.0
2024,NTES,146737905.0
2024,MRCY,146692701.0
2024,SRLN,146642882.5
2024,IEUR,146495289.0
2024,DD,146464154.0
2024,LII,146415669.0
2024,ULS,146193893.0
2024,ET,146140016.0
2024,DVY,146019021.0
2024,AA,145573332.0
2024,FSM,145559996.5
2024,MKTX,145384874.0
2024,UTHR,145224615.0
2024,SYRE,145204648.0
2024,STEP,145190487.0
2024,AVUV,144971325.0
2024,SPAB,144720349.0
2024,CLF,144688184.0
2024,SF,144574075.0
2024,ENSG,144555266.0
2024,ITGR,144522246.0
2024,INFY,144406471.0
2024,BRTX,144349999.0
2024,ARRY,144030549.0
2024,U,143819595.0
2024,JEPQ,143460446.0
2024,CCJ,143302079.5
2024,WBTN,143268495.0
2024,BKR,143110377.0
2024,MOH,142847876.0
2024,CEIX,142735338.0
2024,IDCC,142664774.0
2024,AAPU,142620260.0
2024,BAX,142528650.0
2024,WAB,142482073.0
2024,ATGE,142422580.0
2024,EFV,142105052.0
2024,VONG,142101407.5
2024,XYL,141214233.0
2024,VICI,140986032.0
2024,IXC,140813157.0
2024,OIH,140590207.5
2024,FUN,140195650.0
2024,PFGC,140180595.5
2024,VUSB,140133521.5
2024,NTNX,140022955.0
2024,HRB,139951903.0
2024,CPAY,139732075.0
2024,DESP,139700015.0
2024,FDS,139656780.0
2024,MKC,139578968.0
2024,STT,139309041.0
2024,CONL,139307826.5
2024,UVXY,139261052.0
2024,AVTR,139197439.0
2024,RUN,139122965.0
2024,ASHR,139036780.0
2024,SILK,138976833.5
2024,CHD,138919429.0
2024,GRAF.U,138794164.0
2024,AZEK,138738713.0
2024,VXUS,138093392.0
2024,IBB,137970818.0
2024,GH,137915630.0
2024,TRNO,137888275.0
2024,NWS,137575458.0
2024,DVAX,137217287.0
2024,TTC,137207683.5
2024,PODD,136900761.0
2024,SBAC,136638649.0
2024,RYAN,136637400.0
2024,CSL,136593474.0
2024,WU,136581156.0
2024,CALM,136551607.0
2024,DFS,136430833.0
2024,CRK,136401558.0
2024,USO,136299963.0
2024,RL,136293094.0
2024,SPR,136165069.0
2024,CASY,136130725.5
2024,CART,136056048.0
2024,GMS,136008085.0
2024,MBB,136000671.0
2024,EWBC,135945856.0
2024,TGNA,135574416.0
2024,CLX,135480737.0
2024,OLLI,135478415.0
2024,CBRE,135468429.0
2024,CBRE,135468429.0
2024,WTM,135387302.0
2024,OKTA,135102229.5
2024,DOCU,135057612.0
2024,AI,134983521.0
2024,COOP,134908733.0
2024,UNG,134765486.0
2024,BOIL,134762218.0
2024,ENB,134551660.0
2024,TWLO,134502991.0
2024,LECO,134299795.0
2024,AHR,134221281.0
2024,HIBB,134173319.0
2024,NVS,134068668.0
2024,CORZ,134019164.0
2024,PTCT,133951634.0
2024,WYNN,133949856.0
2024,ACGL,133573472.0
2024,SIX,133421075.5
2024,FND,133277119.0
2024,CMA,133228368.0
2024,STM,133008408.0
2024,SAIC,132976285.0
2024,PRU,132882724.0
2024,VLCN,132801055.0
2024,INDI,132664204.0
2024,SPIB,132645590.5
2024,ENVX,132361734.5
2024,WBA,132337440.0
2024,LSCC,132174461.5
2024,MODN,132094055.0
2024,EDR,132062699.5
2024,AKAM,132014160.0
2024,PFSI,131921308.0
2024,CYBR,131696237.5
2024,VECO,131550494.0
2024,CPB,131520787.0
2024,MTUM,131326607.0
2024,GLDM,131252714.0
2024,HUT,131189717.0
2024,BCC,130911986.0
2024,IFF,130879096.0
2024,BL,130862909.0
2024,MOG.A,130763786.5
2024,BG,130756350.0
2024,JBL,130606416.0
2024,RELI,130513155.0
2024,MNDY,130425254.5
2024,NVVE,130408828.0
2024,AMG,130385721.0
2024,FDN,130276583.0
2024,ASAN,130229233.0
2024,ED,130158325.0
2024,FNF,130078727.0
2024,TCOM,129855499.0
2024,AES,129836369.0
2024,ACWX,129734813.5
2024,MGY,129699514.0
2024,AGO,129590938.0
2024,TEM,129555124.5
2024,LPLA,129502500.0
2024,VGIT,129428350.0
2024,BILI,129341168.0
2024,MINM,129051654.0
2024,MINM,129051654.0
2024,FRGT,128974613.0
2024,KEYS,128893919.0
2024,EXTR,128831243.0
2024,VRNS,128811490.0
2024,FITB,128807532.0
2024,IDA,128721851.0
2024,FUSN,128694703.0
2024,CMS,128616143.0
2024,BPTH,128559390.0
2024,EFG,128551082.0
2024,ZI,128274437.0
2024,ZI,128274437.0
2024,WCC,127782338.0
2024,SPXC,127747685.0
2024,FEZ,127722995.5
2024,VIG,127609339.0
2024,EXEL,127594544.0
2024,IGT,127461892.0
2024,DYN,127418308.0
2024,PATH,127414164.0
2024,IPG,127333781.0
2024,FLEX,127282902.0
2024,EZU,127069733.0
2024,CBOE,126908071.0
2024,LHX,126753871.0
2024,ALNY,126723888.5
2024,RBRK,126644727.0
2024,OXM,126625935.5
2024,JWN,126595911.0
2024,ORA,126338196.0
2024,AEM,126248285.0
2024,DGRW,126211239.0
2024,MBLY,126068527.5
2024,BLBD,125999037.0
2024,RXO,125903668.0
2024,CHE,125864328.5
2024,NJR,125773006.0
2024,BYD,125628632.5
2024,TECL,125597031.0
2024,PATK,125540209.0
2024,SLNO,125415283.0
2024,GLOB,125349342.0
2024,RF,125290999.0
2024,VGK,125261648.0
2024,WEX,125259896.5
2024,SPEM,125149194.0
2024,SIG,125085641.0
2024,NVR,124971756.0
2024,AWK,124607056.0
2024,PTON,124490737.0
2024,BECN,124479756.0
2024,DOX,124362160.0
2024,LH,124254934.0
2024,WRK,124199668.0
2024,TTEK,124178250.0
2024,TYL,124168030.0
2024,TEVA,124088074.0
2024,IRT,123949319.0
2024,VAL,123900098.0
2024,OMC,123866485.0
2024,SONY,123774822.0
2024,CIEN,123717891.0
2024,GKOS,123636233.5
2024,TAL,123525160.5
2024,DXC,123506954.5
2024,CM,123481213.0
2024,RRX,123317018.0
2024,OSCR,123304231.0
2024,BN,123301794.0
2024,VGLT,123246308.0
2024,URGN,123191512.0
2024,MGM,123096734.0
2024,SJM,123034949.0
2024,OVV,122897417.0
2024,OVV,122897417.0
2024,LW,122789287.0
2024,TECK,122738681.0
2024,IDEV,122495136.0
2024,ATO,122471159.0
2024,EWS,122464112.0
2024,MTCH,122395199.0
2024,RGEN,122386722.0
2024,WTW,122334548.0
2024,IYW,122115614.5
2024,SCHG,122007522.0
2024,WISA,121946762.0
2024,KMX,121861354.0
2024,SCCO,121837359.0
2024,FCNCA,121822533.5
2024,CINF,121560327.5
2024,SIRI,121447333.0
2024,UCO,121353730.0
2024,EXPD,121304848.0
2024,CW,121279372.0
2024,SEDG,121174479.0
2024,EPI,121138302.0
2024,AMKR,121097977.5
2024,CVE,121079369.0
2024,TREX,120933107.5
2024,DYNF,120889675.0
2024,FBND,120789719.0
2024,CYTK,120666692.0
2024,CIBR,120570813.0
2024,KOLD,120436300.0
2024,EDU,120410331.5
2024,BROS,120368383.5
2024,CNM,120327504.0
2024,CERE,120122512.5
2024,HIG,120026295.0
2024,BALL,120013156.0
2024,SHYG,119911035.5
2024,BBWI,119484625.0
2024,ARW,119373703.0
2024,KITT,119346409.0
2024,BHP,119168813.0
2024,NBIX,119115869.0
2024,CHK,119107622.0
2024,BTI,119095813.0
2024,AYI,119044083.5
2024,WHR,118930987.5
2024,SCHF,118727621.5
2024,NVT,118626756.5
2024,LKQ,118624799.0
2024,FMC,118484970.0
2024,AER,118422746.0
2024,NI,118316485.0
2024,VT,118224671.0
2024,CRSP,118131032.5
2024,RIO,118072480.0
2024,JAAA,118069889.0
2024,JBHT,118048791.0
2024,USFD,117957210.0
2024,EWT,117955791.5
2024,KSS,117740332.5
2024,SPLV,117684897.0
2024,INVH,117173733.0
2024,BAM,117113946.0
2024,PNR,117011705.0
2024,RJF,116978394.0
2024,CX,116930465.0
2024,SPHY,116792151.0
2024,SPHY,116792151.0
2024,TXRH,116505437.0
2024,REXR,116471138.5
2024,AXON,116445410.0
2024,LZB,116329798.0
2024,BCS,116303670.0
2024,SDVY,116270287.0
2024,LSTR,116184995.0
2024,KRYS,116145249.0
2024,PAYC,116085538.0
2024,OWL,115853939.0
2024,MTH,115832257.0
2024,VRSN,115794471.0
2024,GSK,115770883.0
2024,SPWR,115704989.0
2024,LIVN,115660233.5
2024,HTZ,115523310.5
2024,AVAV,115496676.0
2024,MCHI,115122410.5
2024,IONS,115054179.0
2024,MIRM,114968205.0
2024,TRP,114699728.5
2024,MDGL,114666599.0
2024,IYF,114611955.0
2024,GPC,114605033.0
2024,MDGL,114523108.5
2024,USMV,114461408.0
2024,PTC,114370762.0
2024,IEI,114050021.5
2024,FWONK,114032441.0
2024,CAG,113958905.0
2024,AR,113877077.0
2024,GOVT,113861720.0
2024,HEDJ,113825150.0
2024,BNDX,113685348.0
2024,WIX,113617384.0
2024,COHR,113442059.0
2024,IGSB,113420705.0
2024,ARKB,113357731.0
2024,NE,113326329.0
2024,MTB,113242601.0
2024,EAT,113136671.5
2024,UHS,113136303.5
2024,VXX,113096604.0
2024,TAP,112940655.0
2024,EWA,112853086.5
2024,CHRW,112851701.0
2024,GRMN,112759626.0
2024,SPTI,112688487.0
2024,SPTI,112688487.0
2024,PR,112656568.0
2024,WOLF,112545624.0
2024,BLD,112489994.0
2024,ALV,112390870.5
2024,SNX,112260628.0
2024,MHK,112143527.0
2024,PPL,111996769.0
2024,GNTX,111963276.0
2024,AVY,111920410.0
2024,RACE,111905473.5
2024,PWSC,111781961.0
2024,DVA,111746694.5
2024,KGC,111733490.0
2024,CE,111666870.5
2024,NDAQ,111649136.0
2024,RS,111506834.0
2024,BJ,111488272.0
2024,WPM,111414139.0
2024,DPST,111297918.0
2024,IWO,111181943.0
2024,JANX,111123513.5
2024,AVB,111072794.0
2024,K,111067018.0
2024,TD,111056605.0
2024,VLTO,111032949.0
2024,VRNT,110950329.0
2024,NLY,110915928.0
2024,UL,110648559.0
2024,STLA,110624767.0
2024,SCHX,110565798.0
2024,MTDR,110529019.0
2024,BB,110522516.0
2024,BBIO,110448319.0
2024,CMC,110423819.0
2024,MOS,110410131.0
2024,MASI,110391984.0
2024,SPMD,110377315.0
2024,VIK,110200874.0
2024,EIX,110175956.0
2024,LDOS,110142184.5
2024,SOBR,110131334.0
2024,GTLB,110122057.0
2024,OLED,109969117.0
2024,AGNC,109819022.0
2024,AMCR,109771217.5
2024,ATI,109643276.0
2024,RHI,109611741.5
2024,SPYV,109475067.0
2024,MKSI,109432002.0
2024,NVD,109327151.0
2024,FN,109174152.5
2024,SKX,109159316.0
2024,ESI,109121821.5
2024,ESI,109121821.5
2024,CNXC,109007072.0
2024,VO,108958478.0
2024,AEO,108841954.0
2024,ALKS,108808615.5
2024,DTE,108755938.5
2024,EPAM,108744712.0
2024,TLH,108704098.5
2024,BTU,108699555.0
2024,FRT,108661709.0
2024,SLG,108603285.0
2024,CG,108570949.0
2024,TDW,108565005.0
2024,PLNT,108530938.0
2024,IXUS,108463996.0
2024,EXAS,108340060.5
2024,NUGT,108142948.0
2024,AIRC,108127904.0
2024,EUFN,108013927.0
2024,ASO,107839346.0
2024,WAL,107803200.0
2024,AAON,107584431.0
2024,BF.B,107549094.0
2024,VBK,107510390.5
2024,CTLT,107364697.0
2024,GRDI,107298687.0
2024,XLG,107247907.0
2024,MTN,107199114.0
2024,VTIP,107146125.0
2024,TMDX,107096566.0
2024,NXST,106997423.0
2024,ITOT,106992803.0
2024,COWZ,106951298.0
2024,NVDS,106926222.0
2024,ARGX,106801845.0
2024,L,106773744.0
2024,COO,106753528.0
2024,VFC,106663131.0
2024,LI,106596059.0
2024,ITUB,106530321.5
2024,OPTX,106529619.0
2024,CLS,106522083.0
2024,TFLO,106482273.0
2024,POOL,106394722.0
2024,FLOT,106255425.0
2024,FTV,106217577.5
2024,WSO,106073426.0
2024,XMHQ,106055267.5
2024,RY,105925732.0
2024,CIFR,105902949.5
2024,BEKE,105883255.0
2024,FIX,105780100.0
2024,ESGU,105711821.0
2024,PENN,105623812.0
2024,SCI,105404871.0
2024,ZIM,105329630.5
2024,FLNC,105280332.0
2024,FLIN,105256529.0
2024,AN,104930529.0
2024,TNDM,104923228.0
2024,DUOL,104897824.0
2024,X,104837096.0
2024,OC,104753431.0
2024,SFM,104750392.0
2024,DUST,104674493.0
2024,S,104567448.5
2024,AU,104330830.5
2024,PCOR,104256514.0
2024,CRS,104243594.5
2024,SLCA,104236875.5
2024,LPX,104224882.5
2024,ESS,104215247.0
2024,VTRS,104156144.0
2024,ETRN,104147470.5
2024,WULF,104139803.5
2024,BLV,104114948.5
2024,RMBS,104111643.0
2024,HEI,104043333.0
2024,BSY,103834059.5
2024,BUD,103699863.5
2024,NCNO,103571476.0
2024,GEN,103495420.5
2024,NFE,103416070.0
2024,HSBC,103360235.0
2024,LEGN,103288564.0
2024,WFRD,103181379.0
2024,ES,103004263.5
2024,PEN,102992529.5
2024,SPDW,102742293.5
2024,BITF,102654609.0
2024,HAS,102593692.5
2024,TDY,102563560.5
2024,VSCO,102550694.0
2024,BIO,102505019.0
2024,ITCI,102449804.0
2024,VCR,102396484.0
2024,VTR,102374935.0
2024,TSN,102286927.5
2024,EQH,102281480.0
2024,LSXMK,102228886.5
2024,AAP,102167726.0
2024,POR,102010123.0
2024,COPX,101979142.0
2024,DGX,101885187.5
2024,VEU,101822763.0
2024,BTBT,101808992.5
2024,CGGO,101724311.0
2024,HOLX,101722425.0
2024,WBS,101600133.0
2024,IOO,101543052.5
2024,SWK,101525485.5
2024,CGGR,101511413.0
2024,PAAS,101469660.0
2024,MAS,101361896.0
2024,ASTS,101310383.0
2024,KCE,101255068.0
2024,CVLT,101215158.0
2024,STNE,101214918.0
2024,ARCC,101185969.0
2024,SNA,101172189.0
2024,GL,101166832.5
2024,QSR,101037838.0
2024,WMG,101027103.0
2024,JETS,101000143.5
2024,HST,100994509.0
2024,AEE,100987572.0
2024,CAR,100884131.5
2024,DX,100843079.0
2024,BSV,100828983.0
2024,LEVI,100819393.0
2024,STE,100782939.0
2024,MINT,100709827.0
2024,EMXC,100705013.0
2024,GVA,100678768.5
2024,UPST,100669236.0
2024,NTRA,100659639.0
2024,ELS,100616564.0
2024,TSLT,100521673.0
2024,MTZ,100426671.5
2024,ALAB,100356165.0
2024,LRHC,100347977.0
2024,CRL,100267915.0
2024,VRAX,100241940.0
2024,KEX,100239913.0
2024,HALO,100220345.5
2024,SCNI,100210286.0
2024,IYE,100206539.0
2024,GFI,100161787.0
2024,SVXY,100146526.0
2024,PDCO,100077654.0
2024,NEP,100009302.0
2024,MEDP,99919612.0
2024,SMAR,99895915.0
2024,TRI,99884292.0
2024,AMH,99854202.5
2024,PSLV,99812370.0
2024,BZ,99713392.0
2024,FHN,99698746.0
2024,CRBG,99690339.0
2024,CUK,99417890.0
2024,GWRE,99415426.0
2024,ROL,99391889.5
2024,TROW,99120377.0
2024,MSM,99110841.0
2024,TGLS,99001571.0
2024,MUSA,98920689.0
2024,PAVE,98882840.0
2024,NTRS,98803739.0
2024,ALC,98598877.0
2024,SMTC,98518038.5
2024,FNGD,98446682.5
2024,TS,98361312.5
2024,IVE,98230042.0
2024,NVDU,98202796.0
2024,AGQ,98046505.0
2024,FBIN,98041877.0
2024,BRO,97929474.0
2024,ELAN,97923132.5
2024,PVH,97913871.0
2024,WRB,97910761.5
2024,ONTO,97891306.0
2024,UBS,97885628.0
2024,CFLT,97844263.0
2024,WY,97838716.0
2024,VB,97792427.5
2024,TME,97717999.5
2024,TKO,97645957.0
2024,XP,97528763.5
2024,ERIC,97497289.0
2024,IUSG,97379149.0
2024,GRAB,97315935.5
2024,DEO,97286262.0
2024,MOD,97191864.0
2024,IEX,97170015.0
2024,FL,97092626.0
2024,PFF,96950228.0
2024,LEA,96928274.0
2024,SUI,96907288.0
2024,SUZ,96808846.0
2024,PNW,96807337.0
2024,SYM,96741856.5
2024,PII,96697254.5
2024,SMG,96527088.5
2024,EMN,96516108.5
2024,BBJP,96489635.0
2024,MANH,96276800.0
2024,UDR,96243007.0
2024,VTWO,96239543.0
2024,PDBC,96145788.0
2024,HII,95954956.0
2024,NSA,95817658.0
2024,IWR,95777246.5
2024,TPX,95718405.0
2024,HQY,95717241.0
2024,PSQ,95635578.0
2024,TFX,95583170.0
2024,PSN,95552686.0
2024,ADUS,95341708.0
2024,JNUG,95321301.0
2024,IWV,95309882.0
2024,BAH,95256965.0
2024,CC,95073666.0
2024,MGK,95056846.0
2024,IWP,94944584.5
2024,SMDV,94943985.0
2024,J,94865474.0
2024,J,94865474.0
2024,SWN,94865102.0
2024,PLUG,94828953.5
2024,AGFY,94828186.0
2024,FOXA,94787543.5
2024,VIPS,94724019.0
2024,DAR,94700330.0
2024,EQR,94670055.5
2024,MAA,94604627.0
2024,MPW,94515054.0
2024,DBX,94487066.0
2024,TPR,94433952.5
2024,BIRK,94428801.5
2024,BOXX,94378586.0
2024,TBIL,94185339.0
2024,TTE,94085607.5
2024,RGA,94053550.0
2024,ZBRA,93946202.0
2024,GNRC,93812966.5
2024,PBR.A,93784910.0
2024,JNPR,93743287.5
2024,UAA,93728484.0
2024,AXTA,93711030.0
2024,EWQ,93706114.0
2024,MRUS,93657709.5
2024,TM,93657448.0
2024,IVZ,93590123.5
2024,DGRO,93541691.0
2024,FOUR,93529267.0
2024,AMLP,93487327.0
2024,BOOT,93398283.0
2024,ARKG,93165845.0
2024,CCK,93098367.0
2024,IQLT,93063701.5
2024,DAY,93045135.0
2024,RRC,93043825.0
2024,WSC,93026657.5
2024,PKG,93002691.0
2024,JAZZ,92836416.5
2024,IDU,92770219.0
2024,ACLS,92677904.0
2024,PTEN,92595737.5
2024,GFS,92509885.5
2024,JPIE,92489901.0
2024,RKLB,92383609.0
2024,FEBW,92373987.0
2024,THO,92367314.0
2024,PCTY,92311579.5
2024,RPM,92275002.5
2024,MAT,92230371.0
2024,BRKR,92225178.0
2024,M,92179333.5
2024,KBR,92118575.0
2024,URA,92033604.5
2024,DOC,92019974.5
2024,DOC,92019974.5
2024,CIVI,91902137.0
2024,DCI,91875715.0
2024,GDXU,91807718.0
2024,IBKR,91721603.0
2024,TXT,91572492.5
2024,TRU,91426142.0
2024,ARCH,91425007.0
2024,VSS,91421274.0
2024,IOVA,91417209.0
2024,IOVA,91417209.0
2024,JKHY,91409549.0
2024,TDOC,91364882.5
2024,ALLE,91319818.0
2024,SMR,91307489.0
2024,SOLV,91221694.0
2024,SLF,91189607.0
2024,LNW,91181921.0
2024,TRMB,91108935.5
2024,DXJ,91087830.0
2024,QYLD,91026668.0
2024,ARE,91022842.0
2024,APG,90954309.0
2024,FTAI,90936189.0
2024,GGG,90907225.5
2024,CORT,90907193.0
2024,BNTX,90782877.0
2024,VBR,90677472.5
2024,KBH,90676576.5
2024,CAMT,90492539.5
2024,PI,90435896.0
2024,BXP,90414390.5
2024,CRDO,90325984.5
2024,RBC,90232808.0
2024,BEN,90213258.0
2024,FE,90171155.5
2024,WMS,90101732.0
2024,LNT,90019881.5
2024,DO,89823182.0
2024,NVST,89797632.0
2024,FFIV,89783521.0
2024,EQNR,89731571.0
2024,FMX,89730020.0
2024,SPTL,89657478.0
2024,FLS,89524721.5
2024,CALF,89505850.5
2024,FTI,89484507.0
2024,WH,89459554.5
2024,CHKP,89368634.0
2024,KNX,89342440.0
2024,ATKR,89312815.0
2024,PLAY,89302868.5
2024,KIM,89254966.0
2024,SHAK,89232468.5
2024,EWG,89225042.5
2024,SITE,89126595.0
2024,CCEP,89114840.0
2024,AXSM,89103692.0
2024,CSWI,89096174.0
2024,RVTY,89083088.0
2024,USIG,89000132.0
2024,USIG,89000132.0
2024,VGSH,88807513.0
2024,EPD,88806765.0
2024,VYM,88788298.5
2024,GPK,88785379.0
2024,BWA,88738174.0
2024,VXF,88644576.0
2024,ST,88591815.0
2024,NTR,88517328.0
2024,EDV,88498663.0
2024,EWC,88467799.0
2024,HRL,88374207.0
2024,YINN,88258328.0
2024,KBE,88046860.5
2024,OGE,88015398.5
2024,CNH,87966434.0
2024,H,87924527.0
2024,FLJP,87859712.0
2024,WLK,87844800.5
2024,MSOS,87791436.5
2024,BR,87753969.5
2024,ARMK,87645168.5
2024,HR,87595487.0
2024,ERJ,87495056.5
2024,BIV,87435739.5
2024,ALLY,87369520.5
2024,JBLU,87356403.5
2024,ASND,87318825.5
2024,HAE,87205618.0
2024,BEAM,87159572.0
2024,DFAE,87127001.0
2024,ACM,87034754.5
2024,COLD,86957090.5
2024,BE,86887747.5
2024,CPT,86871775.0
2024,FIVN,86858560.0
2024,AGCO,86671604.0
2024,TWST,86667640.0
2024,SGOL,86648617.0
2024,PBF,86612070.0
2024,GMED,86486395.5
2024,NTLA,86485768.0
2024,HDV,86466270.0
2024,BILL,86409992.5
2024,RIG,86282208.0
2024,BILS,86231974.0
2024,INSP,86210060.5
2024,CNK,86177815.5
2024,LFLY,86004716.0
2024,CHDN,85969598.0
2024,SPSM,85956619.0
2024,IUSB,85948424.5
2024,SN,85939247.0
2024,BC,85918122.5
2024,MIDD,85881915.0
2024,SG,85876626.0
2024,AGIO,85796079.0
2024,AMCX,85635781.0
2024,ALTR,85633225.0
2024,MTSI,85615487.0
2024,TECH,85550825.0
2024,IGIB,85528068.0
2024,VAC,85444494.0
2024,IUSV,85443126.0
2024,OLMA,85432061.0
2024,WPC,85394760.0
2024,HSIC,85370959.0
2024,WWD,84954657.0
2024,RPRX,84824008.0
2024,ZION,84744889.0
2024,DINO,84728852.0
2024,TECS,84709792.0
2024,UMC,84688153.0
2024,CHX,84614356.0
2024,EHC,84614228.0
2024,TW,84548968.0
2024,WGO,84463837.0
2024,NUVL,84448477.0
2024,OEF,84423017.5
2024,AGI,84395131.0
2024,FUTU,84375754.5
2024,VLUE,84375742.0
2024,NKLA,84285949.0
2024,SCHH,84271154.0
2024,TSLQ,84267963.0
2024,GGAL,84242012.0
2024,YUMC,84228133.0
2024,BNS,84217012.5
2024,FRPT,84197432.0
2024,CLH,84190666.0
2024,BMO,84083186.0
2024,DFAC,84025949.0
2024,SCHO,83984565.0
2024,YETI,83859919.0
2024,VMI,83849168.0
2024,HOLO,83808707.0
2024,FNV,83687041.5
2024,SPHQ,83663312.0
2024,OZK,83532854.0
2024,NVMI,83512289.0
2024,APPF,83508817.0
2024,HXL,83433756.0
2024,PRGS,83314924.5
2024,PFG,83279283.0
2024,YPF,83262513.0
2024,REG,83193854.5
2024,SJNK,83182568.0
2024,KSA,83159546.0
2024,NVDQ,82954390.0
2024,USD,82891782.5
2024,TFII,82890117.5
2024,SLM,82796962.0
2024,STAA,82787104.0
2024,BRX,82740957.0
2024,WEN,82653015.0
2024,VOOG,82636732.0
2024,OPEN,82628758.0
2024,ATMU,82482780.0
2024,MKL,82426427.0
2024,MOAT,82426142.0
2024,ERIE,82358330.0
2024,CNX,82348227.0
2024,LBRDK,82331726.0
2024,GLNG,82291364.0
2024,IBP,82273487.5
2024,ASX,82268629.0
2024,EVRG,82252549.5
2024,AVDV,82204526.0
2024,TWM,82181013.0
2024,FLR,82154867.0
2024,GLBE,82090584.0
2024,SLAB,82013974.0
2024,WHD,82009383.0
2024,JLL,82008487.0
2024,EG,81924165.0
2024,LBRT,81916183.0
2024,NOV,81887953.0
2024,POWL,81638627.0
2024,LAD,81598050.0
2024,SM,81530825.0
2024,BSCO,81414385.0
2024,LABD,81411794.0
2024,AMR,81410039.0
2024,NGG,81308867.0
2024,OLN,81266425.0
2024,AMX,81236958.0
2024,LSXMA,81210983.0
2024,SPHB,81123289.0
2024,URBN,81106648.0
2024,ALK,81105160.5
2024,MGOL,80995125.0
2024,BITI,80973142.5
2024,CRUS,80962762.0
2024,XPEV,80886800.0
2024,JMIA,80879278.0
2024,PJUN,80840918.0
2024,GRAL,80671926.0
2024,ALGM,80393415.0
2024,PNM,80381317.0
2024,GVI,80329703.0
2024,VOX,80327382.0
2024,SOUN,80292533.0
2024,NVDY,80222030.0
2024,HYD,80208456.0
2024,RYAAY,79891723.0
2024,CXM,79866258.0
2024,QGEN,79835009.0
2024,ACHC,79831638.0
2024,EMCR,79434284.0
2024,CRC,79351820.0
2024,MLPA,79321761.0
2024,HUN,78907224.0
2024,MMYT,78799584.0
2024,MGA,78748310.0
2024,NYT,78474284.0
2024,ZNTL,78318545.0
2024,BRBR,78242790.0
2024,LNTH,78239160.5
2024,EC,78143266.5
2024,EXP,77937465.0
2024,OGN,77844066.0
2024,BCE,77824246.0
2024,KD,77743536.5
2024,OTTR,77656114.0
2024,CTRI,77404479.0
2024,COKE,77270828.0
2024,IRTC,77219012.0
2024,VOD,77024161.0
2024,BRZE,76821466.0
2024,MT,76738950.0
2024,ZETA,76678936.5
2024,BBEU,76480372.0
2024,AOS,76383174.0
2024,LNC,76277752.0
2024,AAAU,76228035.0
2024,DNB,76211017.0
2024,INFA,75638152.0
2024,XRAY,75623663.0
2024,DY,75526298.0
2024,VLY,75051618.0
2024,SEIC,75015211.0
2024,ILF,75014233.0
2024,DV,74981816.0
2024,VIXM,74737513.0
2024,GSY,74692823.0
2024,PMAR,74578587.0
2024,HYLB,74518387.0
2024,AQN,74435809.0
2024,ITT,74313335.0
2024,ATRC,74155331.0
2024,SVRA,73968387.0
2024,MFC,73580986.0
2024,STNG,73535955.0
2024,AMZU,73475820.0
2024,GLPI,73358567.0
2024,ARCT,73342045.0
2024,ARCT,73342045.0
2024,OSK,73099104.0
2024,LCID,73041432.0
2024,ICSH,72812964.0
2024,CRI,72670385.0
2024,FR,72206022.0
2024,BINC,72108561.0
2024,SCZ,71957458.0
2024,TAN,71955080.0
2024,PRGO,71905548.5
2024,BPMC,71792866.0
2024,CGCP,71677523.0
2024,SBLK,71672167.0
2024,RHP,71104400.0
2024,BSFC,70883918.0
2024,IQ,70798297.0
2024,ALRM,70193123.0
2024,CXW,70048907.0
2024,BAP,69955907.0
2024,VITL,69455107.0
2024,TNET,68457441.0
2024,CGXU,68351083.0
2025,SPY,40038362185.5
2025,TSLA,32391712627.0
2025,NVDA,24253232683.0
2025,QQQ,21752500872.5
2025,AAPL,9288155671.5
2025,PLTR,9283203688.5
2025,MSFT,7312180834.5
2025,AMZN,7135233164.5
2025,META,6895852303.0
2025,IWM,6322606531.5
2025,CRCL,5913110504.0
2025,AMD,5814869650.5
2025,AVGO,5553472840.5
2025,GOOGL,5340467971.0
2025,TQQQ,4353755087.5
2025,GOOG,3847259155.5
2025,MSTR,3422964617.5
2025,UNH,3349831584.0
2025,CRWV,3069996790.5
2025,LQD,3006988491.5
2025,VOO,2944391274.0
2025,TLT,2851903814.5
2025,NFLX,2807911460.5
2025,BMNR,2750348730.0
2025,GLD,2711023835.5
2025,COIN,2586114955.0
2025,HOOD,2437374415.0
2025,MU,2412965008.0
2025,SOXL,2401492077.5
2025,HYG,2380929443.5
2025,ORCL,2350907707.5
2025,HIMS,2340235132.5
2025,IVV,2310061697.5
2025,TSLL,2172928811.5
2025,LLY,2129693131.0
2025,V,2105297034.5
2025,TSM,2025210105.0
2025,IBIT,1986147865.5
2025,CRM,1974510278.0
2025,SMH,1952293313.0
2025,RSP,1896949671.5
2025,JPM,1885279129.5
2025,XLI,1842673951.0
2025,BRK.B,1824891297.5
2025,XLE,1804917563.0
2025,APP,1799547848.0
2025,COST,1786791862.5
2025,XLF,1728603447.0
2025,SQQQ,1727018914.5
2025,XLV,1717768706.5
2025,XOM,1699637910.0
2025,UBER,1695930804.5
2025,INTC,1596137741.0
2025,CRWD,1559238912.5
2025,BAC,1549341606.0
2025,SOXX,1547813826.5
2025,SMCI,1518824767.0
2025,BA,1516485354.0
2025,GE,1515475047.0
2025,WMT,1488118318.5
2025,ADBE,1455149075.5
2025,MA,1424530937.5
2025,MRVL,1393254656.5
2025,XLK,1335977181.5
2025,EFA,1301102391.5
2025,HD,1223453683.0
2025,EEM,1208695105.5
2025,CVX,1204406548.0
2025,PEP,1167978862.5
2025,DIA,1167070450.0
2025,SOXS,1164599102.0
2025,GEV,1151100350.0
2025,CSCO,1137516930.0
2025,BABA,1117213210.0
2025,MCD,1091509526.0
2025,CVNA,1082405680.0
2025,FXI,1081035022.5
2025,WFC,1075078632.0
2025,GS,1052930894.5
2025,TMUS,1050708923.5
2025,XLP,1047513186.0
2025,SPOT,1031088159.0
2025,INTU,1028684721.5
2025,BKNG,1018670811.0
2025,ASML,1017494665.0
2025,TMO,1011998493.0
2025,KLAC,1007182641.0
2025,QCOM,1004948413.0
2025,XLU,1003294016.0
2025,SOFI,996545269.5
2025,CYN,995175880.5
2025,JNJ,987373620.5
2025,LULU,984977665.0
2025,PG,983763962.5
2025,MRK,965898333.5
2025,NOW,963432230.0
2025,GDX,962295447.5
2025,CERO,958868703.0
2025,IBM,925726146.5
2025,DIS,921684722.5
2025,F,920143568.0
2025,AMAT,919144728.5
2025,TXN,915696552.5
2025,XLY,887903639.5
2025,ACN,887770543.5
2025,C,874721566.5
2025,KO,871494479.5
2025,OKLO,866184862.5
2025,RTX,863536427.0
2025,PM,859652977.0
2025,IEFA,858844222.0
2025,VTI,851935038.5
2025,SGOV,847921957.5
2025,RDDT,829780372.5
2025,LRCX,829559454.0
2025,XBI,822673799.0
2025,ABBV,821271157.5
2025,PFE,810659676.0
2025,PGR,791860971.5
2025,ASTS,784872653.5
2025,NKE,783300376.0
2025,BSX,774950589.5
2025,QS,770714258.5
2025,GILD,770698887.0
2025,NEE,760499759.5
2025,ISRG,759536644.0
2025,SNOW,759383741.0
2025,MELI,753859580.5
2025,CEG,751206945.5
2025,QBTS,750812577.5
2025,USO,749948708.5
2025,ZS,749077734.0
2025,NU,747072122.0
2025,LMT,744779082.0
2025,NKTR,740925931.0
2025,RBLX,738774564.5
2025,VST,738684353.5
2025,DASH,730876988.0
2025,SHOP,729380273.0
2025,COP,727714889.0
2025,ADI,724920208.0
2025,CAT,719643493.5
2025,RBNE,716914367.5
2025,VEA,715765163.5
2025,ANET,712255410.0
2025,MDT,712037170.5
2025,IONQ,711006933.0
2025,T,699568320.0
2025,APH,698697215.0
2025,IEF,697893115.0
2025,TEM,696280460.5
2025,ARKK,693858142.5
2025,FLUT,685207826.5
2025,AGG,684587209.5
2025,DHR,683813393.0
2025,AMGN,676945362.0
2025,VRT,676024210.0
2025,VRT,676024210.0
2025,COF,676020347.0
2025,ABT,667996482.0
2025,NEM,667092348.0
2025,SLV,662844846.5
2025,SBUX,657481153.0
2025,MARA,656177684.0
2025,AXP,650919183.5
2025,BIL,641026352.5
2025,VZ,638478321.0
2025,EWZ,632016592.0
2025,NVDL,628814276.0
2025,XLC,616083872.5
2025,ETN,613555268.0
2025,FSLR,613395222.5
2025,CMCSA,613241645.0
2025,KRE,610639387.0
2025,NBIS,610167181.0
2025,BBAI,607983141.5
2025,UNP,607972565.5
2025,SCHW,606318443.5
2025,MS,602303190.5
2025,PANW,602116027.5
2025,IEMG,601898321.0
2025,LIN,601069205.0
2025,NVO,594468028.5
2025,BLV,588293504.0
2025,TGT,586266594.0
2025,VCIT,582115825.0
2025,SE,581706682.5
2025,REGN,580467778.0
2025,CME,571826193.0
2025,FI,571743254.0
2025,DELL,570242084.5
2025,RKLB,567248751.0
2025,DE,565778013.5
2025,BLK,563680491.0
2025,CARM,563660659.0
2025,AAL,561032709.0
2025,PDD,559852966.5
2025,MCHP,554375468.5
2025,TSLY,553786452.0
2025,BMY,553765745.5
2025,APVO,553494845.0
2025,STX,553185482.0
2025,RCL,552549577.0
2025,ARM,549000106.0
2025,LCFY,548342652.0
2025,DDOG,545403063.0
2025,SPGI,544938924.5
2025,CMG,542456915.5
2025,ABNB,541455043.0
2025,SHW,541084778.5
2025,PYPL,539296057.5
2025,SNPS,537573738.5
2025,TJX,536153675.5
2025,ELV,536040994.5
2025,XOP,531088039.5
2025,CCL,530813329.5
2025,IGZ,524800000.0
2025,QUBT,523261492.0
2025,AZO,521740173.0
2025,KLTO,520202757.0
2025,MULN,512889183.0
2025,CI,510075235.0
2025,QQQM,504784826.0
2025,LOW,502314976.0
2025,SLB,501853919.5
2025,EMB,497132404.5
2025,UAL,496266580.0
2025,IYR,495312476.5
2025,MUB,491569831.5
2025,ZENA,490369552.0
2025,WBD,488174905.5
2025,OXY,487744542.0
2025,BND,485000901.0
2025,VERV,483776831.5
2025,MO,483357232.0
2025,NET,476507807.0
2025,BPMC,476312553.5
2025,VRTX,475545761.5
2025,IAU,470861518.0
2025,PHAT,469543742.0
2025,IBO,467591102.0
2025,CDNS,466859420.0
2025,EQIX,461361559.5
2025,CRDO,460913729.5
2025,MCK,460377112.0
2025,PCG,457555365.5
2025,ZTS,456365091.5
2025,SO,456101917.5
2025,KWEB,455396151.0
2025,REET,453502344.0
2025,IJR,452630462.0
2025,ADP,452389162.5
2025,EOG,451531454.5
2025,CL,451087064.5
2025,TT,449853769.5
2025,BDX,449810484.0
2025,SCHP,449246881.0
2025,HCA,448636574.5
2025,TSLQ,445982916.5
2025,ORLY,445278617.5
2025,HON,443838232.5
2025,SPLG,443383572.5
2025,BRO,442805395.0
2025,ON,441973556.0
2025,SPXL,441086028.5
2025,XLB,440637913.0
2025,FDX,439688467.5
2025,SMR,439222849.0
2025,FCX,438544145.5
2025,EBAY,437346727.5
2025,MMC,435607690.0
2025,HUBS,435415930.0
2025,TTD,433171562.0
2025,TEAM,432205178.0
2025,KR,429742157.5
2025,AJG,429027890.5
2025,ROST,428118367.0
2025,IJH,426678586.0
2025,LYV,426182067.5
2025,WDAY,425849168.0
2025,USB,425774109.5
2025,GM,424147119.0
2025,EQT,424084517.0
2025,AMT,423287332.5
2025,MDB,420875223.0
2025,HBAN,420726641.0
2025,NXPI,418642783.5
2025,AON,418177187.5
2025,RIOT,415859688.0
2025,BX,414648186.0
2025,DUOL,413764214.0
2025,IWF,413603087.0
2025,DAL,412776349.5
2025,NRG,411639972.0
2025,WMB,409884071.5
2025,ARAI,409722872.0
2025,VUG,407834561.0
2025,PH,407482849.5
2025,HWM,407060165.0
2025,HWM,407060165.0
2025,CLS,405696072.5
2025,VEEV,405639990.0
2025,MDLZ,405213260.0
2025,DHI,405172189.5
2025,JCI,404994346.5
2025,TTWO,404724916.5
2025,CVS,402055341.5
2025,XYZ,401731552.0
2025,RBRK,401525957.5
2025,UPS,400562013.5
2025,VTV,399255553.0
2025,CSX,398068427.5
2025,WELL,398036853.0
2025,VPL,396804980.5
2025,HLT,396281108.0
2025,KKR,395501274.0
2025,CHTR,394424544.0
2025,MDY,392495446.0
2025,IGV,389453780.5
2025,SRM,388571662.0
2025,SRM,388571662.0
2025,CB,384530265.0
2025,X,384466154.5
2025,VTEB,383808380.0
2025,FICO,383703125.0
2025,VWO,382825114.0
2025,EA,381845166.5
2025,STZ,379861983.5
2025,RGTI,378754157.5
2025,MP,377309186.5
2025,VAC,376226236.0
2025,INSM,376214387.5
2025,FERG,375310066.0
2025,EWY,375059458.5
2025,AXON,374607347.0
2025,TNA,371389296.0
2025,JNK,371142976.5
2025,APPS,369712805.5
2025,CONL,369654900.0
2025,LUCY,368915679.0
2025,TDG,367236183.5
2025,NOC,366891980.0
2025,IQV,363873459.5
2025,IQV,363873459.5
2025,SCHD,363385634.5
2025,GMS,362274746.5
2025,PLD,362020575.5
2025,KWM,361903507.0
2025,MPWR,358358475.0
2025,ETSY,357932163.0
2025,SYK,357835633.0
2025,ACHR,357456343.5
2025,KVUE,354489349.0
2025,MPC,352725649.0
2025,IWD,352576984.5
2025,HUSA,352170360.0
2025,ICE,351304860.0
2025,MMM,350217828.5
2025,COR,348231358.5
2025,DG,346490516.5
2025,DKNG,346225317.0
2025,DKNG,346225317.0
2025,CAI,346221526.0
2025,PSX,346202927.0
2025,KMI,345109860.0
2025,CRH,343114508.0
2025,AEM,342283222.5
2025,RAL,340836365.0
2025,APD,339928916.0
2025,VLO,339846102.5
2025,LNG,339822593.0
2025,MAR,339030319.5
2025,FTNT,338823009.0
2025,FANG,337708873.0
2025,EMR,337681035.0
2025,GENI,337006754.0
2025,ADSK,336436425.0
2025,CAH,336198888.0
2025,IT,334982051.0
2025,USHY,334902245.5
2025,APO,334840990.0
2025,K,333842974.5
2025,ALAB,333624440.5
2025,KGC,333410615.5
2025,UPRO,333273659.5
2025,DLTR,332360991.0
2025,XRT,332061711.0
2025,KHC,331498383.5
2025,CPRT,331384506.5
2025,ACWI,330641981.0
2025,LUV,329062299.5
2025,PWR,327705535.0
2025,DOW,326128802.0
2025,RSG,323240146.5
2025,TRGP,322283291.0
2025,PZZA,320926160.0
2025,BITX,320659430.0
2025,MSI,320656987.5
2025,CCJ,320649944.5
2025,OKE,318991577.0
2025,PSLV,318105117.0
2025,AFRM,316752961.0
2025,SKX,316377003.5
2025,MNST,315153728.5
2025,PNC,314492722.0
2025,ULTA,314199523.0
2025,OTEX,313608420.0
2025,VALE,312727478.0
2025,HUM,312701361.0
2025,BK,312546467.5
2025,URI,312413938.0
2025,WM,312412284.0
2025,BASE,312225116.0
2025,WDC,310545284.0
2025,PINS,309189974.5
2025,BTI,307417784.0
2025,SAP,307111632.0
2025,VGT,306066900.5
2025,LEN,304201855.5
2025,ECL,303746001.5
2025,PINC,303687296.0
2025,DRI,303532419.5
2025,KZIA,303255182.0
2025,D,303013926.5
2025,VGK,302670907.0
2025,JBL,301798037.0
2025,CORT,301475861.5
2025,IOT,299651859.0
2025,EWJ,299580803.0
2025,OMC,298988452.5
2025,GRRR,298785568.0
2025,EEMA,298601423.0
2025,AIG,297394434.5
2025,ALL,297190253.0
2025,CCI,296397192.5
2025,EXE,295745265.5
2025,BRK.A,295567289.5
2025,GDXJ,295356791.0
2025,KDP,295145974.0
2025,AIRO,295061286.0
2025,THC,294824375.0
2025,HAL,294186401.0
2025,DNN,293614938.5
2025,CF,293370835.5
2025,DUK,293259326.0
2025,NVTS,292757015.5
2025,UPST,290384869.5
2025,LHX,289392842.5
2025,RIVN,288600210.5
2025,TRV,287961164.5
2025,PBR,287776984.5
2025,NSC,287629133.5
2025,CTLP,286699119.0
2025,PCT,286017741.0
2025,ENPH,285342886.0
2025,OKTA,284790892.0
2025,CARR,284736735.5
2025,CARR,284736735.5
2025,TSCO,284547173.5
2025,EL,284497813.5
2025,XENE,283900658.0
2025,WHLR,283851014.0
2025,DLR,283592444.0
2025,ONMD,282892107.0
2025,JPLD,282762994.0
2025,DECK,282758802.0
2025,VT,282488945.5
2025,AMDL,280685094.0
2025,CHWY,280395201.0
2025,JEPQ,279812117.5
2025,ETHA,278705252.0
2025,TFC,278212872.0
2025,VTAK,278000085.0
2025,INDA,277669290.5
2025,NUE,276947478.5
2025,AMRZ,276420976.0
2025,GIS,275610871.0
2025,LCID,275168942.0
2025,BWZ,275132845.0
2025,B,274643647.0
2025,BP,274050046.5
2025,SFM,273536960.0
2025,GD,273464824.0
2025,MSCI,273152011.0
2025,LAMR,272181391.0
2025,CAVA,271825013.0
2025,HSY,271274841.5
2025,NCLH,271068627.0
2025,NCNA,270826199.0
2025,SPXU,270683422.5
2025,KWE,270039178.0
2025,EXPE,268791926.0
2025,CTAS,268545145.5
2025,TIGO,267527739.0
2025,UVXY,267526421.5
2025,CLF,266955343.5
2025,NDAQ,265869695.5
2025,HES,265681675.0
2025,CELH,265390359.5
2025,WINA,264459795.5
2025,ROKU,264334905.5
2025,SCHX,263942510.0
2025,SPXS,263609162.0
2025,GLDM,263606030.5
2025,CTVA,262942735.0
2025,EW,262457536.5
2025,ED,262439930.5
2025,ASTI,260294855.0
2025,JPST,259508183.5
2025,O,259226540.0
2025,OSCR,259052667.5
2025,SOUN,258422313.5
2025,SNX,258392129.0
2025,INMB,257813112.0
2025,VXUS,257076879.5
2025,VNQ,257011408.0
2025,QLD,255872283.0
2025,YUM,255220475.0
2025,OMDA,255212393.0
2025,SHV,255030942.5
2025,TER,253627120.5
2025,VCSH,252792532.0
2025,TIP,252046295.0
2025,AZN,251645205.5
2025,MSTU,251180086.0
2025,SRE,250845296.5
2025,KBR,250533489.0
2025,CLSK,250455614.0
2025,RSLS,250031582.5
2025,CPRI,249769660.0
2025,BBY,249147085.5
2025,PRF,248406407.0
2025,ENTG,247915557.5
2025,PAYX,247781875.0
2025,SNAP,247432193.0
2025,UCO,247196218.0
2025,WSM,246801115.5
2025,IBKR,246766306.0
2025,DOCU,246539321.5
2025,MODV,246457109.0
2025,IWB,246371778.5
2025,TMF,245988201.5
2025,SITM,245791328.0
2025,MCO,245751572.0
2025,GME,245495584.0
2025,PII,245105077.0
2025,TOST,245017535.5
2025,RCT,244887001.0
2025,MBB,244761191.0
2025,ROK,244488721.5
2025,KNSA,243409155.0
2025,SCHG,242541125.5
2025,EXC,241773235.5
2025,JD,241337854.5
2025,UVIX,241259299.5
2025,JAAA,241129828.0
2025,ET,240390915.5
2025,ELF,239283055.0
2025,EAT,239156016.0
2025,MTUM,239060696.0
2025,HPE,238955403.5
2025,PODD,238883088.5
2025,TEL,237394175.5
2025,LEU,237386618.0
2025,TPR,237168909.0
2025,WING,235889311.0
2025,LYB,235778953.0
2025,AMP,235386580.5
2025,DVN,234654894.0
2025,SPG,234331175.5
2025,RH,234003863.5
2025,CNC,233847723.0
2025,ASAN,233370029.0
2025,MRNA,233199047.5
2025,JEPI,233182847.0
2025,CLRB,233139635.0
2025,CPNG,232217246.0
2025,VONG,231211816.0
2025,NTAP,230897809.5
2025,XLRE,230539739.0
2025,TIGR,230410829.0
2025,RGC,229927080.0
2025,GDDY,229301756.5
2025,DXCM,229167268.0
2025,CASY,228890695.0
2025,FIVN,228593548.0
2025,AEP,227501095.0
2025,BURL,227120193.0
2025,SU,225920088.0
2025,RVYL,225843992.0
2025,SJNK,225704238.0
2025,KMX,225287935.5
2025,BCS,225223244.0
2025,IPAC,224900096.0
2025,ARES,224565291.5
2025,U,224243600.0
2025,PSA,223945406.0
2025,CNH,223545074.5
2025,VMC,223426521.0
2025,XHB,223161562.5
2025,AZTA,222716735.0
2025,CTSH,222517093.5
2025,VUSB,222384628.5
2025,FOX,221851922.0
2025,RF,221798945.5
2025,PRMB,221578171.0
2025,ITB,220587326.0
2025,DPZ,220420082.5
2025,ANSS,220263759.0
2025,DKS,220130523.5
2025,KMB,220104600.0
2025,SPB,219911756.0
2025,IBB,219893279.5
2025,PEG,219521457.5
2025,GWRE,218085174.5
2025,HPQ,217988906.5
2025,IDXX,217623088.5
2025,AG,216879339.5
2025,OSK,216719909.0
2025,AFL,216678453.5
2025,GO,216402773.0
2025,TLN,216377333.0
2025,SILA,216338101.0
2025,EIX,216024405.5
2025,ALNY,215631826.0
2025,TWLO,215524218.5
2025,SJM,215524048.0
2025,LYRA,215450543.5
2025,DVY,214734682.0
2025,BBVA,214461803.0
2025,USMV,214436425.5
2025,MLI,213759515.0
2025,RYDE,213683590.0
2025,AME,213503193.5
2025,INM,213423011.0
2025,FBTC,213380105.0
2025,CM,213372522.0
2025,EDU,212849548.0
2025,GLW,212722458.0
2025,SWKS,212092817.0
2025,ZETA,212068401.0
2025,BRZE,211672545.0
2025,MMYT,211253126.0
2025,SWTX,211059103.0
2025,SSB,210944867.0
2025,ODFL,210913047.0
2025,STR,210897418.0
2025,CSGP,210621692.0
2025,VCLT,210555295.0
2025,FIS,210491387.5
2025,MRX,210359376.0
2025,ARTL,210336758.0
2025,ODD,210215679.0
2025,BAH,209604392.5
2025,CHD,209238779.5
2025,MCTR,209113011.0
2025,QXO,208578351.0
2025,VTR,208459096.5
2025,SPYG,208392459.5
2025,SDS,208388950.5
2025,FLR,208349063.0
2025,BUR,208284440.0
2025,SRFM,208280000.0
2025,ALT,208146055.0
2025,GLNG,207936208.0
2025,SHY,206912646.0
2025,CYBR,206734079.0
2025,PLTU,206510239.0
2025,CC,206008768.0
2025,NEU,205639350.0
2025,HUBB,205630157.0
2025,SMA,205347108.0
2025,ROIV,205153359.0
2025,VOR,205096300.0
2025,ITOT,204810772.5
2025,RDN,204451698.0
2025,SPR,204311262.0
2025,AGNC,204233121.0
2025,CHYM,204140949.0
2025,BNS,203932050.0
2025,CAR,203773399.0
2025,MLM,203598811.0
2025,CIEN,203252967.0
2025,SGRY,202628947.0
2025,OTIS,202407028.0
2025,OTIS,202407028.0
2025,BTG,202394176.0
2025,SAIL,201994945.0
2025,ETR,201900895.5
2025,BKR,201865632.0
2025,CRS,201402764.0
2025,NTRS,201317841.5
2025,CRI,200911956.0
2025,GEHC,200669716.0
2025,INFY,200221115.0
2025,VXX,200154714.0
2025,ONON,200031419.0
2025,CFG,199887732.0
2025,KEY,199665928.5
2025,SH,199472980.0
2025,TMC,199461126.0
2025,EWU,198661850.0
2025,NTNX,198563933.5
2025,FAST,198403067.0
2025,VRSK,198319733.0
2025,SYM,198293379.0
2025,BF.B,198176357.0
2025,SAN,198161402.0
2025,STM,198019244.0
2025,GWW,197986192.0
2025,GOVT,197926831.0
2025,DY,197534142.0
2025,AMCR,197524309.5
2025,TRIP,197425081.0
2025,FE,196951476.0
2025,UMBF,196812636.0
2025,AVB,196631193.5
2025,GAP,196622421.0
2025,EFX,196415359.5
2025,AAOI,195524434.0
2025,EWBC,195124792.0
2025,CNQ,194448011.0
2025,MRUS,194406806.0
2025,ACM,194308195.0
2025,EWT,194285375.5
2025,SLNO,194236078.0
2025,GTLB,194187732.5
2025,SLDE,193886861.5
2025,PCAR,193765768.0
2025,BILI,193350617.0
2025,FITB,193322953.0
2025,JOBY,193162089.0
2025,GPN,192824209.5
2025,STSS,192156609.0
2025,MOS,191954644.5
2025,NVDX,191279033.0
2025,SDRL,191259646.0
2025,SYY,191117606.0
2025,OMH,190449734.0
2025,SAIA,190428066.0
2025,CLX,190282431.5
2025,ADM,190188283.5
2025,BEKE,190111506.0
2025,BRKR,189968175.0
2025,GXO,189464428.0
2025,HEI.A,189303657.0
2025,COO,189256268.0
2025,ALB,188863449.0
2025,CVE,188722004.0
2025,LPLA,188120803.0
2025,HALO,188054016.0
2025,EYEN,187721441.0
2025,CAG,187353241.0
2025,VOYG,187287485.5
2025,IREN,186631468.0
2025,FTV,186537067.5
2025,REYN,186390293.0
2025,BDBT,186386296.0
2025,WTW,186140077.5
2025,POOL,186115788.0
2025,BLDR,186112706.0
2025,CRBG,186080891.0
2025,TZA,185942711.5
2025,SAGE,185823556.0
2025,SPHY,185786397.5
2025,SPHY,185786397.5
2025,TSLS,185417043.0
2025,NTRA,185312537.0
2025,QUAL,185267106.0
2025,MTB,185216960.5
2025,WEC,185107391.0
2025,EME,184902619.5
2025,MET,184272568.5
2025,TCOM,184219835.0
2025,MLTX,184094608.0
2025,CDW,183785460.0
2025,ORLA,183633997.0
2025,XEL,183600552.0
2025,WGS,183586716.0
2025,CALM,183366473.0
2025,ANF,183281888.0
2025,SPMD,183101174.0
2025,MTD,182797000.5
2025,UTHR,182733585.0
2025,TDOC,182516927.0
2025,IPG,182329870.0
2025,FUTU,182278435.5
2025,ITW,181848415.5
2025,BTBT,181822710.0
2025,ARRY,181712972.5
2025,A,181702743.5
2025,GKOS,181656651.5
2025,ITT,181596956.0
2025,BLUX,181350240.0
2025,GSK,181311134.5
2025,TRU,181250470.0
2025,URGN,181222567.5
2025,IAUM,181155225.5
2025,SSO,181115131.0
2025,SMMT,180984584.5
2025,VERA,180901410.0
2025,IEI,180816852.0
2025,TEVA,180689440.0
2025,RDW,180668516.5
2025,GPI,180560826.0
2025,AZEK,180345412.0
2025,USFR,180316738.5
2025,LVS,180269279.5
2025,FOXA,180251155.5
2025,SRRK,179905018.0
2025,AKAM,179810668.0
2025,W,179647277.5
2025,TPG,179614082.5
2025,SPIB,179263968.5
2025,BIDU,179247781.0
2025,TXRH,179241891.0
2025,BWX,179175379.0
2025,BROS,178951035.0
2025,CBRE,178928482.0
2025,CBRE,178928482.0
2025,EWG,178909135.0
2025,LYFT,178863411.5
2025,QSR,178634952.0
2025,CMI,178407417.5
2025,VDE,178298091.0
2025,KBH,178232805.5
2025,NIVF,178187567.0
2025,WTV,178014156.0
2025,VEU,177863740.0
2025,CNP,177762494.0
2025,SBET,177421461.0
2025,CRSP,177340904.5
2025,TOL,177245851.0
2025,RL,177228425.0
2025,IWN,177210763.0
2025,KRMN,177111404.0
2025,HESM,176970871.0
2025,KBWB,176945475.0
2025,UHS,176823691.0
2025,IGF,176739262.0
2025,GPOR,176735321.0
2025,RELY,176667852.0
2025,GNW,176652049.0
2025,CHE,176636378.0
2025,J,176365000.5
2025,J,176365000.5
2025,ITUB,176339014.5
2025,VRSN,176302593.5
2025,COHR,176064880.5
2025,BHF,175964352.0
2025,BWXT,175719188.0
2025,TSDD,175613605.0
2025,WMS,175093013.0
2025,BB,175051102.0
2025,LECO,174916322.5
2025,WPC,174872939.0
2025,SEDG,174534959.0
2025,SYF,173796430.0
2025,FIVE,173507510.0
2025,ILMN,173300442.0
2025,CBRL,173294631.5
2025,FLS,173080044.0
2025,ADT,173024453.5
2025,ETHU,172957969.5
2025,VONV,172954802.0
2025,FLEX,172914440.0
2025,RWR,172913510.0
2025,PHM,172605755.0
2025,DTE,172448893.0
2025,STT,172155235.0
2025,UEC,172050368.0
2025,RXRX,171113938.0
2025,LH,170999084.0
2025,IVW,170621047.5
2025,LII,170512306.0
2025,G,170396576.0
2025,CMC,170339498.0
2025,EFV,170077352.0
2025,BGC,170003422.0
2025,VBR,169977194.0
2025,RIO,169874355.0
2025,OLLI,169702916.5
2025,RUN,169675944.5
2025,SARO,169474726.0
2025,CW,169327853.5
2025,RACE,169111297.0
2025,AMSC,169104491.0
2025,HRL,169039617.5
2025,CGXU,168970427.0
2025,TDY,168855510.5
2025,HDB,168848221.5
2025,QDEL,168681520.0
2025,SPTN,168628446.5
2025,JNPR,168586464.0
2025,PLUG,168431129.0
2025,ASHR,168414103.0
2025,WCN,168345060.0
2025,RMD,168046203.0
2025,TPL,167803634.5
2025,MOH,167735453.5
2025,EQX,167719200.0
2025,ICLR,167686748.5
2025,PPG,167519664.5
2025,CPT,167431537.0
2025,BUD,167067156.0
2025,ETOR,166751245.5
2025,ATGE,166548352.0
2025,EOSE,166384369.0
2025,EOSE,166384369.0
2025,DB,166365093.0
2025,FSM,166362106.0
2025,MSTY,166070352.0
2025,FRHC,165985211.0
2025,MTG,165875158.0
2025,AR,165771217.5
2025,LITE,165709683.5
2025,PFG,165466568.0
2025,FDS,165322283.0
2025,LQDA,165304270.0
2025,WYNN,165269592.0
2025,CTRA,165202323.5
2025,THO,164947973.0
2025,AIT,164738035.0
2025,RKT,164680525.0
2025,SHAK,164662081.0
2025,AEE,164543338.5
2025,MORN,164452386.0
2025,WPM,164270780.0
2025,NXT,164015251.0
2025,YPF,163857802.0
2025,ALV,163823603.0
2025,ZM,163517517.0
2025,BYD,163514343.0
2025,HIG,163452304.0
2025,AN,163429141.0
2025,VICI,163426643.5
2025,FIX,163229158.0
2025,SN,163227379.0
2025,CP,163188105.0
2025,BTE,163116074.5
2025,TTAN,163069114.0
2025,ERIE,162855464.0
2025,IVE,162798563.0
2025,CACC,162750437.5
2025,BJ,162721580.0
2025,VXF,162697549.0
2025,ROP,162595888.5
2025,WULF,162576106.0
2025,PTIR,162320519.5
2025,CDTX,162217358.5
2025,URNM,162210572.0
2025,TLH,162206533.0
2025,MKC,161920151.0
2025,EMLC,161635106.0
2025,CMS,161625048.0
2025,PLAY,161456001.0
2025,IWP,161413115.0
2025,AVAV,160975178.5
2025,MSTX,160924011.5
2025,ENOV,160855486.0
2025,ESS,160685994.5
2025,ES,160592952.0
2025,APA,160184069.0
2025,GELS,160070855.0
2025,TRP,159994540.0
2025,OUST,159993012.0
2025,AVTR,159812943.0
2025,MAA,159805965.5
2025,SOC,159787123.0
2025,AAON,159680834.5
2025,HLI,159599428.0
2025,STLD,159579473.5
2025,DAR,159541748.5
2025,LDOS,159467701.0
2025,SLM,159329310.0
2025,PENN,159273635.5
2025,MGNI,159239251.0
2025,CART,159145444.0
2025,SNDK,159121559.5
2025,VIK,158981495.0
2025,AGX,158793796.0
2025,GBIL,158686468.5
2025,SOBO,158681124.0
2025,GNLN,158634623.0
2025,JHX,158590588.0
2025,IR,158584523.0
2025,SPDN,158255007.0
2025,DD,158125016.0
2025,SNEX,158010640.0
2025,AHR,157940954.0
2025,MNDY,157907955.0
2025,NNE,157848357.0
2025,NUWE,157838801.0
2025,AS,157818637.5
2025,SHLD,157738571.5
2025,INMD,157445244.0
2025,SPMO,157197579.0
2025,KYMR,157133865.0
2025,DOX,156838079.0
2025,COWZ,156752587.0
2025,IP,156693379.0
2025,PR,156617483.0
2025,UBND,156384429.0
2025,EPRT,156210224.0
2025,XPO,156184825.0
2025,DAVE,156049714.0
2025,AVDX,156038579.0
2025,ARGX,156023001.5
2025,TW,155907269.0
2025,HOLX,155866312.0
2025,ATI,155830774.0
2025,AES,155754113.5
2025,RIG,155710682.0
2025,NVR,155693166.0
2025,BOXX,155686527.5
2025,BKLN,155602401.0
2025,RWM,155558078.0
2025,WHR,155453496.0
2025,ILF,155444408.0
2025,LI,155422044.0
2025,NI,155357650.5
2025,RNA,155158221.0
2025,CINF,155033222.0
2025,SATS,154938476.0
2025,BLD,154931392.5
2025,IXUS,154850198.0
2025,WWD,154785005.0
2025,BCE,154693498.0
2025,CGDV,154677530.0
2025,WIX,154533971.0
2025,WST,154497251.5
2025,EXEL,154288996.0
2025,QRVO,153900594.0
2025,ESTC,153707766.0
2025,BMO,153650435.5
2025,BMEA,153625729.0
2025,HSIC,153520945.0
2025,FNV,153378401.0
2025,MGY,153355289.5
2025,VO,153101740.0
2025,SPEM,153074316.0
2025,SVXY,152945542.0
2025,HIMZ,152657129.0
2025,AI,152576995.0
2025,FN,152567366.0
2025,CZR,152118640.5
2025,WRD,152032710.5
2025,BMGL,151748239.0
2025,SONY,151747149.0
2025,KIDZ,151682622.0
2025,NVMI,151501780.0
2025,WTRG,151493299.0
2025,INDO,151492119.0
2025,UDR,151487958.5
2025,GRAB,151474273.0
2025,MSTZ,151466868.0
2025,LTH,151445842.0
2025,MTN,151317817.0
2025,FNF,151183101.0
2025,FBIN,150979309.0
2025,ABM,150879553.0
2025,STRL,150824663.5
2025,TSLZ,150806811.5
2025,REVG,150746108.0
2025,BAM,150707891.0
2025,HQY,150663562.5
2025,CORZ,150464831.0
2025,ONB,150423622.0
2025,SAFX,150384642.0
2025,ALGN,150315751.0
2025,EQNR,150163457.0
2025,PRU,149836222.0
2025,ENVX,149805708.0
2025,SMG,149715981.0
2025,AA,149636505.0
2025,EVR,149593330.5
2025,CHDN,149454713.0
2025,TSLR,149414774.0
2025,ZBH,149383591.0
2025,MMIT,149300168.0
2025,BNDX,149222254.0
2025,RJF,149205294.0
2025,DSGX,149177451.0
2025,DGRO,149044567.0
2025,LBRDK,149038353.5
2025,VKTX,148996573.0
2025,IWS,148968692.0
2025,ARKB,148814164.5
2025,GGG,148805430.0
2025,PDBC,148732672.5
2025,ITA,148698702.5
2025,AMBA,148677655.0
2025,SILJ,148656414.0
2025,AMH,148615188.0
2025,VIXY,148597543.0
2025,CVLT,148555995.0
2025,MMIN,148502314.0
2025,STLA,148394878.0
2025,WAB,148372538.0
2025,CBOE,148304991.5
2025,RS,148130330.0
2025,BBWI,148050893.0
2025,HAS,148020978.0
2025,JBHT,147661120.0
2025,FWONK,147644912.0
2025,TREX,147635672.0
2025,TFII,147205642.0
2025,CNK,147156968.0
2025,HEI,146941356.0
2025,CPAY,146843875.0
2025,GNRC,146730441.0
2025,SPTI,146727336.0
2025,VRNA,146650138.0
2025,ALC,146644757.0
2025,CIBR,146589260.0
2025,DGX,146573768.0
2025,ACGL,146561869.0
2025,PSN,146514070.5
2025,SPTL,146475589.0
2025,MFC,146233814.5
2025,BBJP,146196262.5
2025,VGSH,146141461.0
2025,AXSM,146115309.0
2025,RHI,146072532.5
2025,OIH,146040510.0
2025,PPL,145933397.0
2025,CRK,145839935.0
2025,SGOL,145813123.0
2025,AVY,145740676.0
2025,ESLT,145699996.0
2025,HST,145623824.5
2025,BALL,145619724.0
2025,SRPT,145599631.0
2025,FR,145580543.0
2025,AU,145545786.0
2025,MASI,145372451.0
2025,MGM,145300394.0
2025,SW,145251400.0
2025,ALLY,145250488.0
2025,PSTG,145230064.0
2025,BOX,145186650.5
2025,APTV,145094092.0
2025,TKO,145073705.0
2025,H,144808760.5
2025,IONX,144736622.0
2025,MBLY,144687385.0
2025,COOP,144628962.5
2025,AYI,144587135.0
2025,TYL,144388584.0
2025,CHRD,144314296.0
2025,AER,144286019.5
2025,PSQ,144215401.0
2025,VGIT,144136209.0
2025,MKSI,144053546.0
2025,SWK,144028465.0
2025,CDE,144025734.0
2025,PPTA,143988116.0
2025,DOV,143982275.5
2025,VNO,143938525.0
2025,SEZL,143728993.5
2025,VFH,143645521.5
2025,OWL,143637755.5
2025,ENB,143634965.5
2025,BTSG,143539881.5
2025,JXN,143474318.5
2025,GH,143318313.0
2025,TTC,143295566.0
2025,IRM,143224366.0
2025,BNTX,143179182.0
2025,INFA,143171088.5
2025,TGB,143147871.0
2025,VLTO,143137325.5
2025,GTLS,143122269.5
2025,ZBRA,143085233.0
2025,TME,142967993.0
2025,ALGM,142890766.0
2025,VTRS,142843372.0
2025,JLL,142646064.0
2025,BEN,142511116.5
2025,PEGA,142410766.0
2025,DJT,142329412.0
2025,NVS,142276238.0
2025,ESGU,142105396.5
2025,CR,142054480.5
2025,UBS,141989882.5
2025,DOC,141971029.5
2025,DOC,141971029.5
2025,SPDW,141967153.0
2025,RDFN,141952018.0
2025,ICSH,141882723.0
2025,VOX,141875917.0
2025,SBAC,141699080.0
2025,WY,141692038.0
2025,BOIL,141641008.5
2025,EXR,141476420.0
2025,TXT,141443777.0
2025,QID,141364300.0
2025,VIG,141271509.0
2025,BIIB,141224211.5
2025,FEZ,141116942.5
2025,PRCT,141091628.0
2025,CIVI,141050214.5
2025,CNI,141017136.5
2025,BNO,140962562.0
2025,EXAS,140924830.0
2025,PAAS,140905908.5
2025,CROX,140836448.5
2025,SCZ,140746338.5
2025,SPYV,140682690.0
2025,PKG,140671276.0
2025,EZU,140463861.5
2025,VOD,140462371.5
2025,BN,140462357.0
2025,IGSB,140322134.5
2025,AOS,140259548.0
2025,MKTX,140093862.0
2025,ALK,140093593.5
2025,FCNCA,140018359.0
2025,BXP,139780492.0
2025,FL,139709209.5
2025,PLNT,139662659.0
2025,BDEC,139611604.0
2025,DFAX,139576437.0
2025,VB,139562766.0
2025,INOD,139519250.5
2025,DT,139333426.5
2025,SONM,139315990.0
2025,MAS,139241462.0
2025,NYT,139140411.0
2025,APG,139117062.0
2025,URA,139083215.0
2025,WDFC,139075200.0
2025,WEN,139015045.0
2025,JEF,138985277.0
2025,RBA,138462505.0
2025,MINT,138422892.0
2025,ASX,138331712.5
2025,GEN,138228242.0
2025,ACXP,138227238.0
2025,PAYC,138137025.0
2025,RPRX,138134157.0
2025,EMXC,138118687.0
2025,EXP,138088610.5
2025,AQN,138029920.0
2025,SCHF,138002806.0
2025,EFG,137930350.0
2025,HNGE,137781735.0
2025,FTAI,137779645.0
2025,IYH,137731572.0
2025,BG,137584438.0
2025,ARQQ,137540933.0
2025,CTXR,137533424.0
2025,NTR,137339857.0
2025,TAP,137262859.0
2025,CHKP,137141004.0
2025,SPLV,137081104.0
2025,GGLL,137075220.5
2025,BSV,136830937.5
2025,LNW,136743171.0
2025,MUSA,136685051.5
2025,OC,136598128.5
2025,SPHQ,136531251.5
2025,SLG,136496706.0
2025,DEO,136378356.5
2025,AUR,136231142.0
2025,CONY,136212457.0
2025,IBN,136210705.0
2025,OVV,136081140.0
2025,OVV,136081140.0
2025,CNM,136052376.0
2025,SIL,136022501.0
2025,INCY,135961789.0
2025,FND,135923412.5
2025,CSL,135862656.0
2025,LMND,135669885.0
2025,LRN,135610380.0
2025,EVRG,135487907.0
2025,FOUR,135433311.0
2025,VHT,135409284.0
2025,RRX,135343440.5
2025,IWR,135307672.0
2025,ERIC,135301008.0
2025,TFLO,135258022.5
2025,EWC,135257383.0
2025,PBUS,135252151.0
2025,ESGD,135231035.0
2025,SERV,135002985.0
2025,PTON,134789634.0
2025,DBX,134764060.5
2025,EXLS,134761865.0
2025,LEGN,134716411.0
2025,DAY,134698575.0
2025,XME,134565555.0
2025,TRMB,134400723.5
2025,SCHH,134320606.0
2025,UFPT,134235309.0
2025,TRI,134209141.0
2025,IYW,134205160.5
2025,SUI,134188434.0
2025,RGEN,134164425.0
2025,LOAR,134144606.0
2025,PVH,134025688.0
2025,VTWO,134013141.0
2025,TSN,133950069.5
2025,IUSV,133826470.0
2025,IYF,133823772.0
2025,NGD,133794936.5
2025,ROL,133605936.0
2025,STE,133525352.0
2025,BTDR,133500480.0
2025,KTOS,133432613.0
2025,BRBR,133402357.0
2025,HL,133379803.0
2025,GPC,133336798.0
2025,PATH,133330258.5
2025,EG,133219853.0
2025,XYL,133191266.0
2025,DNB,133053196.0
2025,NBIX,133044444.0
2025,PEN,132884711.0
2025,CPB,132880790.5
2025,MANH,132841084.5
2025,NLY,132810471.0
2025,KFY,132752079.0
2025,PBF,132620362.5
2025,ROBN,132601446.0
2025,UDOW,132514620.5
2025,FENI,132438018.0
2025,ATO,132393947.0
2025,EXPD,132331084.0
2025,DVA,132256377.0
2025,GPK,132229213.0
2025,FFIV,132100874.0
2025,SIG,132015583.0
2025,FAZ,131983754.0
2025,OEF,131883517.0
2025,MAGS,131806688.0
2025,RPM,131751140.0
2025,URBN,131750542.0
2025,EWW,131627835.0
2025,SRLN,131568609.5
2025,SBSW,131567314.0
2025,SBSW,131567314.0
2025,MIDD,131471838.0
2025,SMCX,131405926.0
2025,OLED,131370923.0
2025,CACI,131277936.0
2025,MTBA,131267163.0
2025,SCO,131177904.0
2025,XPEV,131141562.0
2025,PAA,130981221.0
2025,SVIX,130916372.5
2025,STNE,130909947.0
2025,RGLD,130823773.5
2025,IEUR,130674160.0
2025,AWK,130554105.0
2025,FTI,130549446.0
2025,S,130470955.0
2025,BHP,130395602.0
2025,ALSN,130375214.5
2025,IAG,130347905.5
2025,EPAM,130297363.5
2025,PCTY,130288235.5
2025,IHI,130158878.0
2025,PSTV,130128026.0
2025,PSTV,130128026.0
2025,EQH,130115305.5
2025,PULS,130076744.0
2025,MGK,129906801.5
2025,UL,129842990.0
2025,WCC,129675712.0
2025,TD,129661623.0
2025,WLK,129620384.5
2025,NTES,129590910.5
2025,ALLE,129571835.0
2025,CG,129520535.0
2025,BBIO,129401995.5
2025,ARE,129320388.0
2025,MEDP,129294393.0
2025,BWA,129236169.0
2025,MKL,129156763.5
2025,KOLD,129041908.0
2025,VFC,129032764.0
2025,NIO,128955509.0
2025,FNGB,128843003.0
2025,VOOG,128841381.0
2025,LAES,128835057.0
2025,SMTC,128762280.0
2025,EMN,128534249.0
2025,SDOW,128424363.0
2025,BIO,128399457.5
2025,EQR,128245957.0
2025,LABU,128176135.0
2025,LEA,128101696.0
2025,BULL,128060833.0
2025,IGEB,128041968.0
2025,VSCO,127947946.0
2025,KNSL,127905369.0
2025,CENX,127816344.0
2025,BIRK,127807447.0
2025,BILL,127726863.5
2025,IWO,127462846.5
2025,STAG,127399114.0
2025,RY,127318521.5
2025,RCAT,127276750.0
2025,JBS,127128307.0
2025,AAAU,127086541.0
2025,PRGS,126943477.0
2025,COTY,126817241.0
2025,SCHA,126707901.0
2025,WAT,126680442.5
2025,PCSA,126616646.0
2025,NDSN,126518054.5
2025,CGGR,126387542.0
2025,GLXY,126384138.0
2025,GGAL,126346662.0
2025,UNM,126276748.0
2025,KIE,126269453.0
2025,VERX,126249838.0
2025,HPP,126202029.5
2025,SCCO,126177729.0
2025,CRL,126156116.0
2025,SNPX,126154162.0
2025,BMRN,126119964.5
2025,AIZ,126104787.0
2025,YAAS,126095545.0
2025,WSO,125985526.0
2025,KBE,125938309.0
2025,IFF,125899690.0
2025,PTC,125865886.0
2025,JBLU,125648282.0
2025,REXR,125599215.0
2025,KEYS,125520550.0
2025,KD,125440126.5
2025,MTCH,125390570.5
2025,Z,125324825.5
2025,NVT,125302364.0
2025,VBK,125294804.0
2025,ASO,125293825.0
2025,BBD,125230478.0
2025,BE,125185888.0
2025,ATR,125125326.0
2025,HUT,125103213.0
2025,AAPU,125101732.0
2025,INSP,125093993.0
2025,IDEV,125063015.0
2025,CCEP,124996484.5
2025,APPF,124977239.0
2025,CQQQ,124971443.0
2025,UMAC,124921161.0
2025,EPD,124860221.0
2025,CIFR,124833798.0
2025,ADC,124792763.0
2025,GRMN,124723035.0
2025,PNR,124642672.0
2025,BR,124359180.0
2025,VPU,124354349.0
2025,TECL,124328032.5
2025,XP,124280911.0
2025,CFLT,124245181.0
2025,VG,124192517.0
2025,NOK,124101973.0
2025,JETS,124088194.5
2025,IAI,124085997.0
2025,XLG,124044210.0
2025,MHK,124017877.0
2025,GLOB,123947266.5
2025,SPTI,123937629.0
2025,PL,123922087.0
2025,QQQI,123894513.0
2025,HMY,123746607.0
2025,AEG,123726900.0
2025,GLBE,123594015.0
2025,LPX,123559306.0
2025,FRO,123378599.0
2025,NUGT,123357510.0
2025,USFD,123341783.5
2025,TMDX,123337694.5
2025,BITO,123304331.0
2025,RVTY,123270491.0
2025,ONTO,123270186.5
2025,PFF,123086226.0
2025,FBND,123018714.0
2025,FENY,122975840.0
2025,VYM,122869857.0
2025,HLNE,122866717.0
2025,OST,122750643.0
2025,CMA,122686443.0
2025,DDS,122683854.0
2025,FHN,122576971.0
2025,CCK,122489680.0
2025,TECK,122425535.0
2025,AXTA,122393170.0
2025,AGI,122288863.0
2025,OHI,122243019.0
2025,EXK,122120160.0
2025,CE,122111904.0
2025,MDGL,122056028.0
2025,MDGL,122056028.0
2025,HSBC,122051236.5
2025,PNW,121942174.0
2025,RNR,121868424.5
2025,PPLT,121813284.5
2025,HXL,121748182.5
2025,NFE,121719991.0
2025,FTSM,121671840.0
2025,AEO,121665420.0
2025,TAL,121470319.0
2025,BAP,121438746.0
2025,ARGT,121429846.0
2025,CHRW,121357777.5
2025,ULY,121325631.0
2025,SG,121235677.0
2025,CHX,121123290.0
2025,JKHY,121098866.0
2025,SCHB,121036111.0
2025,TROW,121033162.5
2025,EUFN,120993977.0
2025,VSAT,120978339.0
2025,LKQ,120964789.0
2025,SCI,120901552.0
2025,ARCC,120880884.0
2025,FYBR,120863693.0
2025,BINT,120810684.0
2025,SNA,120655124.0
2025,GMAB,120631824.0
2025,DINO,120619999.0
2025,CWAN,120573267.0
2025,KNX,120462622.0
2025,FPE,120410008.0
2025,KRYS,120374484.0
2025,DOCS,120353646.0
2025,SGI,120294679.0
2025,ABEV,120230655.0
2025,TSLT,120178380.0
2025,TTE,120064940.5
2025,INVH,119874576.0
2025,HBM,119748672.0
2025,MTZ,119731201.0
2025,NOBL,119680944.0
2025,HII,119631133.0
2025,BIV,119467271.0
2025,NOG,119442159.0
2025,TECH,119345450.0
2025,BBEU,119318618.5
2025,FAS,119316196.0
2025,WEX,119294234.0
2025,BSY,119221243.0
2025,SAIC,119142343.0
2025,OCUL,119082374.0
2025,ZIM,118976344.0
2025,BAX,118716796.0
2025,WRB,118655850.0
2025,FARO,118618373.0
2025,PHYS,118616955.5
2025,NA,118613172.0
2025,KNW,118563742.0
2025,GT,118532741.5
2025,GEO,118476764.0
2025,WU,118468100.0
2025,CAMT,118444280.0
2025,RRC,118417337.0
2025,TBIL,118369473.0
2025,IUSB,118363624.0
2025,NVD,118224661.0
2025,TGI,118052982.0
2025,YUMC,117847326.0
2025,SCHO,117689811.5
2025,BBHY,117674408.0
2025,ROOT,117655235.0
2025,AKRO,117575118.0
2025,ACI,117561399.0
2025,VGLT,117510767.0
2025,NICE,117508194.5
2025,FAF,117238058.0
2025,ARKG,117112816.0
2025,BOOT,117112399.0
2025,AAP,116990656.0
2025,MOD,116904005.0
2025,PCOR,116806059.0
2025,MSM,116697261.0
2025,MCHI,116658824.0
2025,AEVA,116543083.0
2025,NGG,116425953.5
2025,SPSB,116344744.0
2025,BCI,116293686.0
2025,RVMD,116231239.0
2025,USEG,116110571.0
2025,VSS,116086131.0
2025,MAG,116078544.0
2025,NEOG,115905384.0
2025,DYNF,115852433.0
2025,LIF,115743215.5
2025,GRPN,115739881.0
2025,MPLX,115687662.0
2025,NXE,115383378.0
2025,NVDU,115309429.0
2025,CLH,115254400.0
2025,FDN,115104616.0
2025,L,114987110.0
2025,VTIP,114876982.0
2025,AMED,114806434.0
2025,VIS,114787778.0
2025,LSCC,114752545.0
2025,EHC,114726351.0
2025,ICU,114595760.0
2025,IEX,114405115.0
2025,YINN,114398388.0
2025,PGX,114169759.0
2025,IESC,114141068.0
2025,LUNR,114122088.0
2025,MOAT,114018865.5
2025,LW,113962700.0
2025,RGA,113815775.5
2025,IBP,113784467.0
2025,SCHM,113558880.0
2025,FRPT,113449578.0
2025,HYD,113411147.0
2025,CAEP,113378989.0
2025,CAKE,113348860.0
2025,MTDR,113306686.0
2025,KNTK,113073406.0
2025,STIP,113033513.0
2025,APLS,113006655.0
2025,WH,112827279.0
2025,HCTI,112689100.0
2025,DTM,112642787.0
2025,CX,112483706.0
2025,GRAL,112304022.0
2025,QLTA,112124213.0
2025,KIM,112109010.0
2025,VNOM,112022171.0
2025,MIR,111954213.0
2025,CTRI,111922174.0
2025,AXS,111817082.0
2025,SPYI,111719208.0
2025,SNY,111687067.0
2025,WBS,111494695.0
2025,RGTX,111364409.0
2025,JAZZ,111312863.5
2025,CRML,111253515.0
2025,SEIC,111167855.0
2025,ASND,110968428.0
2025,VMBS,110966087.0
2025,SIRI,110901803.0
2025,UUUU,110754187.0
2025,NEGG,110708555.0
2025,EWH,110705162.0
2025,TOTL,110592793.0
2025,ELAN,110356609.0
2025,ACLS,110325949.0
2025,HR,110211884.0
2025,MUR,110177051.0
2025,VDC,110122983.0
2025,JIRE,110027120.0
2025,RELX,109991571.0
2025,VVV,109959907.5
2025,CCCS,109499457.0
2025,RHP,109487077.0
2025,LNTH,109417814.0
2025,LNT,109373167.0
2025,PBR.A,109237120.0
2025,VCR,109139184.0
2025,ERJ,109103396.0
2025,EVGN,108832982.0
2025,SAM,108698643.0
2025,BITU,108647178.0
2025,TM,108567668.0
2025,AGQ,108491315.0
2025,KVYO,108288719.0
2025,CVCO,108246039.0
2025,RDVY,107958475.0
2025,PI,107906920.0
2025,ADMA,107862504.0
2025,GSLC,107670769.0
2025,UNG,107287730.0
2025,FROG,107229017.0
2025,BLUWU,106958760.0
2025,M,106847589.0
2025,TGTX,106718727.5
2025,USM,106692161.0
2025,MTSI,106685402.0
2025,PTEN,106314499.0
2025,SF,106031804.0
2025,AAXJ,105711092.0
2025,SSNC,105256519.0
2025,TTMI,104988223.0
2025,NWSA,104857281.0
2025,AIRR,104836526.0
2025,LABD,104692614.0
2025,GFI,104280643.0
2025,SPAB,103632710.0
2025,DFAC,103043695.0
2025,VAL,102939010.0
2025,TTEK,102800216.0
2025,FMC,102328380.0
2025,CUBE,102184528.0
2025,BC,101921408.0
2025,FIXD,101813498.0
2025,ARKW,101100732.0
2025,POST,99458062.0
2025,IWV,98895144.0
2025,SLAB,98329928.0
2025,RYAN,97855997.0
2025,DFSV,96333024.0
2025,XHLF,96326529.0
2025,IVZ,95958995.0
2025,VLY,95834232.0
2025,VERO,95512149.0
2025,CGTL,94647710.0
2026,MU,49096709552.0
2026,SPY,34993939549.0
2026,QQQ,29988891984.0
2026,NVDA,26949900328.5
2026,SPCX,22555657741.0
2026,SNDK,20361805612.0
2026,TSLA,17522901219.5
2026,MSFT,14173552002.0
2026,INTC,14136543629.5
2026,AAPL,14070490498.5
2026,MRVL,14021098766.5
2026,AMD,13876755710.5
2026,AMZN,11410563321.5
2026,GOOGL,11252985321.0
2026,SOXL,10963211456.5
2026,AVGO,10787591011.5
2026,INHD,10625459857.0
2026,META,8483218688.5
2026,IWM,7755552917.5
2026,GOOG,7394093865.5
2026,SMH,6468490808.0
2026,SOXX,6004806206.5
2026,AMAT,5894865300.5
2026,WDC,5526000918.0
2026,TSM,5147361700.0
2026,TQQQ,4859781037.0
2026,LITE,4728513528.0
2026,LRCX,4361064400.5
2026,ORCL,4162624616.5
2026,PLTR,3999373539.5
2026,VOO,3952175683.0
2026,ARM,3899313088.5
2026,ASML,3872692581.0
2026,QCOM,3804827618.0
2026,STX,3794501762.5
2026,NBIS,3522560936.5
2026,EWY,3333282340.5
2026,IVV,3323311145.0
2026,KLAC,3217803909.5
2026,NFLX,3158924559.5
2026,GEV,3115451354.5
2026,BE,2960098090.0
2026,DELL,2916800818.5
2026,LQD,2849841175.0
2026,CAT,2799205140.0
2026,DRAM,2703489641.5
2026,GLD,2697731025.0
2026,RKLB,2652196078.5
2026,HOOD,2630282284.0
2026,CSCO,2592308741.0
2026,DIA,2588059076.0
2026,SOXS,2565909754.5
2026,NOW,2546338619.5
2026,MSTR,2515523447.5
2026,GLW,2511383134.0
2026,LLY,2434410923.0
2026,JPM,2430287430.5
2026,SQQQ,2408466204.0
2026,XLK,2379603233.0
2026,MUU,2354531978.5
2026,UNH,2353863714.0
2026,TXN,2336820064.0
2026,HYG,2333416864.5
2026,CRM,2306068431.0
2026,APP,2302743372.0
2026,V,2300355063.0
2026,CRWV,2234755080.5
2026,GS,2222873313.5
2026,CRDO,2208242157.0
2026,AAOI,2194443570.0
2026,BITO,2121366300.5
2026,RSP,2112688268.5
2026,AAL,2108753146.0
2026,CRWD,2092148850.5
2026,IREN,2081505447.5
2026,ALAB,2008371823.0
2026,IBM,1955728662.0
2026,BRK.B,1935714633.0
2026,ASTS,1916118196.5
2026,VRT,1897713492.5
2026,VRT,1897713492.5
2026,WMT,1889432251.5
2026,COST,1873995373.0
2026,AZO,1867681484.5
2026,EEM,1866902281.5
2026,BAC,1865130783.5
2026,XLF,1855412571.0
2026,ADI,1852714668.5
2026,TLT,1842498078.0
2026,SGOV,1826865277.5
2026,XLE,1820108838.0
2026,GDX,1811594583.5
2026,COHR,1796079659.5
2026,MA,1767370946.0
2026,JNJ,1723419395.0
2026,SMCI,1716413662.0
2026,IBIT,1670107897.5
2026,XOM,1629302955.5
2026,CIEN,1606184776.5
2026,XLV,1605768911.5
2026,TER,1590640993.0
2026,IGV,1524729715.5
2026,GE,1509690812.0
2026,HD,1497523356.0
2026,NOK,1458576634.0
2026,INTU,1440704751.5
2026,PANW,1437207203.5
2026,XLI,1430018314.5
2026,SNOW,1401807996.5
2026,C,1377728190.5
2026,IONQ,1365081745.0
2026,ON,1364667271.5
2026,MPWR,1351374836.5
2026,XBI,1347985190.5
2026,ADBE,1336221456.5
2026,APH,1335139487.5
2026,EFA,1329909261.0
2026,SOFI,1304495970.5
2026,HONA,1297665370.0
2026,HONA,1297665370.0
2026,UBER,1295185084.5
2026,COIN,1287908293.0
2026,TZA,1272830912.5
2026,KO,1258754093.0
2026,BKNG,1240502271.0
2026,DDOG,1192474330.5
2026,PEP,1185594475.5
2026,NXPI,1177090002.0
2026,VTI,1167461091.5
2026,QQQM,1165610556.0
2026,BABA,1165457931.0
2026,CBRS,1162451396.0
2026,MCD,1142409555.0
2026,BA,1134881192.5
2026,SLV,1125121901.5
2026,SATS,1113109808.5
2026,CVX,1109127728.0
2026,KRE,1102302753.0
2026,HPE,1091109112.0
2026,T,1081347701.5
2026,VZ,1070347560.0
2026,MCHP,1069816758.0
2026,ABBV,1062880528.5
2026,MS,1020298498.0
2026,SNXX,1013872611.5
2026,TMUS,994037802.0
2026,MRK,986170370.5
2026,XLP,981348184.0
2026,ANET,965204125.0
2026,SCHW,956139533.0
2026,FTNT,946114333.0
2026,GILD,941759064.5
2026,AMGN,939545586.0
2026,ACN,931021345.5
2026,RGNT,928850770.0
2026,WFC,928421129.0
2026,IEFA,921850919.5
2026,BIL,918680069.0
2026,STM,917517931.5
2026,PG,915876033.5
2026,ISRG,914627402.0
2026,CDNS,911623853.0
2026,CME,905030768.5
2026,CEG,904382617.0
2026,FLEX,903276848.0
2026,NKE,900255031.0
2026,BSX,896286198.0
2026,COF,891541046.0
2026,RTX,890583844.5
2026,XLY,886174306.0
2026,ETN,884161335.5
2026,SPOT,880214625.0
2026,NEE,878746551.5
2026,TMO,876833747.0
2026,ICCM,866357241.0
2026,ABT,865816308.0
2026,XLU,863231525.5
2026,SNPS,860203693.5
2026,IEMG,845418719.0
2026,CRCL,837072418.5
2026,SPGI,836021286.0
2026,FIX,833370874.5
2026,TJX,826128095.0
2026,LIN,814825697.0
2026,PFE,808628277.5
2026,FXI,803891108.0
2026,AXTI,800884721.0
2026,FCX,799515569.0
2026,DIS,789489712.5
2026,VEA,781184717.5
2026,CMCSA,774387286.0
2026,AXP,771026898.0
2026,NEM,770549666.0
2026,BLK,769883406.0
2026,SPYM,768381020.5
2026,SHOP,760146052.0
2026,XLC,759051942.0
2026,CVS,752393682.0
2026,DE,750060116.5
2026,HON,744261120.5
2026,VCIT,741289081.5
2026,PM,741101712.0
2026,FDX,735330265.0
2026,SYK,733759621.0
2026,CCL,732220645.0
2026,COP,725586016.0
2026,MDT,722962227.5
2026,MELI,718500012.5
2026,PWR,718074094.5
2026,SHW,715300590.5
2026,STI,709252569.0
2026,TSLL,704962926.0
2026,AGG,703087685.5
2026,VUG,699899104.0
2026,BFLX,697683519.0
2026,UNP,695842555.0
2026,RGTI,692440440.5
2026,APGE,690117762.0
2026,NET,688409313.0
2026,EWZ,688106794.0
2026,HWM,688023755.5
2026,HWM,688023755.5
2026,SBUX,687144429.5
2026,RCL,685149251.5
2026,VLO,684786791.5
2026,NPT,683200612.0
2026,MCK,665468275.0
2026,SLB,660529336.0
2026,UAL,652306731.5
2026,SCHD,652165915.0
2026,AVLV,649194060.0
2026,CLS,648514001.5
2026,ROKU,644896485.5
2026,ROST,643966557.0
2026,GDXJ,641465699.5
2026,WULF,636701262.0
2026,EWT,636527841.0
2026,BMY,632940763.0
2026,IWF,630790688.5
2026,IYR,627690978.5
2026,F,627532033.5
2026,QBTS,624975631.5
2026,PYPL,622813524.0
2026,EQIX,622381220.0
2026,WELL,621652947.0
2026,ELV,621392851.5
2026,XLB,620289953.0
2026,MTSI,620268180.5
2026,JCI,619763860.0
2026,HCA,618108021.0
2026,CRVO,617159447.0
2026,ICE,616175132.5
2026,DHR,614162245.0
2026,PH,612487503.5
2026,TT,611913263.0
2026,VST,608554174.5
2026,VTV,603581078.0
2026,AEP,602865414.0
2026,ORLY,599416216.0
2026,DAL,597402016.0
2026,EBC,596993479.0
2026,REGN,596666370.0
2026,CMI,595944738.5
2026,PDD,595029215.0
2026,IJR,592274819.0
2026,NVTS,591086148.0
2026,RDDT,590588215.5
2026,GM,588974184.5
2026,TTWO,585156748.0
2026,VGT,582691789.5
2026,IEF,580808558.5
2026,CVNA,578771843.5
2026,WDAY,578384982.5
2026,NU,574986622.0
2026,PNC,574888835.0
2026,AMT,573152209.5
2026,MAR,572356813.0
2026,EMB,571389322.0
2026,STRL,571327334.0
2026,VRTX,568795616.5
2026,IJH,565445052.0
2026,BND,560828842.5
2026,NPO,560097236.0
2026,FXL,557991660.0
2026,NVO,557373847.0
2026,MPC,556963220.0
2026,FLIN,555635578.0
2026,WEN,554677117.0
2026,PGR,552995904.0
2026,GIL,552634043.0
2026,USO,552109204.0
2026,FXN,552060733.0
2026,FTXN,551986792.0
2026,IAU,551183806.0
2026,IJS,549506754.0
2026,VT,549097724.5
2026,NOC,548506365.0
2026,CIFR,545233704.0
2026,DVN,543565356.0
2026,DASH,541756862.5
2026,BX,541742120.5
2026,ENTG,540731230.5
2026,ADSK,537102733.5
2026,CDE,535990515.5
2026,ULS,534812551.0
2026,WBD,533419788.5
2026,MARA,532570232.0
2026,NXTS,531848473.0
2026,RDW,530766198.5
2026,SO,530038154.5
2026,LASE,529735025.0
2026,KORU,528461632.0
2026,CWAN,522976988.5
2026,FSLR,519634676.5
2026,LMT,519612383.5
2026,HLT,519290763.5
2026,KWEB,514635029.5
2026,PLD,513624779.5
2026,MTUM,512616394.0
2026,USB,512250209.0
2026,XOS,511515377.0
2026,MDLZ,510911524.5
2026,TRV,509278669.0
2026,TFC,507908118.5
2026,TGT,507452895.0
2026,RIVN,505102270.0
2026,APO,504276577.0
2026,XOP,504199410.5
2026,ADP,502114035.0
2026,AKAM,501780953.0
2026,OKLO,501560268.0
2026,AON,501269618.5
2026,VXUS,500689785.5
2026,ONDS,500458027.5
2026,FN,499488643.5
2026,BMNR,499137191.5
2026,ARKK,498704596.5
2026,MDB,497248823.5
2026,FANG,496408201.5
2026,CBRL,495778897.0
2026,CSX,495387000.5
2026,EWJ,495372569.0
2026,LOW,495022486.5
2026,DLR,494027024.0
2026,HIW,493586778.0
2026,ACWI,493448015.0
2026,CTSH,491892292.5
2026,NIC,486713619.0
2026,TDG,485817243.0
2026,INGR,485126907.0
2026,XENE,485029717.0
2026,IWD,484439220.0
2026,CB,483983778.0
2026,OXY,483721313.0
2026,PATH,482647883.0
2026,URI,482210580.0
2026,MMM,481400979.5
2026,WBI,479874860.0
2026,EOG,479623950.5
2026,WSBC,478380042.0
2026,PL,477824937.5
2026,TEL,472395608.0
2026,CRS,471282448.0
2026,SMTC,470357737.0
2026,CBOE,470198545.5
2026,DSY,468848666.0
2026,HIMS,468647080.5
2026,WM,468107974.0
2026,GLPI,467603406.0
2026,VWO,466898982.0
2026,KR,466709554.0
2026,ASX,466441766.0
2026,ZS,466290669.0
2026,JBL,466123665.5
2026,B,465354891.5
2026,CASY,465074634.0
2026,JPIE,464890731.0
2026,RSI,463099913.0
2026,CAH,461056880.0
2026,PULS,460886630.0
2026,MDY,460777510.5
2026,CL,460506291.0
2026,CRH,459860848.5
2026,ODFL,453764097.0
2026,AXON,453738634.5
2026,ABNB,453318269.0
2026,SPG,453305196.0
2026,WMB,450055154.5
2026,AEM,449592141.5
2026,ECL,449325350.0
2026,LYV,448418725.5
2026,AMKR,447479743.0
2026,NTAP,447129746.5
2026,CMG,446619176.5
2026,PK,444229438.0
2026,VSH,444048225.5
2026,LEGN,441530220.5
2026,SPDN,440976164.0
2026,NHI,439069258.0
2026,RXT,438180408.0
2026,MNST,435175136.5
2026,HUT,434592397.0
2026,MTRN,433964481.0
2026,PSX,432881922.0
2026,XEL,432687847.5
2026,MO,428894489.0
2026,KDP,428292225.0
2026,DOCN,428160996.5
2026,XRT,428015971.5
2026,DPC,427873642.0
2026,CXT,427388444.0
2026,STUB,426258444.0
2026,NVDL,426174345.5
2026,MCO,425541519.0
2026,RKT,424597843.0
2026,RBLX,423980769.5
2026,WRBY,423188653.0
2026,LULU,422808341.0
2026,RMBS,422785026.0
2026,TDC,422658217.0
2026,UPS,421105385.0
2026,ZTS,419375854.5
2026,SPXL,419129314.0
2026,FOXA,418819189.5
2026,INSM,417399395.5
2026,SEM,416542677.0
2026,KEYS,416442371.5
2026,LNG,414227155.0
2026,BNY,413713715.0
2026,KKR,411784700.0
2026,NUE,410842935.5
2026,TEAM,410594745.0
2026,HUM,409887542.0
2026,TWLO,408796292.0
2026,MVLL,407506462.0
2026,MANE,407193055.0
2026,TTMI,407136996.5
2026,ONTO,406931076.0
2026,TNA,406574010.0
2026,GD,404403475.5
2026,HPQ,403952629.0
2026,SCHP,403232935.0
2026,VRSK,403150918.5
2026,RIOT,402841500.0
2026,RVMD,402683041.5
2026,DUK,401449212.0
2026,HAL,401088141.0
2026,MSI,398858205.0
2026,PAYO,398458144.5
2026,ILLR,397379277.5
2026,PPL,394687178.0
2026,ULTA,394093088.5
2026,TSEM,393999728.0
2026,D,393804670.0
2026,HBAN,393670796.5
2026,EHGO,393465756.0
2026,DNTH,393076600.5
2026,AJG,391692190.0
2026,IBKR,391002468.5
2026,OKTA,387966201.0
2026,VCLT,386968672.0
2026,SAP,386859569.5
2026,BLD,384847714.0
2026,MKSI,384544209.5
2026,PCVX,384207303.0
2026,CCI,383985195.5
2026,EW,383236727.0
2026,CPOP,381217430.0
2026,MRSH,380175465.5
2026,PATK,379611028.0
2026,LHX,378714546.5
2026,HSY,377660613.0
2026,GWW,375390021.5
2026,AAOX,374660624.5
2026,VERU,374401745.0
2026,CARR,373595447.5
2026,CARR,373595447.5
2026,TMHC,372951562.5
2026,AMBA,372161050.5
2026,HL,372097708.0
2026,ETHA,371049385.5
2026,RARE,370814663.0
2026,VEEV,370719996.5
2026,CHTR,370134345.0
2026,CI,369440795.5
2026,ALB,368749495.5
2026,CINF,368052681.5
2026,KYMR,367686200.0
2026,STRC,367572577.0
2026,NCLH,367563241.5
2026,ESTA,366629935.0
2026,SSPC,366448282.0
2026,EXPE,366280840.0
2026,CTAS,366192414.0
2026,VMC,365551865.0
2026,NDAQ,365441552.0
2026,EMR,365347150.5
2026,OBAI,365157139.0
2026,ASH,363974166.0
2026,SPXU,363850464.0
2026,PCAR,363761676.0
2026,JEPQ,363655243.5
2026,UMC,362656766.5
2026,TPR,362577631.5
2026,KNSA,362349820.0
2026,QLD,362058070.0
2026,ITW,361469447.0
2026,DOW,361253468.5
2026,SCHX,361033501.5
2026,COR,360796905.5
2026,ATLN,360474650.0
2026,SPMO,360423533.5
2026,MTZ,360289430.0
2026,SITM,359916009.5
2026,TTD,359572863.0
2026,TSCO,356945469.0
2026,GIS,355958929.0
2026,CAR,355848068.0
2026,MSCI,355695249.0
2026,APD,355115018.0
2026,ALNY,354966689.5
2026,ASTC,354779950.5
2026,ESML,354521126.0
2026,STT,354286196.5
2026,LRN,353628829.0
2026,BFLY,353071243.5
2026,VALE,352705306.0
2026,JOBY,351227689.0
2026,PAAA,350398424.0
2026,EBAY,349697147.5
2026,CGON,349052774.0
2026,EXC,348991131.5
2026,SCZ,348776129.0
2026,RY,348355278.0
2026,MOD,348177124.0
2026,SNBR,347724736.0
2026,PINS,347436786.0
2026,GLDM,347332241.0
2026,IWX,347107185.0
2026,MLI,347081212.0
2026,BATL,346346592.0
2026,DFTX,346218010.0
2026,SRRK,346144640.0
2026,DVY,345776738.0
2026,SOXQ,345702606.0
2026,CPNG,345406577.0
2026,ALL,345034795.5
2026,SPCH,345009663.0
2026,PENN,344122929.0
2026,SPCE,343300298.0
2026,XYZ,342220268.5
2026,HUN,341953119.0
2026,SWKS,341561750.0
2026,PPCB,340555711.0
2026,GVA,340337972.5
2026,CELC,340308371.0
2026,NUVL,340302174.0
2026,EA,340008003.5
2026,UPC,339389488.0
2026,MNTS,338903797.0
2026,FBIN,338459757.0
2026,PLXS,338114522.0
2026,VRNS,338074775.0
2026,ZM,337966274.5
2026,MUB,337260471.0
2026,DXCM,336698139.5
2026,ETR,336648522.0
2026,MOG.A,336511036.0
2026,NWL,336214811.0
2026,O,335899703.5
2026,KMB,335600852.5
2026,IDXX,335111150.0
2026,BDX,334915217.5
2026,FOXX,334823451.0
2026,YUM,334578858.0
2026,RSG,334482270.0
2026,QQQI,334335378.0
2026,QUAL,334270622.5
2026,FICO,333185770.5
2026,PAYX,332764128.0
2026,KEEL,332463072.5
2026,FIG,330311541.0
2026,SPXS,330283410.5
2026,NSC,330176271.0
2026,TLN,329791793.5
2026,WAT,328401579.5
2026,PRM,328171115.0
2026,SH,327850034.0
2026,MRNA,327367184.5
2026,FDXF,326229639.5
2026,ABSI,325507412.0
2026,AADX,324941770.0
2026,USHY,323855608.0
2026,CWEN,323833241.0
2026,LFTO,323212114.0
2026,ILMN,322608339.0
2026,PLTD,322232733.0
2026,FITB,322213791.5
2026,FPS,321964868.0
2026,CLIP,321743028.0
2026,TEM,321665778.0
2026,SRE,321190342.5
2026,HUBB,320466029.5
2026,AZN,319929295.5
2026,EXE,319838772.0
2026,FISV,319307438.5
2026,AVUS,319275154.0
2026,VGNT,318951520.0
2026,CPRT,318667147.5
2026,LCII,318258550.0
2026,LCII,318258550.0
2026,NVT,318078406.0
2026,BW,318013923.0
2026,IBRX,317003167.0
2026,PTGX,313946669.0
2026,FCUV,313941762.0
2026,BP,313420051.5
2026,CAST,312965480.0
2026,EQT,312908558.5
2026,LYB,312732959.0
2026,KNX,312141064.5
2026,VTEB,312064165.5
2026,KVUE,311776671.0
2026,DXST,310147209.0
2026,ENPH,309194776.0
2026,FERG,309125401.5
2026,HUBS,308517562.0
2026,CLSK,308144779.0
2026,TE,307890323.0
2026,AA,307468432.5
2026,PYLD,307296583.0
2026,LUNR,307117916.0
2026,CNQ,306670854.5
2026,SIXD,306533820.0
2026,VNQ,305092275.0
2026,SIXZ,305086214.0
2026,OKE,304819759.5
2026,NKTR,304663398.0
2026,LASR,304593425.0
2026,MRCY,304531530.0
2026,DHI,304250893.0
2026,ATI,304172071.0
2026,CORZ,303783622.0
2026,KHC,303783562.0
2026,LAMR,303573445.0
2026,AIRR,303374049.0
2026,PSI,303325404.0
2026,XPO,302770957.5
2026,IR,302747956.5
2026,ITOT,302568883.5
2026,PCT,302541957.0
2026,RF,302269136.5
2026,USAR,301349930.0
2026,IVT,301181278.0
2026,DTCR,301033434.0
2026,BKR,300906355.0
2026,WCN,300784443.5
2026,ESE,300420951.0
2026,SCHR,299861302.0
2026,DLTR,299735215.5
2026,BB,299473032.5
2026,ROK,299236124.5
2026,UPRO,299052604.5
2026,XHB,298678922.0
2026,JMTG,298385268.5
2026,OUT,298156218.0
2026,MET,297974574.0
2026,CCJ,297670523.0
2026,SIGI,297417349.0
2026,COPX,297347072.5
2026,NRG,297137767.5
2026,ARGX,296901458.0
2026,EL,296753077.5
2026,MXL,296662613.0
2026,TXG,295959363.0
2026,VCSH,294922258.0
2026,POET,294634040.0
2026,AFL,294191163.5
2026,VIAV,294017128.0
2026,TRGP,293900626.5
2026,FAST,293369184.0
2026,EME,292467712.0
2026,TSPA,292022350.0
2026,INDA,291463610.0
2026,STLD,291435207.5
2026,SCHG,291357377.5
2026,DG,291341533.0
2026,WWD,291292134.0
2026,W,291127966.5
2026,MLM,290920239.5
2026,STZ,290032311.5
2026,MDLN,289896636.5
2026,SPYG,289551508.0
2026,NTST,289412320.5
2026,VTR,289210995.5
2026,AVGX,289063270.0
2026,RBRK,288853695.0
2026,NVD,288757734.0
2026,FSLY,288454487.5
2026,NASA,288431306.5
2026,WOLF,288406799.0
2026,WPM,287970825.5
2026,JHG,287736195.0
2026,GPOR,287339027.5
2026,PRIM,287231654.0
2026,CFG,287224761.0
2026,AFRM,286321470.5
2026,IBB,286216096.0
2026,ARES,286054349.0
2026,SOC,285340627.0
2026,NTRA,285237334.0
2026,SNA,284788540.5
2026,ACA,284535585.5
2026,ACHC,284423053.0
2026,AMP,284314283.5
2026,RAM,283641421.0
2026,DKNG,283152976.0
2026,DKNG,283152976.0
2026,BBY,282499482.0
2026,KRYS,282077221.0
2026,LSCC,281602328.5
2026,WFRD,281454111.5
2026,CDW,281358037.0
2026,FTI,281119606.0
2026,USFD,280892776.0
2026,IQV,280576479.5
2026,IQV,280576479.5
2026,GEHC,279471007.0
2026,SHAZ,279262439.0
2026,EFV,279117591.0
2026,FCEL,279073650.0
2026,IYE,277693325.0
2026,PFG,277218564.0
2026,PCG,276240884.0
2026,VIG,276031868.0
2026,BHP,275364698.0
2026,CMS,275244922.0
2026,SDOT,275150473.5
2026,RIO,275127125.0
2026,SLAB,274490270.5
2026,A,274441530.0
2026,FRSH,273951920.5
2026,MAGS,273855646.0
2026,GTLS,273800739.0
2026,GH,273637592.5
2026,TNGX,273442060.0
2026,LPLA,273300868.0
2026,EMXC,272897466.0
2026,CBRE,272842556.5
2026,CBRE,272842556.5
2026,AWK,272691971.0
2026,MAN,272628933.0
2026,FOX,272515625.0
2026,DKS,272222072.0
2026,SUNB,272197572.0
2026,NVS,271719921.5
2026,PSA,271533865.0
2026,IBP,271448687.0
2026,MP,271293987.0
2026,CUPR,271152025.5
2026,EFX,270897208.0
2026,MUD,270662100.0
2026,EROC,270579501.0
2026,LUV,270474374.5
2026,CSL,270072076.0
2026,AMDL,270045605.0
2026,BKD,269869113.0
2026,JBHT,269605574.0
2026,SMR,269449773.0
2026,AEIS,269163413.5
2026,JPST,268879384.0
2026,IWB,268654340.0
2026,MTD,268411873.0
2026,IWP,268215648.0
2026,JEPI,268202381.5
2026,VSEC,268139431.0
2026,TIP,268031207.5
2026,SE,267989710.5
2026,QXO,267790291.0
2026,TOST,267772168.0
2026,SCHB,267623653.0
2026,FIVE,267386678.5
2026,ALHC,267331523.0
2026,GLOB,267284447.0
2026,CNC,266068942.0
2026,SHY,265240419.5
2026,BOXX,265147273.5
2026,GL,264893840.0
2026,SNEX,264658654.0
2026,KEY,264539284.0
2026,COHU,264394538.0
2026,METU,264287378.0
2026,UMBF,264283510.0
2026,UUUU,263471132.5
2026,QID,262955980.5
2026,KMI,262549929.5
2026,MAC,261468087.5
2026,WSM,260773865.0
2026,HLI,260699836.0
2026,PAY,260682882.0
2026,JNK,260552358.0
2026,RMD,260498347.5
2026,GSAT,260372345.0
2026,SIMO,259523407.0
2026,IVW,259445476.0
2026,SW,258980858.0
2026,OMC,258741986.0
2026,SIRI,258740050.0
2026,CTVA,258393235.0
2026,GNRC,258200985.0
2026,QNT,258168093.5
2026,GFS,258129252.5
2026,SYY,258018711.5
2026,ATAI,257516575.0
2026,SLS,257412651.0
2026,ATPC,257334720.0
2026,AU,257054325.0
2026,NVMI,256977465.0
2026,MIDD,256597105.5
2026,ALM,256178966.0
2026,FLUT,256164246.0
2026,SNX,255748570.0
2026,SCO,255587505.0
2026,NWS,255308078.0
2026,QTEX,254972482.0
2026,ICVT,254815321.0
2026,VGLT,254791936.0
2026,EPRT,254211159.0
2026,AME,253809645.0
2026,INIO,253564689.0
2026,OCC,253499482.0
2026,IVZ,253338142.0
2026,LEN,253319686.0
2026,ESGE,253075324.5
2026,UL,253033760.0
2026,JAAA,252851822.0
2026,ATO,252603448.0
2026,FLNC,252557645.0
2026,BIDU,252527046.0
2026,STIP,252292803.0
2026,BLZE,252241789.5
2026,NXT,252048732.5
2026,VGK,251946055.0
2026,DRI,251367226.5
2026,JEF,251278382.0
2026,TRNO,251273547.0
2026,ADM,251187057.0
2026,BIRD,250876487.0
2026,ETHU,250546812.0
2026,TMDX,250427982.0
2026,QLYS,250367090.0
2026,XRAY,250251728.0
2026,CELH,250250046.0
2026,SCCO,249781985.5
2026,KBH,249133400.0
2026,PSKY,248999325.0
2026,JCPB,248855923.5
2026,UVIX,248729509.5
2026,PTCT,248522320.0
2026,RHP,248487491.5
2026,SHV,248272881.0
2026,PBF,248228128.0
2026,CM,248132849.0
2026,CAMT,247808617.0
2026,PTC,247806491.0
2026,SU,247653593.0
2026,TTC,247383555.0
2026,MTN,247342253.0
2026,DIOD,247309172.0
2026,QSR,247056794.0
2026,AIG,247036206.5
2026,GPN,246879002.5
2026,VIK,246751723.0
2026,SYRE,246679360.0
2026,NEXR,246427568.0
2026,UGL,246276136.0
2026,URA,246116890.0
2026,IXJ,246031262.0
2026,AOS,245954057.0
2026,LION,245619359.0
2026,EWW,245595573.0
2026,XMTR,245337540.0
2026,BTI,245284810.5
2026,SYNA,245267857.0
2026,AROC,245148012.5
2026,USFR,244661062.0
2026,CF,244417324.0
2026,PBR,243597262.0
2026,FEZ,243335331.0
2026,INFQ,243238363.5
2026,PRAX,243200298.0
2026,VTWO,242960627.0
2026,EWA,242681567.0
2026,TSLG,242519290.0
2026,PENG,242365854.5
2026,VECO,242093032.0
2026,VONV,241920077.0
2026,TVTX,241765392.0
2026,TVTX,241765392.0
2026,AGQ,241524888.0
2026,HTZ,241371403.5
2026,CWST,241068873.0
2026,WEC,240933391.0
2026,PB,240716519.0
2026,LGN,240523318.0
2026,IYM,240419896.5
2026,LBRT,240332902.5
2026,RWM,240305643.0
2026,SF,240050613.0
2026,PSQ,240008291.5
2026,BNTX,239900403.0
2026,FDS,239820552.0
2026,EEMA,239699600.0
2026,MTB,239607318.0
2026,BWA,239466674.0
2026,TECH,239459126.5
2026,ROP,239330606.5
2026,DTM,238856022.0
2026,URTH,238674378.0
2026,RL,238463672.0
2026,HUBC,238452908.0
2026,IVE,238365799.5
2026,TNMG,238350749.0
2026,XME,238236514.0
2026,CAVA,237670246.0
2026,CZR,237578833.0
2026,AIR,237438341.0
2026,OWL,237415872.5
2026,NRIX,237256000.0
2026,XLRE,236933529.5
2026,INFY,236915783.0
2026,TECL,236842501.5
2026,JUNW,236674538.0
2026,MULL,236165749.0
2026,SAM,236035595.0
2026,CHE,236035594.0
2026,MSTZ,236016833.0
2026,Q,235999561.0
2026,SNY,235888793.0
2026,TSDD,235746835.0
2026,VHT,235728810.0
2026,EOSE,235519716.5
2026,EOSE,235519716.5
2026,GWRE,235361206.0
2026,CGNX,235137662.0
2026,TXRH,235132227.5
2026,FA,234848199.0
2026,EWBC,234778537.0
2026,ERAS,234752356.0
2026,SSRM,234709974.5
2026,SAIA,234635699.0
2026,VICI,234460233.0
2026,KGS,234383777.0
2026,ARWR,234381940.0
2026,FBTC,234318800.0
2026,ITB,234096237.0
2026,RJF,233975359.0
2026,IWS,233674358.5
2026,GME,233654939.0
2026,VICR,233165946.5
2026,TKO,232867816.0
2026,CBT,232800340.0
2026,XLG,232656737.0
2026,SPIB,232642795.5
2026,SPTL,232537638.5
2026,KBWB,232391775.5
2026,GGAL,232221813.0
2026,ELVN,232047169.0
2026,FLRN,231546128.0
2026,WST,231514795.5
2026,SYF,231161316.0
2026,IESC,231097245.0
2026,CVLT,230949148.5
2026,ESI,230821621.0
2026,CMC,230768561.0
2026,BHYB,230767619.0
2026,CSGP,230256349.5
2026,JHX,229631512.0
2026,HIG,229609389.5
2026,OLN,229609092.0
2026,THC,229597783.0
2026,VUSB,229568269.0
2026,AZI,229477979.0
2026,UTHR,229415235.5
2026,TYL,229079664.5
2026,DBX,228865896.0
2026,CNP,228778417.5
2026,WY,228734227.0
2026,KMPR,228727021.0
2026,BAP,228724122.5
2026,SRTY,228714052.0
2026,ORCX,228445910.5
2026,ROL,228392009.0
2026,NGG,228350025.0
2026,PSLV,228349141.0
2026,VSXY,228332655.0
2026,LQDA,228278692.0
2026,BROS,228198976.0
2026,VMI,228068032.5
2026,RH,227989553.0
2026,USMV,227718947.0
2026,SHLD,227539069.0
2026,PLSM,227535754.0
2026,GGLL,227453145.0
2026,MRVU,227437302.0
2026,SKYQ,227237521.0
2026,CLF,227161057.0
2026,AGX,227040582.5
2026,IYW,226992006.0
2026,SDS,226944302.0
2026,WBS,226935659.5
2026,AIQ,226933220.0
2026,ED,226926137.5
2026,IEUR,226481947.0
2026,MUZ,226309220.0
2026,VB,226291422.5
2026,IWO,226008131.0
2026,ROIV,225952344.0
2026,ESI,225623013.5
2026,PBUS,225548526.0
2026,FCNCA,225391359.5
2026,RUN,225335979.0
2026,AAPU,225231220.0
2026,CAG,225198247.0
2026,ARKG,225178136.0
2026,SCHF,225152566.5
2026,BWXT,225148350.0
2026,WTS,225103935.0
2026,CYTK,225091235.0
2026,LGND,225052084.0
2026,SPHR,224978912.5
2026,FTEC,224902300.0
2026,FCFS,224801085.0
2026,TGTX,224791105.0
2026,CLX,224731136.0
2026,VSME,224432457.0
2026,DXYZ,224369376.0
2026,VGIT,224226983.5
2026,DY,224135650.5
2026,ICHR,223747781.0
2026,CDNL,223702715.0
2026,MGK,223588654.0
2026,VLUE,223329921.0
2026,KTOS,223291230.0
2026,IOT,223178536.0
2026,VXX,222869439.0
2026,FCN,222740893.0
2026,ELF,222669871.0
2026,BIV,222577647.0
2026,GELS,222441279.0
2026,RRC,222346466.0
2026,LII,222193048.5
2026,RVTY,222147646.0
2026,VSAT,222116999.0
2026,AXSM,221788803.0
2026,LAC,221768823.0
2026,ONB,221758654.0
2026,P,221758229.5
2026,BALL,221216614.0
2026,EHC,221170284.0
2026,DPZ,220779931.0
2026,TGRT,220670218.0
2026,LEU,220589150.0
2026,EXPD,220569799.0
2026,CG,220182420.0
2026,BAND,220152593.0
2026,MIRM,220135615.0
2026,OTIS,220086340.0
2026,OTIS,220086340.0
2026,PKG,220010447.5
2026,ZBRA,219855484.0
2026,HSCS,219776873.0
2026,VYM,219484890.0
2026,JAZZ,219233501.0
2026,HST,219232705.0
2026,AAPD,219214317.0
2026,QURE,218868419.0
2026,KGC,218780085.0
2026,JBLU,218695872.0
2026,ACHR,218468357.5
2026,VELO,218245391.5
2026,IWV,218240051.5
2026,BEN,218070691.0
2026,BJ,218015323.0
2026,SCHH,217971747.0
2026,JD,217556150.0
2026,TAGG,217356742.0
2026,CCK,217326701.5
2026,IDCC,217045322.0
2026,RRX,216801624.0
2026,BURL,216799322.0
2026,URTY,216725412.0
2026,ALGM,216568987.0
2026,GDDY,216516644.0
2026,TSN,216334657.5
2026,CHRW,216067444.0
2026,MNDY,215806798.0
2026,SIVR,215778907.0
2026,BG,215703596.0
2026,TW,215572584.0
2026,PVH,215485096.5
2026,VCYT,215425757.0
2026,PAVE,215102415.0
2026,SPEM,215014873.5
2026,LUMN,214860520.0
2026,RCAT,214490928.0
2026,CHKP,214467689.5
2026,BKLN,214431427.5
2026,VONG,214382420.0
2026,AAMI,214238296.0
2026,SN,214111302.0
2026,LITX,214072396.5
2026,SPHL,214012461.0
2026,VRSN,213957245.5
2026,GLXY,213822761.5
2026,MGM,213446177.0
2026,CRL,213423483.5
2026,PCOR,213258986.5
2026,SPXC,212916841.5
2026,SPHQ,212726572.0
2026,FTCS,212576453.0
2026,EWC,212459777.0
2026,UEC,212316321.0
2026,BRK.A,212284000.0
2026,WPC,212232829.5
2026,TTEK,212096125.5
2026,KLIC,211859022.0
2026,IGSB,211832527.0
2026,IDEV,211716124.0
2026,NVTX,211509886.0
2026,TROW,211481996.0
2026,HGER,211402170.0
2026,FIS,211334015.0
2026,MDGL,211235593.0
2026,MDGL,211235593.0
2026,EQH,211160883.5
2026,CIBR,211053921.0
2026,FNV,210922189.5
2026,BTSG,210850462.0
2026,TEX,210784083.0
2026,CNM,210731559.0
2026,FLY,210462069.0
2026,LH,210437553.5
2026,IAUM,210314626.0
2026,DAR,210194692.0
2026,H,210178122.5
2026,OC,210049843.0
2026,CELZ,209731733.0
2026,WCC,209715982.5
2026,UVXY,209582849.5
2026,FLTW,209432406.0
2026,PAAS,209408171.0
2026,ASND,209245154.5
2026,PODD,209236721.0
2026,FFIV,209092530.5
2026,TLH,208963166.0
2026,UMAC,208885058.0
2026,BELFB,208736293.5
2026,IWR,208651517.0
2026,COMP,208202141.5
2026,CHD,208064622.0
2026,BNS,207940078.0
2026,JLL,207732117.0
2026,SNDQ,207724066.0
2026,HDB,207651678.0
2026,EGO,207555768.0
2026,OPEN,207463506.5
2026,OKLL,207398514.5
2026,INCY,207236483.0
2026,NOWL,207133708.5
2026,USD,207092706.5
2026,IYZ,206936171.0
2026,SSO,206850230.0
2026,QRVO,206810304.5
2026,DYNF,206597380.0
2026,OCTW,206390788.0
2026,MEDP,206340926.0
2026,MOH,206330216.0
2026,OSCR,206260686.5
2026,XOVR,206214310.5
2026,LYFT,206023341.0
2026,CHWY,205898921.0
2026,CVE,205831516.5
2026,VOYG,205768799.5
2026,VEU,205746092.0
2026,FTAI,205382625.0
2026,AEE,205377063.0
2026,AG,204874933.5
2026,POWL,204845461.0
2026,JBS,204778600.5
2026,BTCZ,204660236.0
2026,ITA,204525814.0
2026,SCHO,204512387.0
2026,DOCU,204503027.0
2026,IALT,204485794.5
2026,TECK,204448527.0
2026,PHYS,204293102.0
2026,LVS,204187421.5
2026,CP,204114962.0
2026,IXUS,204090197.5
2026,ZETA,203969300.0
2026,ERIC,203866983.0
2026,VKTX,203861708.0
2026,AUR,203814954.0
2026,SEDG,203738690.0
2026,BLDR,203702606.0
2026,PLUG,203649865.0
2026,HSBC,203535464.0
2026,COO,203512760.0
2026,OUST,203368723.5
2026,FUTU,203354218.0
2026,KIM,202899439.0
2026,R,202827921.0
2026,UCO,202690605.0
2026,AVAV,202504741.0
2026,GTLB,202130787.0
2026,TWST,201852154.0
2026,TRU,201836920.0
2026,INTW,201798991.0
2026,ACLS,201639063.0
2026,FNGU,201555669.0
2026,TTAN,201504393.0
2026,AMZU,201449566.0
2026,CGSM,201427075.0
2026,AMC,201414387.0
2026,ITUB,201328835.0
2026,DOV,201300002.0
2026,RPRX,201285673.0
2026,BBIO,201021417.0
2026,BNAI,200989561.0
2026,VFC,200849953.0
2026,GSK,200483244.0
2026,ITT,200416351.5
2026,COCO,200393582.5
2026,SWK,200274945.0
2026,SPLV,200221270.0
2026,GPC,200210856.5
2026,NTR,200026849.0
2026,RYTM,199924884.0
2026,NI,199737976.0
2026,SMCX,199658181.0
2026,LYG,199597678.0
2026,CPAY,199592615.0
2026,NTNX,199536830.0
2026,NDSN,199525691.0
2026,DAVE,199309587.5
2026,TDY,199292721.5
2026,DUOL,199279948.0
2026,SGI,199244545.0
2026,MKC,199055070.0
2026,VFH,199023286.0
2026,ACMR,198966852.0
2026,SNDU,198883131.0
2026,SNAP,198851307.0
2026,ELTX,198797409.0
2026,BNO,198746702.0
2026,ASTX,198710793.5
2026,AVEX,198697669.0
2026,BTDR,198680974.0
2026,AES,198535795.0
2026,CNI,198455154.5
2026,WDCX,198447355.0
2026,TDIC,198256390.0
2026,BRKR,198236882.0
2026,AVL,198160866.0
2026,HIVE,198012422.0
2026,INOD,197928713.5
2026,PAYC,197783206.5
2026,PEN,197696081.0
2026,TRP,197687967.5
2026,WSO,197643531.0
2026,DT,197624126.0
2026,QLTA,197587257.0
2026,TMF,197571191.5
2026,PBR.A,197556366.0
2026,BSY,197436876.5
2026,AHR,197212952.0
2026,AXTA,197132182.0
2026,IRM,196856967.0
2026,ILF,196804627.5
2026,IUSB,196690793.0
2026,MBB,196632248.5
2026,USIG,196589013.5
2026,USIG,196589013.5
2026,AAAU,196580085.0
2026,BKH,196446719.0
2026,OVV,196422965.0
2026,OVV,196422965.0
2026,SAN,196421602.0
2026,GRMN,196323620.5
2026,ADPT,196157981.0
2026,XYL,196101071.0
2026,IONS,196039596.5
2026,COGT,196008992.5
2026,TENB,195973734.0
2026,MOS,195890127.0
2026,QUBT,195882130.0
2026,IBN,195816208.0
2026,ICLR,195716296.5
2026,WAB,195702063.0
2026,PR,195588255.0
2026,AEHR,195486356.0
2026,DD,195383841.5
2026,ACGL,195358245.5
2026,IGIB,195263422.0
2026,SANM,195207055.0
2026,FRMI,195126621.0
2026,BR,194995839.0
2026,ACWX,194962691.0
2026,DGRW,194739854.0
2026,WING,194724228.5
2026,LDOS,194701520.5
2026,DFCF,194650673.0
2026,CPB,194539816.0
2026,ES,194470777.0
2026,MCHI,194445864.0
2026,PURR,194396753.0
2026,RIG,193985411.5
2026,ESGU,193916189.0
2026,MTCH,193911388.0
2026,FROG,193822762.0
2026,HEI,193748113.0
2026,MSFU,193555773.0
2026,LAZ,193424372.0
2026,UBXG,193379367.0
2026,UBXG,193379367.0
2026,BIIB,193363705.0
2026,ENVA,193322786.5
2026,RMSG,193273962.0
2026,PEG,193235825.5
2026,PHM,193178982.0
2026,POOL,193174946.0
2026,SPCF,193002374.0
2026,BBAI,192848209.0
2026,UDOW,192747224.0
2026,SPDW,192737005.0
2026,PPG,192613407.5
2026,AER,191876501.5
2026,PNR,191859633.5
2026,BNDX,191783357.0
2026,REET,191648305.0
2026,NLY,191525884.0
2026,CURB,191494828.0
2026,TOL,191489125.0
2026,QTUM,191446845.0
2026,RNR,191423300.0
2026,PRU,191183637.0
2026,FSEC,191112416.0
2026,BAI,190972063.0
2026,CFR,190928335.0
2026,UHS,190784591.0
2026,TCOM,190683083.0
2026,VDE,190636321.0
2026,MUSA,190626895.0
2026,LNT,190600189.0
2026,CPT,190580728.5
2026,EQR,190531642.0
2026,UNF,190530920.0
2026,KMX,190495499.0
2026,IP,190241805.0
2026,HII,190230255.0
2026,TD,190166051.0
2026,DTE,190149646.0
2026,OLLI,190011254.5
2026,RACE,190003906.0
2026,RGEN,189966317.0
2026,FE,189880208.0
2026,DECK,189687825.0
2026,JKHY,189601813.5
2026,BITX,189580461.5
2026,DEO,189402241.0
2026,AVB,189312914.0
2026,APTV,189140705.0
2026,ALGN,189089140.0
2026,FENI,189047005.0
2026,FTV,188566259.5
2026,CRBG,188361073.0
2026,ARMK,188326672.5
2026,EPAM,188296952.5
2026,AGNC,188136333.0
2026,UCTT,188074163.0
2026,GKOS,188046790.0
2026,ASO,187981171.0
2026,VLY,187865724.5
2026,EVRG,187837412.0
2026,BCRX,187749203.0
2026,GAP,187742963.0
2026,FORM,187738798.0
2026,SCI,187684952.0
2026,GRAB,187444512.5
2026,LOGI,187356644.0
2026,RYAN,187243907.0
2026,WCT,187131950.0
2026,SNK,187031225.0
2026,WYFI,187006250.0
2026,SPCU,186950268.0
2026,DRIP,186668328.0
2026,FWONK,186570762.0
2026,CART,186544589.0
2026,TEVA,186437098.0
2026,VBR,186162604.0
2026,AMRZ,185945381.0
2026,SPMD,185921123.0
2026,SEI,185902789.5
2026,LNTH,185868643.5
2026,EXR,185811238.0
2026,CGDV,185783416.0
2026,CRSP,185691454.0
2026,VLTO,185578337.0
2026,NTLA,185534300.0
2026,BAM,185350787.0
2026,SDOW,185324304.0
2026,AGI,185275755.0
2026,U,185265341.0
2026,EQX,185219594.5
2026,PFGC,185191349.0
2026,AVT,185152802.0
2026,NNBR,185111758.0
2026,CW,185088071.5
2026,NIO,184929167.5
2026,FRT,184873703.0
2026,ONON,184842441.5
2026,SOLS,184799577.5
2026,SOLS,184799577.5
2026,MAS,184781527.5
2026,APA,184775993.5
2026,FELC,184703612.5
2026,SILJ,184677534.0
2026,STE,184640677.5
2026,SGOL,184476791.0
2026,SJM,184424019.0
2026,SPHY,184376819.0
2026,SPHY,184376819.0
2026,VO,184328734.0
2026,TPL,184231761.0
2026,TECS,184202326.0
2026,CROX,184199716.0
2026,SPYI,184152552.0
2026,AVEM,184139607.5
2026,AYI,184008514.0
2026,ETSY,183983041.0
2026,IEI,183728456.0
2026,IWN,183571890.0
2026,FRO,183482607.0
2026,EVR,183404970.0
2026,IQMM,183371680.0
2026,HNGE,183343421.5
2026,AMZD,183246756.5
2026,SCHV,183214227.0
2026,SMHC,183184889.0
2026,ARE,183171697.5
2026,PAVS,183112947.0
2026,EWTX,183108034.0
2026,PPTA,183082703.0
2026,APG,182836244.5
2026,ALKS,182765921.0
2026,EDHL,182737388.0
2026,GDXU,182584810.5
2026,MASI,182527476.0
2026,TRI,182477273.0
2026,MIAX,182269005.0
2026,MSTU,182240551.0
2026,AMG,182218418.0
2026,WTW,182161398.0
2026,PNW,181916569.0
2026,NWSA,181809550.5
2026,VBIL,181772211.0
2026,AVUV,181753724.5
2026,RBC,181572298.5
2026,CHDN,181388052.0
2026,VTIP,181364104.0
2026,SOLV,181149318.5
2026,FLDR,181125210.0
2026,BINC,180971464.0
2026,SUI,180926589.0
2026,TTE,180618089.0
2026,NVR,180539965.0
2026,RKLX,180514844.0
2026,VGSH,180243649.0
2026,GOVT,180199871.0
2026,VTRS,180133642.0
2026,INDP,180082983.0
2026,CNH,180033017.5
2026,KBE,179915123.0
2026,OIH,179889968.0
2026,WMS,179829491.5
2026,GFI,179821053.0
2026,AS,179805752.0
2026,GRID,179734986.5
2026,VYMI,179606690.0
2026,RS,179601340.0
2026,QS,179594867.0
2026,FHN,179515922.5
2026,FLS,179499731.0
2026,AI,179488430.0
2026,IT,179446712.0
2026,RPV,179445265.0
2026,EXEL,179426297.0
2026,LTH,179399276.0
2026,BRO,179358950.0
2026,TVAL,179294876.0
2026,PICK,179015698.0
2026,ENS,178981301.0
2026,ELAN,178935840.0
2026,HDV,178878353.5
2026,NAVN,178857141.0
2026,NBIX,178759441.0
2026,AMPX,178462312.0
2026,DBRG,178254714.0
2026,DBRG,178254714.0
2026,ESGV,178244914.0
2026,EQNR,178229497.5
2026,BOOT,178203522.0
2026,PNFP,178156599.0
2026,IRE,178149424.0
2026,MRLN,178050813.0
2026,SOUN,177975644.0
2026,HBM,177846047.0
2026,VIXY,177587856.0
2026,OHI,177483228.0
2026,TXT,177167006.5
2026,SXT,177078000.0
2026,ALLE,177048515.5
2026,SPAB,177036756.0
2026,DGX,176970035.0
2026,NTES,176935542.0
2026,ENSG,176742993.5
2026,SPSM,176736495.0
2026,GEN,176674535.0
2026,BN,176629131.0
2026,ET,176613579.0
2026,SFM,176584828.0
2026,EIX,176531499.0
2026,GFL,176501284.0
2026,CCEP,176448002.0
2026,EZU,176421104.0
2026,RAMP,176140124.0
2026,CACC,176135649.0
2026,EG,176043582.0
2026,SLBT,175961773.0
2026,INVH,175909867.5
2026,GLL,175892100.0
2026,MFC,175836738.0
2026,SBAC,175800340.0
2026,NVDX,175794707.5
2026,FER,175773191.0
2026,DINO,175671996.0
2026,BSV,175643146.5
2026,QTEC,175550427.0
2026,RLAY,175535529.0
2026,SIG,175509136.0
2026,FND,175418220.0
2026,KRMN,175361847.0
2026,MT,175315597.5
2026,DXD,175079503.0
2026,OEF,174976809.0
2026,BIRK,174964695.5
2026,UNM,174862687.0
2026,FIGR,174851777.5
2026,M,174843002.0
2026,ORA,174673452.0
2026,BAH,174660588.5
2026,AR,174625414.0
2026,Z,174518773.5
2026,FTGC,174460736.0
2026,EAT,174245265.0
2026,CGGR,174193326.0
2026,NAIL,173970278.0
2026,REG,173889724.5
2026,MYRG,173688339.0
2026,PFF,173666077.5
2026,BTE,173481864.0
2026,RAL,173476384.0
2026,IEZ,173284532.0
2026,IWY,173267363.0
2026,ESS,173147136.0
2026,DVA,173144412.0
2026,ENB,173107214.5
2026,FLOT,173106127.0
2026,MSGS,172984942.5
2026,MSGS,172984942.5
2026,ST,172983615.0
2026,CHRD,172741969.0
2026,WRB,172674313.0
2026,QYLD,172467620.0
2026,VOYA,172416685.5
2026,LMND,172286651.0
2026,DOC,172226473.0
2026,DOC,172226473.0
2026,NUGT,172195135.0
2026,CAKE,172175398.0
2026,BIO,171887939.0
2026,ALK,171807386.0
2026,HEI.A,171768549.0
2026,SM,171626241.0
2026,HAS,171607058.5
2026,RHI,171572477.0
2026,PBLS,171512057.0
2026,IGM,171506755.0
2026,TIGO,171489991.5
2026,HR,171383865.0
2026,BCS,171357273.0
2026,ESLT,171334584.0
2026,NXST,171267988.0
2026,GMED,171251406.0
2026,IRDM,171110870.0
2026,FLR,170942487.5
2026,LFUS,170930519.0
2026,RDWU,170638588.0
2026,NOTV,170599708.0
2026,ZSL,170570871.0
2026,ESTC,170531259.0
2026,IFF,170403726.0
2026,KNSL,170356867.0
2026,SCHE,170319103.0
2026,IUSG,169889501.0
2026,BXP,169873351.0
2026,KALV,169840624.0
2026,ING,169806357.0
2026,MLYS,169736567.0
2026,VOOG,169604701.5
2026,TBIL,169547492.0
2026,BBWI,169433414.0
2026,BTU,169421199.0
2026,ARW,169395372.0
2026,LABU,169110813.0
2026,UDR,169056218.0
2026,IHI,168999098.0
2026,ASHR,168911403.0
2026,VG,168701531.0
2026,IPGP,168686088.0
2026,SPYV,168462995.5
2026,AVTR,168231384.0
2026,PTEN,168210252.0
2026,BJDX,168158538.0
2026,J,168151063.0
2026,J,168151063.0
2026,CENX,168086058.0
2026,MAA,167986526.5
2026,GDS,167826189.0
2026,VC,167815564.0
2026,UTI,167807341.0
2026,IGLB,167747160.0
2026,SAIL,167722468.0
2026,PLTU,167513628.0
2026,PDBC,167463555.5
2026,NEBX,167425413.0
2026,UFO,167370771.0
2026,SPSB,167212486.5
2026,AVS,167153985.0
2026,BBD,166957688.5
2026,TKR,166734350.0
2026,BBJP,166574178.0
2026,ZBH,166312050.0
2026,ALLY,166240342.5
2026,FBND,165834641.5
2026,MINT,165740896.5
2026,TAP,165684391.0
2026,IXC,165675539.0
2026,RBA,165575141.0
2026,DFAC,165558005.0
2026,NTRS,165345018.5
2026,WYNN,165284771.0
2026,IUSV,165123429.0
2026,LCID,165121742.0
2026,XSD,165100734.0
2026,TAN,165084394.0
2026,ACI,165010185.0
2026,NYT,164918507.0
2026,IOO,164905937.0
2026,CACI,164611547.5
2026,DGRO,164347636.0
2026,ZION,164248470.5
2026,EFG,164223063.0
2026,SSNC,164168770.5
2026,AAON,164143110.0
2026,XE,164066910.0
2026,BMO,163788003.0
2026,BUD,163722033.0
2026,HALO,163441461.0
2026,IYF,163302775.5
2026,IYH,163289708.0
2026,TRMB,163268045.0
2026,LSTR,163140065.0
2026,ACM,163049003.0
2026,TPG,162955703.0
2026,S,162874462.0
2026,RDVY,162764427.0
2026,FRVO,162707682.0
2026,MGY,162596566.0
2026,SHAK,162347836.0
2026,NNE,161964049.0
2026,ARMG,161888073.0
2026,RGLD,161799936.0
2026,BMNU,161624812.5
2026,GSY,161367253.0
2026,GBIL,161289835.0
2026,IEX,161068611.0
2026,TRIP,160650689.0
2026,WEX,160367964.0
2026,GTOC,160200579.0
2026,CCTG,160163538.0
2026,KTB,160154928.0
2026,AMLP,160000103.0
2026,SONY,159940268.0
2026,MKL,159873513.5
2026,AMCR,159847413.5
2026,UPST,159768942.0
2026,FNDX,159755326.0
2026,AEMS,159664379.0
2026,UBS,159612738.0
2026,NOV,159499743.5
2026,SPAL,159479316.0
2026,NWG,159165924.0
2026,ABAT,159151136.0
2026,VBK,158433882.0
2026,SKYY,158425295.0
2026,YPF,158399297.5
2026,BMRN,158269558.0
2026,SIL,158176616.0
2026,AIZ,157971176.0
2026,ALC,157904483.0
2026,HCC,157862621.0
2026,SBIT,157826760.0
2026,ARTY,157686984.0
2026,JAN,157674585.0
2026,ICLN,157379542.0
2026,EPD,157300230.0
2026,RZLV,157170198.0
2026,CWB,157085699.0
2026,VSS,157081772.0
2026,AVY,157041099.0
2026,HIMX,156770329.0
2026,BAX,156249744.0
2026,DXJ,156236370.5
2026,VXF,155806612.0
2026,TM,155564150.0
2026,WHR,155288320.0
2026,AAP,155079522.0
2026,HRI,154847781.0
2026,FAS,154073156.5
2026,TSLQ,153833266.0
2026,AIT,153374175.0
2026,CONL,153276005.0
2026,ESAB,153258256.0
2026,CTRE,152662862.0
2026,SQM,152406116.0
2026,STLA,151351655.0
2026,SARO,151343121.0
2026,CLH,151261563.0
2026,SVXY,150932835.5
2026,XPEV,150665959.0
2026,BCE,150407170.0
2026,RONB,150366609.0
2026,THRO,150360694.0
2026,ANF,150345401.0
2026,GGB,149737051.0
2026,TCAF,149532278.0
2026,PVAL,148824690.0
2026,OSK,148777110.0
2026,FDN,148675960.0
2026,WH,148626832.0
2026,YUMC,148343767.5
2026,SKM,148313338.0
2026,SLM,147968565.0
2026,ADTX,147022685.0
2026,IAGG,144759551.0
2026,KOLD,144098314.0
2026,LOFF,144016552.0
2026,PCTY,143203726.0
2026,TME,140575769.5
2026,CRWG,139428713.0
2026,NN,137366103.0
2026,LIT,137338070.0
2026,SPCQ,137164896.0
2026,SMMT,136137327.0
2026,CUBE,134666872.0
